3-2_(3√ﺫ-3√ﺫ)3√ﺫRequirementTable_[MW],,,,,,,,,,,,,,,,,,,,,,,,,,,,,,,,,,,,,,,,,,,,,,,,,,,,,,,,,,,,,,,,,,,,,,,,,,,,,,,,,,,,,,,,,,,,,,,,,,,,,,,,,,,
≈k├C±٩ 2026/4,0·`3└ﻼ,3·`6└ﻼ,6·`9└ﻼ,9·`12└ﻼ,12·`15└ﻼ,15·`18└ﻼ,18·`21└ﻼ,21·`24└ﻼ,≈k├C±٩ 2026/5,0·`3└ﻼ,3·`6└ﻼ,6·`9└ﻼ,9·`12└ﻼ,12·`15└ﻼ,15·`18└ﻼ,18·`21└ﻼ,21·`24└ﻼ,≈k├C±٩ 2026/6,0·`3└ﻼ,3·`6└ﻼ,6·`9└ﻼ,9·`12└ﻼ,12·`15└ﻼ,15·`18└ﻼ,18·`21└ﻼ,21·`24└ﻼ,≈k├C±٩ 2026/7,0·`3└ﻼ,3·`6└ﻼ,6·`9└ﻼ,9·`12└ﻼ,12·`15└ﻼ,15·`18└ﻼ,18·`21└ﻼ,21·`24└ﻼ,≈k├C±٩ 2026/8,0·`3└ﻼ,3·`6└ﻼ,6·`9└ﻼ,9·`12└ﻼ,12·`15└ﻼ,15·`18└ﻼ,18·`21└ﻼ,21·`24└ﻼ,≈k├C±٩ 2026/9,0·`3└ﻼ,3·`6└ﻼ,6·`9└ﻼ,9·`12└ﻼ,12·`15└ﻼ,15·`18└ﻼ,18·`21└ﻼ,21·`24└ﻼ,≈k├C±٩ 2026/10,0·`3└ﻼ,3·`6└ﻼ,6·`9└ﻼ,9·`12└ﻼ,12·`15└ﻼ,15·`18└ﻼ,18·`21└ﻼ,21·`24└ﻼ,≈k├C±٩ 2026/11,0·`3└ﻼ,3·`6└ﻼ,6·`9└ﻼ,9·`12└ﻼ,12·`15└ﻼ,15·`18└ﻼ,18·`21└ﻼ,21·`24└ﻼ,≈k├C±٩ 2026/12,0·`3└ﻼ,3·`6└ﻼ,6·`9└ﻼ,9·`12└ﻼ,12·`15└ﻼ,15·`18└ﻼ,18·`21└ﻼ,21·`24└ﻼ,≈k├C±٩ 2027/1,0·`3└ﻼ,3·`6└ﻼ,6·`9└ﻼ,9·`12└ﻼ,12·`15└ﻼ,15·`18└ﻼ,18·`21└ﻼ,21·`24└ﻼ,≈k├C±٩ 2027/2,0·`3└ﻼ,3·`6└ﻼ,6·`9└ﻼ,9·`12└ﻼ,12·`15└ﻼ,15·`18└ﻼ,18·`21└ﻼ,21·`24└ﻼ,≈k├C±٩ 2027/3,0·`3└ﻼ,3·`6└ﻼ,6·`9└ﻼ,9·`12└ﻼ,12·`15└ﻼ,15·`18└ﻼ,18·`21└ﻼ,21·`24└ﻼ
0·`10٪,0,0,0,0,10,18,0,0,0·`10٪,0,0,0,0,0,0,0,0,0·`10٪,0,0,0,0,0,0,0,0,0·`10٪,0,0,0,0,0,0,0,0,0·`10٪,0,0,33,38,43,48,0,0,0·`10٪,0,0,71,87,102,118,0,0,0·`10٪,0,0,54,55,56,57,0,0,0·`10٪,0,0,47,74,101,128,0,0,0·`10٪,0,0,13,52,90,128,0,0,0·`10٪,0,0,63,56,98,140,0,0,0·`10٪,0,0,58,19,21,77,0,0,0·`10٪,0,0,46,34,55,76,0,0
10·`20٪,0,0,0,0,93,70,0,0,10·`20٪,0,0,0,0,0,0,0,0,10·`20٪,0,0,0,0,0,0,0,0,10·`20٪,0,0,0,0,0,0,0,0,10·`20٪,0,0,51,71,80,46,0,0,10·`20٪,0,0,63,80,97,114,0,0,10·`20٪,0,0,64,71,77,83,0,0,10·`20٪,0,0,55,79,103,127,0,0,10·`20٪,0,0,77,72,67,101,0,0,10·`20٪,0,0,78,75,72,69,7,0,10·`20٪,0,0,67,42,72,102,8,0,10·`20٪,0,0,40,74,121,88,0,0
20·`30٪,0,0,0,0,176,107,0,0,20·`30٪,0,0,0,0,0,73,0,0,20·`30٪,0,0,0,0,0,0,0,0,20·`30٪,0,0,0,0,0,0,0,0,20·`30٪,0,0,68,104,116,86,0,0,20·`30٪,0,0,55,73,91,109,0,0,20·`30٪,0,0,74,86,98,109,0,0,20·`30٪,0,0,62,84,106,127,93,22,20·`30٪,0,0,140,92,102,73,30,23,20·`30٪,34,6,141,93,87,38,28,19,20·`30٪,22,37,116,64,62,104,29,0,20·`30٪,0,0,78,113,186,101,0,0
30·`40٪,0,0,0,159,259,149,52,8,30·`40٪,0,0,0,162,249,147,0,0,30·`40٪,0,0,0,54,54,53,15,0,30·`40٪,0,0,0,0,0,56,66,0,30·`40٪,0,0,86,137,152,125,65,0,30·`40٪,0,0,66,93,120,78,0,0,30·`40٪,0,0,63,93,122,122,137,112,30·`40٪,62,90,0,183,159,171,137,95,30·`40٪,10,67,74,188,137,86,104,93,30·`40٪,27,39,112,190,103,51,95,78,30·`40٪,23,65,165,87,82,77,97,87,30·`40٪,0,0,94,152,252,148,98,38
40·`50٪,0,0,0,184,251,189,113,8,40·`50٪,0,0,0,137,253,110,62,0,40·`50٪,1,39,102,118,109,93,97,0,40·`50٪,0,0,104,134,121,108,72,3,40·`50٪,24,56,104,170,188,206,122,55,40·`50٪,27,71,77,142,148,129,98,42,40·`50٪,0,0,53,167,146,134,185,152,40·`50٪,25,102,0,282,213,144,177,145,40·`50٪,25,92,15,284,261,99,162,147,40·`50٪,61,93,83,286,161,73,144,119,40·`50٪,43,94,138,110,83,92,128,93,40·`50٪,42,71,53,168,260,189,113,94
50·`60٪,0,0,68,209,275,259,169,15,50·`60٪,0,0,19,179,257,151,110,15,50·`60٪,1,35,19,168,267,222,108,19,50·`60٪,0,0,80,116,267,219,114,50,50·`60٪,57,77,132,238,355,240,160,120,50·`60٪,60,100,89,239,345,169,130,128,50·`60٪,26,97,76,241,345,167,241,138,50·`60٪,70,114,0,246,336,166,218,148,50·`60٪,49,90,11,247,386,112,219,149,50·`60٪,202,199,86,238,390,107,193,150,50·`60٪,140,104,110,169,124,163,111,92,50·`60٪,142,136,77,184,285,284,152,117
60·`70٪,0,0,104,286,298,329,187,21,60·`70٪,0,0,67,221,218,126,127,20,60·`70٪,2,31,2,217,238,173,109,66,60·`70٪,0,0,57,155,229,204,156,108,60·`70٪,91,98,171,201,309,212,183,163,60·`70٪,93,130,100,193,276,178,296,166,60·`70٪,114,140,99,288,303,177,296,167,60·`70٪,114,121,0,211,281,176,297,274,60·`70٪,139,115,40,209,386,148,252,200,60·`70٪,269,251,97,239,381,149,166,63,60·`70٪,204,168,82,229,375,380,138,116,60·`70٪,206,212,101,244,310,379,216,140
70·`80٪,0,0,110,298,291,294,206,153,70·`80٪,0,0,91,263,178,154,135,116,70·`80٪,2,28,2,220,209,198,135,113,70·`80٪,0,0,33,194,191,188,218,166,70·`80٪,124,143,209,245,262,185,230,202,70·`80٪,126,144,203,227,276,185,339,414,70·`80٪,195,185,202,335,261,188,373,397,70·`80٪,196,182,0,233,243,252,370,399,70·`80٪,137,148,70,227,386,257,285,251,70·`80٪,253,284,107,239,372,258,139,27,70·`80٪,235,202,55,213,269,269,257,122,70·`80٪,185,170,112,205,157,108,280,168
80·`90٪,55,108,117,311,284,258,189,186,80·`90٪,59,111,114,305,224,182,231,0,80·`90٪,3,24,112,222,211,223,228,188,80·`90٪,0,0,70,251,237,223,218,224,80·`90٪,158,132,306,309,267,225,233,242,80·`90٪,159,143,306,330,276,221,198,241,80·`90٪,207,195,304,477,247,153,197,241,80·`90٪,150,181,0,196,231,198,306,300,80·`90٪,151,189,10,193,295,200,227,193,80·`90٪,299,317,70,174,282,201,153,21,80·`90٪,265,236,71,198,227,151,167,195,80·`90٪,217,153,0,218,137,95,220,196
90·`100٪,0,0,0,213,236,258,86,0,90·`100٪,0,0,0,13,127,255,82,0,90·`100٪,0,0,83,125,167,254,252,151,90·`100٪,0,0,198,172,147,158,174,165,90·`100٪,191,121,197,421,289,157,236,282,90·`100٪,192,143,0,504,234,144,135,114,90·`100٪,220,161,0,505,233,143,135,115,90·`100٪,14,14,0,159,206,76,169,108,90·`100٪,14,94,0,158,205,82,170,135,90·`100٪,346,355,0,109,193,4,171,32,90·`100٪,347,356,34,232,186,98,34,31,90·`100٪,249,180,0,230,117,96,91,31
±┐≈k 2026/4,0·`3└ﻼ,3·`6└ﻼ,6·`9└ﻼ,9·`12└ﻼ,12·`15└ﻼ,15·`18└ﻼ,18·`21└ﻼ,21·`24└ﻼ,±┐≈k 2026/5,0·`3└ﻼ,3·`6└ﻼ,6·`9└ﻼ,9·`12└ﻼ,12·`15└ﻼ,15·`18└ﻼ,18·`21└ﻼ,21·`24└ﻼ,±┐≈k 2026/6,0·`3└ﻼ,3·`6└ﻼ,6·`9└ﻼ,9·`12└ﻼ,12·`15└ﻼ,15·`18└ﻼ,18·`21└ﻼ,21·`24└ﻼ,±┐≈k 2026/7,0·`3└ﻼ,3·`6└ﻼ,6·`9└ﻼ,9·`12└ﻼ,12·`15└ﻼ,15·`18└ﻼ,18·`21└ﻼ,21·`24└ﻼ,±┐≈k 2026/8,0·`3└ﻼ,3·`6└ﻼ,6·`9└ﻼ,9·`12└ﻼ,12·`15└ﻼ,15·`18└ﻼ,18·`21└ﻼ,21·`24└ﻼ,±┐≈k 2026/9,0·`3└ﻼ,3·`6└ﻼ,6·`9└ﻼ,9·`12└ﻼ,12·`15└ﻼ,15·`18└ﻼ,18·`21└ﻼ,21·`24└ﻼ,±┐≈k 2026/10,0·`3└ﻼ,3·`6└ﻼ,6·`9└ﻼ,9·`12└ﻼ,12·`15└ﻼ,15·`18└ﻼ,18·`21└ﻼ,21·`24└ﻼ,±┐≈k 2026/11,0·`3└ﻼ,3·`6└ﻼ,6·`9└ﻼ,9·`12└ﻼ,12·`15└ﻼ,15·`18└ﻼ,18·`21└ﻼ,21·`24└ﻼ,±┐≈k 2026/12,0·`3└ﻼ,3·`6└ﻼ,6·`9└ﻼ,9·`12└ﻼ,12·`15└ﻼ,15·`18└ﻼ,18·`21└ﻼ,21·`24└ﻼ,±┐≈k 2027/1,0·`3└ﻼ,3·`6└ﻼ,6·`9└ﻼ,9·`12└ﻼ,12·`15└ﻼ,15·`18└ﻼ,18·`21└ﻼ,21·`24└ﻼ,±┐≈k 2027/2,0·`3└ﻼ,3·`6└ﻼ,6·`9└ﻼ,9·`12└ﻼ,12·`15└ﻼ,15·`18└ﻼ,18·`21└ﻼ,21·`24└ﻼ,±┐≈k 2027/3,0·`3└ﻼ,3·`6└ﻼ,6·`9└ﻼ,9·`12└ﻼ,12·`15└ﻼ,15·`18└ﻼ,18·`21└ﻼ,21·`24└ﻼ
0·`10٪,0,0,0,0,0,156,219,0,0·`10٪,0,1,1,2,3,3,4,0,0·`10٪,0,0,0,0,0,0,0,24,0·`10٪,0,0,0,0,0,0,4,12,0·`10٪,0,7,35,63,92,120,0,12,0·`10٪,0,0,0,0,0,28,108,48,0·`10٪,0,210,296,259,222,185,103,0,0·`10٪,0,12,3,60,117,173,138,0,0·`10٪,0,129,152,174,197,219,66,0,0·`10٪,16,101,131,160,190,219,194,91,0·`10٪,16,4,59,114,169,224,333,85,0·`10٪,0,0,0,0,0,203,231,0
10·`20٪,0,0,0,0,0,273,141,0,10·`20٪,0,26,114,99,84,69,8,0,10·`20٪,0,0,0,0,0,0,0,20,10·`20٪,0,0,0,0,0,0,6,10,10·`20٪,0,8,144,205,267,206,0,20,10·`20٪,0,0,0,0,0,16,83,36,10·`20٪,0,110,168,166,163,160,0,0,10·`20٪,0,15,26,111,197,155,0,4,10·`20٪,0,0,162,206,187,84,0,17,10·`20٪,34,0,181,283,492,201,0,70,10·`20٪,24,0,172,261,486,203,0,31,10·`20٪,0,0,0,0,93,234,0,0
20·`30٪,0,49,134,219,304,390,63,0,20·`30٪,0,51,227,196,165,134,60,0,20·`30٪,0,50,0,0,0,0,0,66,20·`30٪,0,0,0,0,0,0,8,2,20·`30٪,0,9,252,347,442,293,0,5,20·`30٪,0,9,8,6,5,107,58,23,20·`30٪,0,9,41,202,104,136,0,26,20·`30٪,0,43,49,163,277,136,0,5,20·`30٪,0,0,172,237,178,181,0,11,20·`30٪,53,0,231,407,795,326,0,58,20·`30٪,31,0,286,407,803,335,0,83,20·`30٪,30,0,0,410,800,266,0,0
30·`40٪,0,132,198,264,329,554,117,177,30·`40٪,22,118,340,293,247,200,111,167,30·`40٪,55,70,58,0,0,0,0,112,30·`40٪,0,50,42,34,26,18,10,31,30·`40٪,0,50,361,489,617,379,0,72,30·`40٪,0,24,171,143,115,199,33,71,30·`40٪,0,32,122,239,114,135,0,88,30·`40٪,43,71,71,214,357,133,0,6,30·`40٪,69,0,182,269,294,139,0,100,30·`40٪,71,0,407,515,623,450,0,173,30·`40٪,39,0,399,515,947,466,0,150,30·`40٪,33,191,262,565,938,469,0,169
40·`50٪,0,186,259,356,454,719,170,138,40·`50٪,27,121,453,390,328,266,163,11,40·`50٪,41,84,451,390,328,266,0,133,40·`50٪,0,46,107,168,230,291,12,85,40·`50٪,0,39,470,631,792,466,0,71,40·`50٪,0,39,300,405,794,395,8,150,40·`50٪,0,55,122,406,796,262,0,151,40·`50٪,36,99,145,220,581,116,0,239,40·`50٪,49,0,192,301,411,112,0,188,40·`50٪,16,0,343,530,451,520,0,189,40·`50٪,46,0,487,789,1090,747,0,140,40·`50٪,36,226,473,721,1077,748,0,165
50·`60٪,0,240,865,1490,1563,893,224,214,50·`60٪,31,125,951,1473,718,520,214,4,50·`60٪,27,98,705,1550,685,515,186,53,50·`60٪,0,42,225,472,720,527,13,115,50·`60٪,0,39,581,736,924,357,14,70,50·`60٪,0,121,443,917,671,268,116,27,50·`60٪,0,123,429,918,672,292,0,131,50·`60٪,146,127,219,952,765,113,0,190,50·`60٪,152,0,202,332,473,41,0,156,50·`60٪,119,0,280,544,414,288,0,200,50·`60٪,53,0,576,823,1550,417,0,178,50·`60٪,39,262,685,1108,1531,658,0,161
60·`70٪,0,381,832,1363,1647,915,183,290,60·`70٪,36,314,920,1482,1433,739,181,60,60·`70٪,13,308,906,1418,1433,806,179,3,60·`70٪,0,39,682,709,1613,763,55,30,60·`70٪,0,39,692,1049,1056,416,55,26,60·`70٪,0,18,838,1620,698,373,0,0,60·`70٪,205,79,833,1615,699,322,0,112,60·`70٪,256,64,832,1617,949,110,0,141,60·`70٪,254,0,178,664,535,62,0,124,60·`70٪,191,0,216,707,378,193,0,157,60·`70٪,61,0,664,1422,1727,484,0,508,60·`70٪,42,193,667,1425,1726,568,0,294
70·`80٪,0,289,800,1374,1726,847,165,120,70·`80٪,41,227,787,1491,1782,958,163,117,70·`80٪,13,224,1107,1287,1771,1191,162,0,70·`80٪,0,52,847,1359,1859,999,96,0,70·`80٪,0,83,800,1362,1465,475,97,0,70·`80٪,0,34,822,1407,724,477,0,0,70·`80٪,109,34,721,1409,726,466,0,92,70·`80٪,134,1,541,1587,732,107,0,92,70·`80٪,67,0,155,1297,725,83,0,92,70·`80٪,68,0,153,1239,405,97,0,75,70·`80٪,68,0,319,1669,1819,551,0,85,70·`80٪,45,125,559,1492,1800,590,0,123
80·`90٪,47,320,803,1827,1805,925,216,0,80·`90٪,46,272,795,1414,1865,1608,212,0,80·`90٪,13,269,790,1055,1751,1576,210,0,80·`90٪,0,65,1012,1114,1799,1589,33,0,80·`90٪,0,126,907,921,1608,499,33,0,80·`90٪,0,34,805,1195,777,498,0,0,80·`90٪,13,0,497,1043,799,483,0,52,80·`90٪,13,8,444,1133,517,103,0,128,80·`90٪,0,0,0,487,352,104,0,137,80·`90٪,0,0,0,813,353,107,0,128,80·`90٪,0,0,260,1912,1911,698,0,0,80·`90٪,48,108,452,1916,1875,836,0,84
90·`100٪,0,351,441,818,1970,1004,134,0,90·`100٪,13,317,479,640,1373,219,167,0,90·`100٪,13,315,370,424,954,223,37,0,90·`100٪,0,130,928,970,1012,233,36,0,90·`100٪,0,169,934,820,705,151,0,0,90·`100٪,0,35,754,983,829,43,0,0,90·`100٪,0,0,272,678,872,0,0,0,90·`100٪,0,14,347,679,302,0,0,164,90·`100٪,0,0,0,387,305,0,0,181,90·`100٪,0,0,0,388,134,16,0,181,90·`100٪,0,0,202,464,2101,1007,0,0,90·`100٪,0,0,354,784,2101,1083,0,45
±┐┴ﻼ 2026/4,0·`3└ﻼ,3·`6└ﻼ,6·`9└ﻼ,9·`12└ﻼ,12·`15└ﻼ,15·`18└ﻼ,18·`21└ﻼ,21·`24└ﻼ,±┐┴ﻼ 2026/5,0·`3└ﻼ,3·`6└ﻼ,6·`9└ﻼ,9·`12└ﻼ,12·`15└ﻼ,15·`18└ﻼ,18·`21└ﻼ,21·`24└ﻼ,±┐┴ﻼ 2026/6,0·`3└ﻼ,3·`6└ﻼ,6·`9└ﻼ,9·`12└ﻼ,12·`15└ﻼ,15·`18└ﻼ,18·`21└ﻼ,21·`24└ﻼ,±┐┴ﻼ 2026/7,0·`3└ﻼ,3·`6└ﻼ,6·`9└ﻼ,9·`12└ﻼ,12·`15└ﻼ,15·`18└ﻼ,18·`21└ﻼ,21·`24└ﻼ,±┐┴ﻼ 2026/8,0·`3└ﻼ,3·`6└ﻼ,6·`9└ﻼ,9·`12└ﻼ,12·`15└ﻼ,15·`18└ﻼ,18·`21└ﻼ,21·`24└ﻼ,±┐┴ﻼ 2026/9,0·`3└ﻼ,3·`6└ﻼ,6·`9└ﻼ,9·`12└ﻼ,12·`15└ﻼ,15·`18└ﻼ,18·`21└ﻼ,21·`24└ﻼ,±┐┴ﻼ 2026/10,0·`3└ﻼ,3·`6└ﻼ,6·`9└ﻼ,9·`12└ﻼ,12·`15└ﻼ,15·`18└ﻼ,18·`21└ﻼ,21·`24└ﻼ,±┐┴ﻼ 2026/11,0·`3└ﻼ,3·`6└ﻼ,6·`9└ﻼ,9·`12└ﻼ,12·`15└ﻼ,15·`18└ﻼ,18·`21└ﻼ,21·`24└ﻼ,±┐┴ﻼ 2026/12,0·`3└ﻼ,3·`6└ﻼ,6·`9└ﻼ,9·`12└ﻼ,12·`15└ﻼ,15·`18└ﻼ,18·`21└ﻼ,21·`24└ﻼ,±┐┴ﻼ 2027/1,0·`3└ﻼ,3·`6└ﻼ,6·`9└ﻼ,9·`12└ﻼ,12·`15└ﻼ,15·`18└ﻼ,18·`21└ﻼ,21·`24└ﻼ,±┐┴ﻼ 2027/2,0·`3└ﻼ,3·`6└ﻼ,6·`9└ﻼ,9·`12└ﻼ,12·`15└ﻼ,15·`18└ﻼ,18·`21└ﻼ,21·`24└ﻼ,±┐┴ﻼ 2027/3,0·`3└ﻼ,3·`6└ﻼ,6·`9└ﻼ,9·`12└ﻼ,12·`15└ﻼ,15·`18└ﻼ,18·`21└ﻼ,21·`24└ﻼ
0·`10٪,0,7,0,0,0,0,0,0,0·`10٪,0,0,0,0,0,0,0,0,0·`10٪,0,0,0,0,0,0,0,0,0·`10٪,0,5,0,0,0,0,0,0,0·`10٪,0,6,0,0,0,0,0,0,0·`10٪,0,6,11,16,20,25,0,0,0·`10٪,0,0,0,0,0,24,0,0,0·`10٪,0,0,0,0,0,18,1,0,0·`10٪,0,0,0,0,0,0,0,0,0·`10٪,0,0,0,0,0,0,4,0,0·`10٪,0,0,0,0,0,0,2,0,0·`10٪,0,0,0,0,0,0,0,0
10·`20٪,0,10,126,241,485,246,7,0,10·`20٪,0,0,0,0,296,150,4,0,10·`20٪,0,0,0,0,293,149,4,0,10·`20٪,0,6,41,75,110,145,0,0,10·`20٪,0,16,0,0,0,0,0,0,10·`20٪,0,16,119,139,94,96,0,0,10·`20٪,0,0,0,0,95,95,0,0,10·`20٪,0,0,0,0,95,93,0,0,10·`20٪,0,0,0,0,0,0,0,0,10·`20٪,0,0,0,0,0,0,0,0,10·`20٪,0,0,14,307,0,0,0,0,10·`20٪,0,0,0,307,0,0,0,0
20·`30٪,0,14,323,1162,1000,398,13,0,20·`30٪,0,0,696,1185,799,414,29,0,20·`30٪,0,0,689,1169,380,204,29,0,20·`30٪,0,8,244,479,330,181,32,0,20·`30٪,0,27,375,722,554,0,0,0,20·`30٪,0,25,226,262,1030,167,0,0,20·`30٪,0,18,139,260,1030,167,0,0,20·`30٪,0,0,0,258,1030,168,0,0,20·`30٪,0,0,0,0,411,129,0,0,20·`30٪,0,0,0,195,409,30,0,0,20·`30٪,0,2,479,956,275,28,0,0,20·`30٪,0,0,0,1128,0,0,0,0
30·`40٪,0,17,2492,2873,1515,550,19,0,30·`40٪,0,0,2481,2782,1673,564,19,0,30·`40٪,0,0,2521,2768,2081,453,69,0,30·`40٪,0,9,686,2203,2090,663,71,0,30·`40٪,0,38,92,961,662,0,0,0,30·`40٪,0,34,334,665,996,615,0,0,30·`40٪,0,31,707,832,957,612,0,0,30·`40٪,0,0,719,837,955,615,0,0,30·`40٪,0,0,0,0,506,338,0,0,30·`40٪,0,0,0,582,407,129,0,0,30·`40٪,0,0,746,2174,1614,267,0,0,30·`40٪,0,12,948,2164,1516,691,0,0
40·`50٪,0,20,1687,2320,1812,918,25,0,40·`50٪,0,0,689,3206,3798,705,109,0,40·`50٪,0,0,686,3194,3782,702,108,0,40·`50٪,0,11,495,3818,3849,1145,110,0,40·`50٪,0,49,496,1201,1136,676,0,0,40·`50٪,0,44,535,1412,1334,576,0,0,40·`50٪,0,44,536,1441,1161,576,0,0,40·`50٪,0,0,583,1485,1156,539,0,0,40·`50٪,0,0,130,966,601,237,0,0,40·`50٪,0,0,0,1094,501,229,0,0,40·`50٪,0,0,1013,2822,1818,588,0,0,40·`50٪,0,10,860,2461,1811,288,0,0
50·`60٪,0,23,1316,2636,2533,978,0,0,50·`60٪,0,0,441,1485,3687,2460,140,0,50·`60٪,0,0,377,1952,3705,2456,73,0,50·`60٪,0,12,362,1289,3753,2531,71,0,50·`60٪,0,59,1002,1280,964,746,9,0,50·`60٪,0,53,1148,1606,1879,757,0,0,50·`60٪,0,58,705,1619,1859,770,0,0,50·`60٪,0,0,699,1623,1857,464,0,0,50·`60٪,0,0,67,843,645,448,0,0,50·`60٪,0,0,0,991,594,328,0,0,50·`60٪,0,0,451,2915,2135,1100,0,0,50·`60٪,0,9,612,2774,1879,693,0,0
60·`70٪,0,26,1648,2951,3255,1317,0,0,60·`70٪,0,29,570,1112,1762,2177,124,0,60·`70٪,0,29,400,1550,1661,2170,91,0,60·`70٪,0,14,473,1056,1635,2214,90,0,60·`70٪,0,33,1508,1360,1483,634,26,0,60·`70٪,0,41,1761,1800,1838,906,0,0,60·`70٪,0,29,1763,1798,1832,911,0,0,60·`70٪,0,0,1692,1762,1832,914,0,0,60·`70٪,0,0,470,711,937,318,0,0,60·`70٪,0,0,842,871,1946,428,0,0,60·`70٪,0,0,297,3008,2451,1611,0,0,60·`70٪,0,8,790,3086,1946,1324,0,0
70·`80٪,0,149,1980,3811,4724,3393,0,0,70·`80٪,0,135,141,147,153,1296,109,0,70·`80٪,0,26,221,1149,1202,966,108,0,70·`80٪,0,8,444,1552,1563,1043,109,0,70·`80٪,0,7,1209,2050,2002,1050,43,0,70·`80٪,0,29,1261,1901,2243,1041,0,0,70·`80٪,0,1,1245,1856,1926,382,0,0,70·`80٪,0,0,1208,1903,1754,486,0,0,70·`80٪,0,0,17,391,792,187,0,0,70·`80٪,0,0,822,692,990,244,0,0,70·`80٪,0,0,143,5034,4903,3739,0,0,70·`80٪,0,6,969,4347,4740,3396,0,0
80·`90٪,0,0,0,3124,2603,2082,0,0,80·`90٪,0,0,0,0,0,1031,59,0,80·`90٪,0,39,240,988,704,420,82,0,80·`90٪,0,30,50,985,716,446,62,0,80·`90٪,0,47,910,2626,2367,2109,61,0,80·`90٪,0,25,762,3171,2647,2123,0,0,80·`90٪,0,0,726,3174,2020,852,0,0,80·`90٪,0,0,724,3719,1677,59,0,0,80·`90٪,0,0,363,506,648,60,0,0,80·`90٪,0,0,1022,891,641,60,0,0,80·`90٪,0,0,0,3115,2496,1876,0,0,80·`90٪,0,5,1573,3142,2614,2086,0,0
90·`100٪,0,0,0,0,0,771,0,0,90·`100٪,0,0,0,0,0,766,0,0,90·`100٪,0,53,259,464,255,46,0,0,90·`100٪,0,52,8,410,216,22,0,0,90·`100٪,0,48,106,164,222,21,0,0,90·`100٪,0,67,639,1210,309,125,0,0,90·`100٪,0,0,0,1181,192,0,0,0,90·`100٪,0,0,453,1781,294,29,0,0,90·`100٪,0,0,708,621,293,30,0,0,90·`100٪,0,0,1222,1090,292,30,0,0,90·`100٪,0,0,0,68,41,13,0,0,90·`100٪,0,0,0,0,0,776,0,0
φ│¼½ 2026/4,0·`3└ﻼ,3·`6└ﻼ,6·`9└ﻼ,9·`12└ﻼ,12·`15└ﻼ,15·`18└ﻼ,18·`21└ﻼ,21·`24└ﻼ,φ│¼½ 2026/5,0·`3└ﻼ,3·`6└ﻼ,6·`9└ﻼ,9·`12└ﻼ,12·`15└ﻼ,15·`18└ﻼ,18·`21└ﻼ,21·`24└ﻼ,φ│¼½ 2026/6,0·`3└ﻼ,3·`6└ﻼ,6·`9└ﻼ,9·`12└ﻼ,12·`15└ﻼ,15·`18└ﻼ,18·`21└ﻼ,21·`24└ﻼ,φ│¼½ 2026/7,0·`3└ﻼ,3·`6└ﻼ,6·`9└ﻼ,9·`12└ﻼ,12·`15└ﻼ,15·`18└ﻼ,18·`21└ﻼ,21·`24└ﻼ,φ│¼½ 2026/8,0·`3└ﻼ,3·`6└ﻼ,6·`9└ﻼ,9·`12└ﻼ,12·`15└ﻼ,15·`18└ﻼ,18·`21└ﻼ,21·`24└ﻼ,φ│¼½ 2026/9,0·`3└ﻼ,3·`6└ﻼ,6·`9└ﻼ,9·`12└ﻼ,12·`15└ﻼ,15·`18└ﻼ,18·`21└ﻼ,21·`24└ﻼ,φ│¼½ 2026/10,0·`3└ﻼ,3·`6└ﻼ,6·`9└ﻼ,9·`12└ﻼ,12·`15└ﻼ,15·`18└ﻼ,18·`21└ﻼ,21·`24└ﻼ,φ│¼½ 2026/11,0·`3└ﻼ,3·`6└ﻼ,6·`9└ﻼ,9·`12└ﻼ,12·`15└ﻼ,15·`18└ﻼ,18·`21└ﻼ,21·`24└ﻼ,φ│¼½ 2026/12,0·`3└ﻼ,3·`6└ﻼ,6·`9└ﻼ,9·`12└ﻼ,12·`15└ﻼ,15·`18└ﻼ,18·`21└ﻼ,21·`24└ﻼ,φ│¼½ 2027/1,0·`3└ﻼ,3·`6└ﻼ,6·`9└ﻼ,9·`12└ﻼ,12·`15└ﻼ,15·`18└ﻼ,18·`21└ﻼ,21·`24└ﻼ,φ│¼½ 2027/2,0·`3└ﻼ,3·`6└ﻼ,6·`9└ﻼ,9·`12└ﻼ,12·`15└ﻼ,15·`18└ﻼ,18·`21└ﻼ,21·`24└ﻼ,φ│¼½ 2027/3,0·`3└ﻼ,3·`6└ﻼ,6·`9└ﻼ,9·`12└ﻼ,12·`15└ﻼ,15·`18└ﻼ,18·`21└ﻼ,21·`24└ﻼ
0·`10٪,0,17,16,15,15,14,13,0,0·`10٪,0,0,0,0,0,0,11,0,0·`10٪,0,12,13,15,16,18,19,0,0·`10٪,0,12,12,13,13,14,14,0,0·`10٪,0,106,120,133,146,159,173,0,0·`10٪,0,97,112,126,141,156,171,0,0·`10٪,0,96,113,129,146,163,179,0,0·`10٪,0,0,0,0,0,0,0,0,0·`10٪,0,0,0,0,0,0,0,0,0·`10٪,0,0,0,0,0,0,9,0,0·`10٪,0,26,23,20,17,14,11,0,0·`10٪,0,18,17,16,16,15,14,0
10·`20٪,0,22,21,42,63,83,11,0,10·`20٪,0,0,0,0,0,86,0,0,10·`20٪,0,0,65,117,148,179,21,0,10·`20٪,0,0,227,81,30,14,17,0,10·`20٪,0,0,277,255,233,161,155,7,10·`20٪,0,17,225,255,286,136,0,0,10·`20٪,0,36,168,215,269,140,0,0,10·`20٪,0,0,0,0,0,0,0,0,10·`20٪,0,0,0,0,0,0,0,0,10·`20٪,0,0,0,0,0,135,0,0,10·`20٪,0,0,12,550,326,102,0,0,10·`20٪,0,0,195,258,176,94,15,0
20·`30٪,0,28,180,167,290,128,9,0,20·`30٪,0,0,185,240,295,131,0,0,20·`30٪,10,0,116,218,280,341,22,0,20·`30٪,0,0,441,149,48,15,19,0,20·`30٪,0,0,435,377,320,163,138,2,20·`30٪,0,26,338,384,430,115,0,1,20·`30٪,0,70,223,300,392,118,0,19,20·`30٪,0,0,81,0,0,0,0,9,20·`30٪,0,0,87,0,0,0,0,9,20·`30٪,0,0,88,16,83,151,0,0,20·`30٪,0,0,149,1398,748,219,0,0,20·`30٪,0,0,373,669,596,522,15,0
30·`40٪,0,0,479,786,1094,244,7,0,30·`40٪,0,0,282,320,766,529,0,0,30·`40٪,20,0,167,320,726,503,24,0,30·`40٪,11,0,656,217,65,16,21,0,30·`40٪,0,0,592,500,407,165,120,7,30·`40٪,5,36,451,513,574,291,0,4,30·`40٪,5,103,278,385,515,293,0,4,30·`40٪,19,0,278,582,327,78,0,7,30·`40٪,0,0,214,584,276,0,0,0,30·`40٪,0,0,177,639,1100,166,0,0,30·`40٪,0,0,609,1555,1342,336,0,0,30·`40٪,0,0,486,712,1249,691,15,0
40·`50٪,0,0,496,1762,1898,951,4,0,40·`50٪,18,0,379,808,1237,927,0,7,40·`50٪,27,0,407,722,1442,664,26,7,40·`50٪,27,0,757,480,82,17,23,11,40·`50٪,32,0,766,798,831,167,103,34,40·`50٪,13,46,1148,830,825,467,0,31,40·`50٪,13,136,1144,1017,890,468,0,31,40·`50٪,13,0,1094,784,676,123,0,5,40·`50٪,0,0,677,761,845,115,0,0,40·`50٪,0,0,610,1211,1811,182,0,0,40·`50٪,0,0,624,1711,2273,591,0,0,40·`50٪,0,0,497,754,1903,860,16,0
50·`60٪,20,0,709,2737,2140,1308,43,0,50·`60٪,22,0,655,813,1347,1325,0,6,50·`60٪,27,0,647,816,1402,826,27,19,50·`60٪,38,0,858,742,813,884,25,22,50·`60٪,21,0,939,1312,1098,169,85,15,50·`60٪,25,0,1283,1077,958,839,0,22,50·`60٪,31,1,1321,1219,1029,840,0,22,50·`60٪,0,0,1175,1220,1125,961,0,24,50·`60٪,0,0,971,1635,1021,511,0,0,50·`60٪,0,0,752,1262,1565,1005,0,0,50·`60٪,21,0,700,2446,2147,847,0,0,50·`60٪,22,0,711,2446,2146,1383,16,0
60·`70٪,52,0,855,2485,2317,1238,37,4,60·`70٪,27,0,1490,1474,1605,1736,0,4,60·`70٪,28,0,1485,1350,1362,1332,29,0,60·`70٪,0,0,1501,1701,1364,1303,28,23,60·`70٪,34,0,1436,1400,1365,1002,68,54,60·`70٪,37,0,1418,1451,996,654,0,61,60·`70٪,49,0,1499,1357,1216,1006,0,15,60·`70٪,0,0,1257,1603,1220,1068,0,0,60·`70٪,0,0,1322,1615,1576,0,0,0,60·`70٪,0,0,678,1314,1447,915,0,0,60·`70٪,21,0,589,2250,1476,1038,0,0,60·`70٪,42,0,876,2367,2246,1429,17,0
70·`80٪,33,0,1001,2363,2493,1468,30,12,70·`80٪,26,0,1507,1558,2504,1362,0,0,70·`80٪,7,0,803,1556,1469,1309,30,0,70·`80٪,0,0,841,1743,1675,1297,30,24,70·`80٪,47,0,1076,2017,1664,1146,50,92,70·`80٪,49,0,1297,1825,1082,469,0,101,70·`80٪,67,0,1289,1420,1296,1172,0,9,70·`80٪,0,0,1448,1546,1360,1174,0,0,70·`80٪,0,0,28,981,868,0,0,0,70·`80٪,0,0,604,1833,1329,825,0,0,70·`80٪,24,0,711,2054,1422,790,0,0,70·`80٪,27,0,1041,2288,2346,1476,17,4
80·`90٪,0,0,1522,2240,1543,1129,24,20,80·`90٪,0,0,1524,2255,1478,1091,0,0,80·`90٪,0,0,530,1865,1576,1287,32,0,80·`90٪,0,0,775,2682,1986,1291,32,25,80·`90٪,59,0,715,2634,1962,1290,33,131,80·`90٪,61,0,697,2636,1167,0,0,141,80·`90٪,85,0,116,1483,1153,0,0,97,80·`90٪,0,0,0,1489,1150,0,0,0,80·`90٪,0,0,0,346,161,0,0,0,80·`90٪,0,0,833,634,435,0,0,0,80·`90٪,0,0,833,724,614,0,0,0,80·`90٪,0,0,1513,2198,1519,1125,18,18
90·`100٪,0,0,0,2131,1427,722,18,27,90·`100٪,0,0,214,2136,1253,369,0,0,90·`100٪,0,0,217,624,630,636,0,0,90·`100٪,0,0,218,2569,1594,619,0,26,90·`100٪,72,0,305,2603,1658,714,0,169,90·`100٪,72,0,0,2607,0,0,0,180,90·`100٪,103,0,0,0,0,0,0,184,90·`100٪,0,0,0,0,0,0,0,0,90·`100٪,0,0,0,0,0,0,0,0,90·`100٪,0,0,0,0,0,0,0,0,90·`100٪,0,0,0,377,0,0,0,26,90·`100٪,0,0,0,2108,1059,539,18,31
≈k«¤ 2026/4,0·`3└ﻼ,3·`6└ﻼ,6·`9└ﻼ,9·`12└ﻼ,12·`15└ﻼ,15·`18└ﻼ,18·`21└ﻼ,21·`24└ﻼ,≈k«¤ 2026/5,0·`3└ﻼ,3·`6└ﻼ,6·`9└ﻼ,9·`12└ﻼ,12·`15└ﻼ,15·`18└ﻼ,18·`21└ﻼ,21·`24└ﻼ,≈k«¤ 2026/6,0·`3└ﻼ,3·`6└ﻼ,6·`9└ﻼ,9·`12└ﻼ,12·`15└ﻼ,15·`18└ﻼ,18·`21└ﻼ,21·`24└ﻼ,≈k«¤ 2026/7,0·`3└ﻼ,3·`6└ﻼ,6·`9└ﻼ,9·`12└ﻼ,12·`15└ﻼ,15·`18└ﻼ,18·`21└ﻼ,21·`24└ﻼ,≈k«¤ 2026/8,0·`3└ﻼ,3·`6└ﻼ,6·`9└ﻼ,9·`12└ﻼ,12·`15└ﻼ,15·`18└ﻼ,18·`21└ﻼ,21·`24└ﻼ,≈k«¤ 2026/9,0·`3└ﻼ,3·`6└ﻼ,6·`9└ﻼ,9·`12└ﻼ,12·`15└ﻼ,15·`18└ﻼ,18·`21└ﻼ,21·`24└ﻼ,≈k«¤ 2026/10,0·`3└ﻼ,3·`6└ﻼ,6·`9└ﻼ,9·`12└ﻼ,12·`15└ﻼ,15·`18└ﻼ,18·`21└ﻼ,21·`24└ﻼ,≈k«¤ 2026/11,0·`3└ﻼ,3·`6└ﻼ,6·`9└ﻼ,9·`12└ﻼ,12·`15└ﻼ,15·`18└ﻼ,18·`21└ﻼ,21·`24└ﻼ,≈k«¤ 2026/12,0·`3└ﻼ,3·`6└ﻼ,6·`9└ﻼ,9·`12└ﻼ,12·`15└ﻼ,15·`18└ﻼ,18·`21└ﻼ,21·`24└ﻼ,≈k«¤ 2027/1,0·`3└ﻼ,3·`6└ﻼ,6·`9└ﻼ,9·`12└ﻼ,12·`15└ﻼ,15·`18└ﻼ,18·`21└ﻼ,21·`24└ﻼ,≈k«¤ 2027/2,0·`3└ﻼ,3·`6└ﻼ,6·`9└ﻼ,9·`12└ﻼ,12·`15└ﻼ,15·`18└ﻼ,18·`21└ﻼ,21·`24└ﻼ,≈k«¤ 2027/3,0·`3└ﻼ,3·`6└ﻼ,6·`9└ﻼ,9·`12└ﻼ,12·`15└ﻼ,15·`18└ﻼ,18·`21└ﻼ,21·`24└ﻼ
0·`10٪,0,3,5,6,8,0,0,0,0·`10٪,0,0,0,0,0,0,0,0,0·`10٪,0,0,0,0,0,0,3,0,0·`10٪,0,22,18,14,11,7,3,0,0·`10٪,0,21,21,21,20,20,19,0,0·`10٪,0,29,27,24,22,19,12,0,0·`10٪,0,17,17,17,17,17,0,0,0·`10٪,0,0,0,0,0,29,30,0,0·`10٪,0,3,1,7,13,18,15,0,0·`10٪,0,3,1,7,13,19,15,0,0·`10٪,0,12,18,16,13,10,7,0,0·`10٪,0,0,0,0,0,0,0,0
10·`20٪,0,9,30,50,24,0,0,0,10·`20٪,0,9,29,49,0,0,0,0,10·`20٪,0,0,0,0,0,0,5,0,10·`20٪,0,27,21,17,9,7,3,0,10·`20٪,0,27,22,17,12,7,3,0,10·`20٪,3,29,26,23,20,16,12,0,10·`20٪,0,13,23,15,17,5,0,0,10·`20٪,0,0,0,0,0,5,0,0,10·`20٪,0,0,5,16,18,20,0,0,10·`20٪,0,0,5,10,12,14,0,0,10·`20٪,0,0,4,32,21,14,0,2,10·`20٪,3,1,2,2,3,3,4,0
20·`30٪,0,9,43,73,40,21,2,0,20·`30٪,0,9,25,73,44,15,0,0,20·`30٪,0,0,0,0,0,0,8,0,20·`30٪,0,22,23,20,6,7,3,0,20·`30٪,0,18,42,19,8,8,13,0,20·`30٪,3,26,44,55,23,16,13,1,20·`30٪,0,9,28,13,17,14,0,0,20·`30٪,0,0,0,0,0,23,0,0,20·`30٪,0,0,9,25,24,23,0,0,20·`30٪,0,0,9,13,11,9,0,0,20·`30٪,0,0,11,49,30,18,0,2,20·`30٪,2,0,40,98,65,38,0,0
30·`40٪,1,9,56,74,118,82,3,2,30·`40٪,1,9,20,73,138,81,0,6,30·`40٪,1,0,0,0,49,4,10,3,30·`40٪,0,18,26,22,4,7,2,3,30·`40٪,0,10,63,20,4,8,2,4,30·`40٪,3,23,62,88,60,33,12,1,30·`40٪,0,27,34,52,17,23,0,0,30·`40٪,0,0,0,44,26,27,0,0,30·`40٪,0,0,13,34,29,25,0,0,30·`40٪,0,0,13,16,10,5,0,0,30·`40٪,1,0,18,66,38,22,0,3,30·`40٪,1,0,79,128,100,72,0,2
40·`50٪,1,10,69,128,107,87,4,3,40·`50٪,1,9,65,126,105,85,0,5,40·`50٪,1,9,15,18,83,23,13,9,40·`50٪,0,13,29,147,51,24,9,10,40·`50٪,0,0,17,147,50,20,9,4,40·`50٪,4,0,46,154,69,50,12,8,40·`50٪,0,1,6,91,61,30,0,0,40·`50٪,0,0,1,47,35,32,0,0,40·`50٪,0,0,17,28,35,28,0,4,40·`50٪,0,0,17,40,23,5,0,4,40·`50٪,2,0,29,74,56,5,0,4,40·`50٪,1,0,117,147,108,70,0,3
50·`60٪,1,5,113,87,60,63,5,3,50·`60٪,1,7,111,85,79,74,25,4,50·`60٪,1,6,83,100,116,92,15,10,50·`60٪,4,9,32,176,136,96,16,4,50·`60٪,4,0,33,176,135,95,16,3,50·`60٪,4,0,30,181,124,68,11,15,50·`60٪,4,1,45,50,96,37,0,5,50·`60٪,0,0,45,51,43,36,0,7,50·`60٪,0,0,0,38,23,1,0,4,50·`60٪,0,0,16,45,23,2,0,4,50·`60٪,3,0,41,90,74,10,0,4,50·`60٪,1,0,156,129,17,0,0,3
60·`70٪,1,1,96,102,73,81,5,3,60·`70٪,1,4,117,101,85,98,6,3,60·`70٪,0,4,70,113,98,126,14,12,60·`70٪,12,4,72,164,137,110,15,16,60·`70٪,19,0,48,78,109,78,22,16,60·`70٪,11,0,79,96,113,61,2,16,60·`70٪,10,3,12,72,132,27,0,6,60·`70٪,10,0,13,63,113,38,0,7,60·`70٪,0,0,0,33,46,5,0,2,60·`70٪,0,0,16,98,25,5,0,2,60·`70٪,4,0,53,106,135,86,0,3,60·`70٪,1,0,96,111,15,0,0,3
70·`80٪,2,1,80,116,108,99,5,13,70·`80٪,0,1,102,130,126,122,6,13,70·`80٪,0,3,102,127,97,119,14,13,70·`80٪,20,0,140,151,137,124,14,11,70·`80٪,7,0,0,58,88,62,10,11,70·`80٪,15,0,40,91,101,54,7,11,70·`80٪,15,5,27,91,123,61,0,4,70·`80٪,6,0,0,48,58,39,0,10,70·`80٪,5,0,0,47,69,9,0,3,70·`80٪,5,0,15,152,90,9,0,3,70·`80٪,5,0,65,162,259,162,0,3,70·`80٪,1,0,80,138,13,0,0,10
80·`90٪,0,2,43,209,131,64,5,10,80·`90٪,0,1,77,81,100,82,5,11,80·`90٪,0,3,77,85,57,90,17,15,80·`90٪,28,0,0,91,99,186,18,12,80·`90٪,28,0,0,37,68,99,18,2,80·`90٪,28,0,1,87,90,32,4,2,80·`90٪,12,0,21,110,108,0,0,0,80·`90٪,1,0,0,3,31,30,0,9,80·`90٪,5,0,0,42,45,42,0,8,80·`90٪,5,0,14,142,92,42,0,8,80·`90٪,5,0,129,221,153,85,0,1,80·`90٪,2,0,64,219,0,0,0,4
90·`100٪,0,2,52,44,36,28,9,7,90·`100٪,0,2,51,35,20,5,8,8,90·`100٪,0,2,51,43,35,27,0,16,90·`100٪,3,0,0,32,61,30,0,26,90·`100٪,26,0,0,31,64,34,0,19,90·`100٪,26,0,0,0,0,12,1,1,90·`100٪,26,0,0,112,0,0,0,0,90·`100٪,0,0,0,0,4,21,0,17,90·`100٪,0,0,0,37,22,6,0,0,90·`100٪,0,0,14,11,9,6,0,0,90·`100٪,0,0,0,32,4,0,0,4,90·`100٪,0,0,0,0,0,0,0,7
├ﺿβﺱ 2026/4,0·`3└ﻼ,3·`6└ﻼ,6·`9└ﻼ,9·`12└ﻼ,12·`15└ﻼ,15·`18└ﻼ,18·`21└ﻼ,21·`24└ﻼ,├ﺿβﺱ 2026/5,0·`3└ﻼ,3·`6└ﻼ,6·`9└ﻼ,9·`12└ﻼ,12·`15└ﻼ,15·`18└ﻼ,18·`21└ﻼ,21·`24└ﻼ,├ﺿβﺱ 2026/6,0·`3└ﻼ,3·`6└ﻼ,6·`9└ﻼ,9·`12└ﻼ,12·`15└ﻼ,15·`18└ﻼ,18·`21└ﻼ,21·`24└ﻼ,├ﺿβﺱ 2026/7,0·`3└ﻼ,3·`6└ﻼ,6·`9└ﻼ,9·`12└ﻼ,12·`15└ﻼ,15·`18└ﻼ,18·`21└ﻼ,21·`24└ﻼ,├ﺿβﺱ 2026/8,0·`3└ﻼ,3·`6└ﻼ,6·`9└ﻼ,9·`12└ﻼ,12·`15└ﻼ,15·`18└ﻼ,18·`21└ﻼ,21·`24└ﻼ,├ﺿβﺱ 2026/9,0·`3└ﻼ,3·`6└ﻼ,6·`9└ﻼ,9·`12└ﻼ,12·`15└ﻼ,15·`18└ﻼ,18·`21└ﻼ,21·`24└ﻼ,├ﺿβﺱ 2026/10,0·`3└ﻼ,3·`6└ﻼ,6·`9└ﻼ,9·`12└ﻼ,12·`15└ﻼ,15·`18└ﻼ,18·`21└ﻼ,21·`24└ﻼ,├ﺿβﺱ 2026/11,0·`3└ﻼ,3·`6└ﻼ,6·`9└ﻼ,9·`12└ﻼ,12·`15└ﻼ,15·`18└ﻼ,18·`21└ﻼ,21·`24└ﻼ,├ﺿβﺱ 2026/12,0·`3└ﻼ,3·`6└ﻼ,6·`9└ﻼ,9·`12└ﻼ,12·`15└ﻼ,15·`18└ﻼ,18·`21└ﻼ,21·`24└ﻼ,├ﺿβﺱ 2027/1,0·`3└ﻼ,3·`6└ﻼ,6·`9└ﻼ,9·`12└ﻼ,12·`15└ﻼ,15·`18└ﻼ,18·`21└ﻼ,21·`24└ﻼ,├ﺿβﺱ 2027/2,0·`3└ﻼ,3·`6└ﻼ,6·`9└ﻼ,9·`12└ﻼ,12·`15└ﻼ,15·`18└ﻼ,18·`21└ﻼ,21·`24└ﻼ,├ﺿβﺱ 2027/3,0·`3└ﻼ,3·`6└ﻼ,6·`9└ﻼ,9·`12└ﻼ,12·`15└ﻼ,15·`18└ﻼ,18·`21└ﻼ,21·`24└ﻼ
0·`10٪,0,0,0,0,0,0,9,0,0·`10٪,0,0,0,0,0,0,10,0,0·`10٪,0,8,10,13,15,18,21,0,0·`10٪,0,0,0,0,0,0,18,0,0·`10٪,0,0,0,0,0,0,22,0,0·`10٪,0,0,0,0,0,35,35,0,0·`10٪,0,8,14,19,25,30,37,0,0·`10٪,0,0,0,0,0,29,34,0,0·`10٪,0,0,0,0,0,16,21,0,0·`10٪,0,0,0,0,0,48,36,0,0·`10٪,0,0,0,0,0,49,32,0,0·`10٪,0,0,0,0,0,50,29,0
10·`20٪,0,0,0,0,0,0,7,0,10·`20٪,0,0,0,0,0,0,7,0,10·`20٪,0,8,9,10,11,12,13,0,10·`20٪,0,13,32,51,69,43,17,0,10·`20٪,0,17,16,15,15,14,14,0,10·`20٪,0,0,0,0,0,125,27,0,10·`20٪,0,0,21,37,52,121,19,0,10·`20٪,0,0,0,0,0,120,0,0,10·`20٪,0,0,0,0,0,32,0,2,10·`20٪,0,0,0,0,0,35,0,2,10·`20٪,0,0,0,0,0,36,0,2,10·`20٪,0,0,0,0,0,149,23,5
20·`30٪,0,0,0,0,221,269,5,3,20·`30٪,0,0,0,0,218,270,5,0,20·`30٪,0,8,7,7,6,161,5,0,20·`30٪,0,6,103,200,297,157,17,0,20·`30٪,0,5,118,90,62,33,5,6,20·`30٪,0,0,0,0,0,215,19,4,20·`30٪,0,0,28,54,79,211,1,8,20·`30٪,0,0,0,0,0,211,0,6,20·`30٪,0,0,0,0,377,48,0,2,20·`30٪,0,0,0,0,222,216,0,2,20·`30٪,0,0,0,0,0,23,0,6,20·`30٪,0,0,0,0,346,249,18,4
30·`40٪,0,12,77,262,566,12,9,5,30·`40٪,0,12,87,162,237,312,0,5,30·`40٪,0,12,31,124,217,310,6,8,30·`40٪,0,19,197,272,347,422,16,0,30·`40٪,2,5,308,600,611,181,18,6,30·`40٪,2,0,0,0,0,305,12,4,30·`40٪,0,0,36,71,107,302,0,2,30·`40٪,0,0,0,0,0,301,0,11,30·`40٪,0,0,0,399,482,103,0,5,30·`40٪,0,0,0,557,477,397,0,2,30·`40٪,0,0,372,477,582,133,0,9,30·`40٪,0,0,222,261,568,132,12,2
40·`50٪,0,1,212,877,571,135,13,16,40·`50٪,0,18,230,873,505,340,0,15,40·`50٪,0,18,227,725,632,539,6,6,40·`50٪,0,32,415,740,560,521,14,0,40·`50٪,7,5,354,749,441,404,17,6,40·`50٪,7,8,43,94,219,344,4,5,40·`50٪,0,0,43,89,134,400,0,1,40·`50٪,0,0,0,0,130,400,0,17,40·`50٪,0,0,0,467,355,108,0,17,40·`50٪,0,0,58,607,639,377,0,13,40·`50٪,0,0,187,627,585,75,0,13,40·`50٪,0,0,261,882,586,135,6,13
50·`60٪,0,5,271,928,801,484,18,9,50·`60٪,0,37,618,921,1037,472,0,10,50·`60٪,0,37,617,722,828,607,7,5,50·`60٪,0,44,632,734,836,621,12,8,50·`60٪,6,4,400,899,637,627,13,5,50·`60٪,5,0,181,317,275,383,0,5,50·`60٪,2,0,182,321,278,499,0,8,50·`60٪,2,0,0,442,456,498,0,17,50·`60٪,0,0,152,535,432,76,0,17,50·`60٪,3,0,86,348,784,458,0,19,50·`60٪,2,0,301,629,590,167,0,9,50·`60٪,0,0,299,965,804,499,0,9
60·`70٪,1,10,147,1424,1374,814,0,8,60·`70٪,5,57,499,1401,1530,802,0,17,60·`70٪,12,57,503,740,954,397,8,22,60·`70٪,8,57,646,680,969,404,10,19,60·`70٪,7,4,427,1238,935,396,9,10,60·`70٪,5,0,319,1207,798,362,0,8,60·`70٪,2,0,320,1205,803,539,0,4,60·`70٪,0,0,167,982,874,406,0,21,60·`70٪,0,0,311,552,509,9,0,20,60·`70٪,2,0,48,273,899,457,0,21,60·`70٪,2,0,415,693,755,641,0,13,60·`70٪,2,1,495,1231,1380,818,0,12
70·`80٪,6,8,381,1348,1521,895,0,22,70·`80٪,3,7,381,1418,1346,889,0,22,70·`80٪,11,7,356,903,1185,443,0,23,70·`80٪,8,10,281,811,1205,449,0,25,70·`80٪,8,3,347,1156,1204,451,0,25,70·`80٪,0,0,453,511,997,341,0,17,70·`80٪,3,0,447,512,998,579,0,27,70·`80٪,0,0,161,757,1056,314,0,27,70·`80٪,4,0,163,433,264,17,0,26,70·`80٪,2,0,10,529,890,582,0,37,70·`80٪,3,0,269,493,872,601,0,36,70·`80٪,0,2,691,1317,1542,898,0,40
80·`90٪,9,6,603,1179,1669,975,0,28,80·`90٪,9,0,498,797,1496,975,0,30,80·`90٪,13,0,498,825,1237,1270,0,28,80·`90٪,0,7,254,1202,1269,1434,0,32,80·`90٪,0,3,87,1074,1560,1432,0,31,80·`90٪,0,0,163,505,898,529,0,22,80·`90٪,3,0,296,501,929,507,0,29,80·`90٪,0,0,396,533,443,0,0,28,80·`90٪,19,0,395,313,232,0,0,30,80·`90٪,2,0,42,326,882,707,0,9,80·`90٪,2,0,129,679,988,560,0,0,80·`90٪,0,3,567,1099,1703,977,0,27
90·`100٪,0,3,62,1010,1107,461,0,0,90·`100٪,10,0,119,451,431,364,0,22,90·`100٪,15,0,45,448,427,363,0,22,90·`100٪,0,0,13,163,428,0,0,19,90·`100٪,0,0,0,591,925,301,0,19,90·`100٪,0,0,0,592,920,301,0,16,90·`100٪,3,0,0,706,920,356,0,35,90·`100٪,0,0,0,0,0,0,0,13,90·`100٪,15,0,99,150,201,0,0,10,90·`100٪,17,0,100,123,282,0,0,3,90·`100٪,0,0,0,816,1076,458,0,0,90·`100٪,0,3,443,882,1167,459,0,0
φ│┌∞ 2026/4,0·`3└ﻼ,3·`6└ﻼ,6·`9└ﻼ,9·`12└ﻼ,12·`15└ﻼ,15·`18└ﻼ,18·`21└ﻼ,21·`24└ﻼ,φ│┌∞ 2026/5,0·`3└ﻼ,3·`6└ﻼ,6·`9└ﻼ,9·`12└ﻼ,12·`15└ﻼ,15·`18└ﻼ,18·`21└ﻼ,21·`24└ﻼ,φ│┌∞ 2026/6,0·`3└ﻼ,3·`6└ﻼ,6·`9└ﻼ,9·`12└ﻼ,12·`15└ﻼ,15·`18└ﻼ,18·`21└ﻼ,21·`24└ﻼ,φ│┌∞ 2026/7,0·`3└ﻼ,3·`6└ﻼ,6·`9└ﻼ,9·`12└ﻼ,12·`15└ﻼ,15·`18└ﻼ,18·`21└ﻼ,21·`24└ﻼ,φ│┌∞ 2026/8,0·`3└ﻼ,3·`6└ﻼ,6·`9└ﻼ,9·`12└ﻼ,12·`15└ﻼ,15·`18└ﻼ,18·`21└ﻼ,21·`24└ﻼ,φ│┌∞ 2026/9,0·`3└ﻼ,3·`6└ﻼ,6·`9└ﻼ,9·`12└ﻼ,12·`15└ﻼ,15·`18└ﻼ,18·`21└ﻼ,21·`24└ﻼ,φ│┌∞ 2026/10,0·`3└ﻼ,3·`6└ﻼ,6·`9└ﻼ,9·`12└ﻼ,12·`15└ﻼ,15·`18└ﻼ,18·`21└ﻼ,21·`24└ﻼ,φ│┌∞ 2026/11,0·`3└ﻼ,3·`6└ﻼ,6·`9└ﻼ,9·`12└ﻼ,12·`15└ﻼ,15·`18└ﻼ,18·`21└ﻼ,21·`24└ﻼ,φ│┌∞ 2026/12,0·`3└ﻼ,3·`6└ﻼ,6·`9└ﻼ,9·`12└ﻼ,12·`15└ﻼ,15·`18└ﻼ,18·`21└ﻼ,21·`24└ﻼ,φ│┌∞ 2027/1,0·`3└ﻼ,3·`6└ﻼ,6·`9└ﻼ,9·`12└ﻼ,12·`15└ﻼ,15·`18└ﻼ,18·`21└ﻼ,21·`24└ﻼ,φ│┌∞ 2027/2,0·`3└ﻼ,3·`6└ﻼ,6·`9└ﻼ,9·`12└ﻼ,12·`15└ﻼ,15·`18└ﻼ,18·`21└ﻼ,21·`24└ﻼ,φ│┌∞ 2027/3,0·`3└ﻼ,3·`6└ﻼ,6·`9└ﻼ,9·`12└ﻼ,12·`15└ﻼ,15·`18└ﻼ,18·`21└ﻼ,21·`24└ﻼ
0·`10٪,0,0,0,0,0,0,0,0,0·`10٪,0,13,12,11,10,9,7,0,0·`10٪,0,8,10,13,16,19,22,0,0·`10٪,0,6,10,13,17,20,24,0,0·`10٪,0,26,25,23,22,20,19,0,0·`10٪,0,2,3,3,4,4,5,0,0·`10٪,0,0,0,0,0,0,0,0,0·`10٪,0,0,0,0,0,0,11,0,0·`10٪,0,1,2,4,5,7,9,0,0·`10٪,0,16,14,11,8,6,3,0,0·`10٪,0,13,12,12,11,10,9,0,0·`10٪,0,13,0,0,0,0,0,0
10·`20٪,0,0,0,46,44,42,0,0,10·`20٪,0,0,32,46,64,82,5,0,10·`20٪,0,0,32,45,131,178,23,0,10·`20٪,0,0,28,43,137,178,32,0,10·`20٪,0,23,68,59,94,134,0,0,10·`20٪,0,0,52,97,115,85,8,0,10·`20٪,0,0,0,0,0,74,0,0,10·`20٪,0,0,0,0,0,41,0,0,10·`20٪,0,0,58,52,46,13,0,0,10·`20٪,0,0,17,153,97,34,0,0,10·`20٪,0,0,100,108,99,53,0,0,10·`20٪,0,12,106,201,109,18,0,0
20·`30٪,0,0,0,85,326,89,2,0,20·`30٪,0,0,52,194,335,263,2,0,20·`30٪,0,0,53,76,247,337,24,0,20·`30٪,0,0,46,73,258,336,41,0,20·`30٪,0,20,112,94,166,248,0,4,20·`30٪,0,0,100,190,294,215,12,4,20·`30٪,0,0,0,0,289,137,0,4,20·`30٪,0,0,0,0,289,136,0,0,20·`30٪,0,0,113,100,86,18,0,0,20·`30٪,0,0,20,295,185,63,0,0,20·`30٪,0,0,187,204,186,97,0,0,20·`30٪,0,11,92,260,138,53,3,0
30·`40٪,0,0,0,125,608,192,57,3,30·`40٪,0,0,73,328,606,443,26,4,30·`40٪,0,0,74,107,362,496,26,4,30·`40٪,0,0,64,103,378,494,49,10,30·`40٪,2,18,155,197,239,362,0,10,30·`40٪,5,0,149,284,590,277,15,3,30·`40٪,5,0,0,351,588,273,0,7,30·`40٪,2,0,0,349,689,209,0,0,30·`40٪,0,0,56,205,288,170,0,0,30·`40٪,2,0,23,437,347,258,0,0,30·`40٪,2,0,275,300,226,245,0,12,30·`40٪,7,10,165,320,429,188,15,13
40·`50٪,13,0,0,462,657,533,85,6,40·`50٪,0,0,93,462,592,492,34,10,40·`50٪,0,0,95,579,883,517,3,3,40·`50٪,0,0,82,571,887,468,58,7,40·`50٪,1,15,199,319,1093,422,0,15,40·`50٪,2,0,198,587,778,368,19,15,40·`50٪,2,0,199,587,704,349,0,10,40·`50٪,15,0,41,797,704,230,0,1,40·`50٪,16,0,80,681,507,164,0,5,40·`50٪,5,0,26,508,462,311,0,5,40·`50٪,5,0,362,401,602,527,0,14,40·`50٪,5,9,238,467,452,525,30,9
50·`60٪,10,0,398,506,707,704,54,4,50·`60٪,0,0,502,718,682,542,20,3,50·`60٪,15,0,566,837,929,537,39,8,50·`60٪,31,0,565,576,879,442,67,22,50·`60٪,22,12,371,578,910,486,0,6,50·`60٪,8,0,321,778,910,648,22,3,50·`60٪,6,0,321,723,796,426,0,3,50·`60٪,11,0,254,665,807,250,0,8,50·`60٪,13,0,104,606,727,174,0,8,50·`60٪,13,0,30,579,577,299,0,12,50·`60٪,14,0,449,503,525,183,0,5,50·`60٪,1,8,444,499,703,687,44,5
60·`70٪,8,21,371,726,800,875,23,6,60·`70٪,3,0,438,1089,933,776,76,6,60·`70٪,25,0,482,1095,975,334,75,14,60·`70٪,33,0,629,1152,945,473,75,18,60·`70٪,33,9,430,682,874,498,0,1,60·`70٪,8,0,347,756,917,769,26,1,60·`70٪,10,0,240,709,810,341,0,1,60·`70٪,8,0,192,534,780,210,0,12,60·`70٪,4,0,74,532,613,212,0,9,60·`70٪,4,0,86,436,557,352,0,12,60·`70٪,1,0,295,334,449,88,0,7,60·`70٪,3,8,651,835,842,848,58,0
70·`80٪,5,0,410,936,856,594,88,7,70·`80٪,6,0,373,1119,923,614,36,7,70·`80٪,0,0,509,1262,929,252,14,7,70·`80٪,24,0,508,1446,1011,488,49,26,70·`80٪,25,0,357,786,952,509,0,26,70·`80٪,8,0,372,733,925,890,29,0,70·`80٪,15,0,160,660,828,267,0,29,70·`80٪,13,0,130,533,857,160,0,19,70·`80٪,4,0,44,591,468,15,0,10,70·`80٪,4,0,19,381,623,406,0,12,70·`80٪,4,0,140,293,508,147,0,10,70·`80٪,5,8,436,527,909,696,32,0
80·`90٪,2,0,450,1145,912,452,9,7,80·`90٪,8,0,448,1149,914,451,39,7,80·`90٪,0,0,535,1429,883,170,28,16,80·`90٪,14,0,387,875,1150,947,23,20,80·`90٪,16,0,385,708,1030,929,0,20,80·`90٪,9,0,381,683,1065,1198,0,0,80·`90٪,7,0,38,611,846,193,0,28,80·`90٪,0,0,16,449,934,110,0,28,80·`90٪,0,0,14,650,323,0,0,12,80·`90٪,7,0,27,326,689,681,0,12,80·`90٪,7,0,79,360,689,679,0,12,80·`90٪,7,8,222,504,976,669,19,0
90·`100٪,0,0,0,661,732,106,0,7,90·`100٪,0,0,0,661,732,0,0,7,90·`100٪,0,0,130,941,829,210,0,34,90·`100٪,5,0,134,140,1355,213,0,28,90·`100٪,8,0,140,630,1240,212,0,28,90·`100٪,9,0,0,634,1237,33,0,0,90·`100٪,7,0,0,632,1036,21,0,0,90·`100٪,0,0,0,87,1215,0,0,13,90·`100٪,0,0,66,81,72,0,0,0,90·`100٪,10,0,35,76,136,0,0,0,90·`100٪,10,0,17,349,670,113,0,0,90·`100٪,10,7,126,244,480,98,0,0
└l┌∞ 2026/4,0·`3└ﻼ,3·`6└ﻼ,6·`9└ﻼ,9·`12└ﻼ,12·`15└ﻼ,15·`18└ﻼ,18·`21└ﻼ,21·`24└ﻼ,└l┌∞ 2026/5,0·`3└ﻼ,3·`6└ﻼ,6·`9└ﻼ,9·`12└ﻼ,12·`15└ﻼ,15·`18└ﻼ,18·`21└ﻼ,21·`24└ﻼ,└l┌∞ 2026/6,0·`3└ﻼ,3·`6└ﻼ,6·`9└ﻼ,9·`12└ﻼ,12·`15└ﻼ,15·`18└ﻼ,18·`21└ﻼ,21·`24└ﻼ,└l┌∞ 2026/7,0·`3└ﻼ,3·`6└ﻼ,6·`9└ﻼ,9·`12└ﻼ,12·`15└ﻼ,15·`18└ﻼ,18·`21└ﻼ,21·`24└ﻼ,└l┌∞ 2026/8,0·`3└ﻼ,3·`6└ﻼ,6·`9└ﻼ,9·`12└ﻼ,12·`15└ﻼ,15·`18└ﻼ,18·`21└ﻼ,21·`24└ﻼ,└l┌∞ 2026/9,0·`3└ﻼ,3·`6└ﻼ,6·`9└ﻼ,9·`12└ﻼ,12·`15└ﻼ,15·`18└ﻼ,18·`21└ﻼ,21·`24└ﻼ,└l┌∞ 2026/10,0·`3└ﻼ,3·`6└ﻼ,6·`9└ﻼ,9·`12└ﻼ,12·`15└ﻼ,15·`18└ﻼ,18·`21└ﻼ,21·`24└ﻼ,└l┌∞ 2026/11,0·`3└ﻼ,3·`6└ﻼ,6·`9└ﻼ,9·`12└ﻼ,12·`15└ﻼ,15·`18└ﻼ,18·`21└ﻼ,21·`24└ﻼ,└l┌∞ 2026/12,0·`3└ﻼ,3·`6└ﻼ,6·`9└ﻼ,9·`12└ﻼ,12·`15└ﻼ,15·`18└ﻼ,18·`21└ﻼ,21·`24└ﻼ,└l┌∞ 2027/1,0·`3└ﻼ,3·`6└ﻼ,6·`9└ﻼ,9·`12└ﻼ,12·`15└ﻼ,15·`18└ﻼ,18·`21└ﻼ,21·`24└ﻼ,└l┌∞ 2027/2,0·`3└ﻼ,3·`6└ﻼ,6·`9└ﻼ,9·`12└ﻼ,12·`15└ﻼ,15·`18└ﻼ,18·`21└ﻼ,21·`24└ﻼ,└l┌∞ 2027/3,0·`3└ﻼ,3·`6└ﻼ,6·`9└ﻼ,9·`12└ﻼ,12·`15└ﻼ,15·`18└ﻼ,18·`21└ﻼ,21·`24└ﻼ
0·`10٪,0,15,17,18,20,22,23,0,0·`10٪,0,18,17,16,15,14,13,0,0·`10٪,0,8,7,7,6,5,4,0,0·`10٪,0,21,27,34,40,47,53,0,0·`10٪,0,16,21,26,31,36,41,0,0·`10٪,0,20,13,19,25,31,42,0,0·`10٪,3,22,2,1,1,1,20,0,0·`10٪,0,14,20,14,7,1,18,0,0·`10٪,0,22,25,25,25,25,22,0,0·`10٪,0,18,26,32,38,43,21,0,0·`10٪,0,14,27,35,42,49,23,0,0·`10٪,0,15,15,15,16,16,16,0
10·`20٪,0,18,64,70,114,44,23,4,10·`20٪,0,15,64,69,99,60,20,0,10·`20٪,0,7,92,101,68,50,18,5,10·`20٪,0,12,91,53,29,35,41,3,10·`20٪,0,12,11,50,63,75,43,3,10·`20٪,0,19,68,117,94,70,43,0,10·`20٪,6,0,5,61,16,26,31,0,10·`20٪,0,0,18,67,19,11,0,0,10·`20٪,0,0,21,43,44,61,0,3,10·`20٪,4,0,8,47,43,47,0,2,10·`20٪,0,0,100,103,86,69,27,15,10·`20٪,0,21,47,100,113,29,21,4
20·`30٪,15,20,112,122,209,67,26,13,20·`30٪,2,11,111,122,182,117,51,1,20·`30٪,0,6,176,195,131,95,60,1,20·`30٪,0,9,155,73,35,80,68,5,20·`30٪,0,7,32,74,94,114,31,6,20·`30٪,0,16,131,215,163,110,31,13,20·`30٪,8,0,9,121,104,87,31,13,20·`30٪,7,0,15,120,104,87,0,14,20·`30٪,5,0,43,61,64,57,0,13,20·`30٪,15,0,9,61,49,51,0,20,20·`30٪,16,0,173,172,130,88,31,17,20·`30٪,16,27,78,185,210,42,26,13
30·`40٪,17,9,214,230,277,226,46,21,30·`40٪,15,6,197,220,244,126,42,6,30·`40٪,0,6,176,292,209,126,24,7,30·`40٪,9,7,212,298,211,124,34,7,30·`40٪,0,2,246,394,327,260,43,8,30·`40٪,0,12,245,415,352,289,49,15,30·`40٪,17,0,12,180,169,149,8,27,30·`40٪,26,0,12,173,161,149,0,15,30·`40٪,26,0,65,88,83,83,0,20,30·`40٪,18,0,34,121,88,56,0,20,30·`40٪,16,0,132,196,195,108,34,19,30·`40٪,21,21,199,225,250,305,63,22
40·`50٪,37,15,317,403,343,315,48,30,40·`50٪,25,1,284,307,305,303,23,8,40·`50٪,16,14,195,359,384,396,55,11,40·`50٪,2,14,216,364,384,403,62,14,40·`50٪,42,13,233,411,440,398,53,34,40·`50٪,32,9,130,447,408,314,34,34,40·`50٪,33,0,126,226,275,271,35,34,40·`50٪,24,0,21,218,277,320,0,21,40·`50٪,24,0,113,367,321,109,0,19,40·`50٪,19,0,61,221,192,163,0,19,40·`50٪,36,0,137,221,260,176,34,22,40·`50٪,36,14,321,334,341,314,51,31
50·`60٪,13,20,339,540,542,356,49,38,50·`60٪,9,15,322,442,536,363,55,9,50·`60٪,7,22,214,426,560,485,86,14,50·`60٪,4,21,220,430,556,488,89,17,50·`60٪,26,24,220,429,557,408,90,54,50·`60٪,29,6,120,479,463,295,10,51,50·`60٪,23,0,101,273,311,308,10,33,50·`60٪,14,0,21,262,312,331,0,8,50·`60٪,14,0,95,271,291,155,0,8,50·`60٪,20,0,31,223,369,310,0,9,50·`60٪,23,0,141,476,358,308,24,25,50·`60٪,17,8,301,480,560,357,15,40
60·`70٪,24,4,360,609,639,395,69,24,60·`70٪,21,30,360,605,637,410,75,19,60·`70٪,19,30,361,602,699,426,74,17,60·`70٪,7,17,197,607,698,428,76,21,60·`70٪,9,0,210,607,571,395,45,13,60·`70٪,8,10,150,627,545,265,18,30,60·`70٪,8,0,75,392,368,345,14,27,60·`70٪,1,0,75,394,368,343,0,14,60·`70٪,16,0,77,229,215,201,0,1,60·`70٪,20,0,1,173,394,194,0,20,60·`70٪,20,0,113,322,399,383,14,21,60·`70٪,10,4,318,695,647,423,28,25
70·`80٪,24,46,340,626,743,434,98,48,70·`80٪,0,45,353,621,739,498,70,37,70·`80٪,7,37,279,521,838,367,71,34,70·`80٪,9,12,174,528,840,419,71,46,70·`80٪,11,0,230,519,839,381,83,33,70·`80٪,14,0,180,494,627,235,71,31,70·`80٪,14,0,98,413,627,288,24,21,70·`80٪,14,0,54,267,601,183,0,21,70·`80٪,14,0,54,264,181,179,0,22,70·`80٪,13,0,8,123,176,183,0,22,70·`80٪,13,0,83,338,422,457,44,45,70·`80٪,17,0,336,671,747,490,52,48
80·`90٪,25,14,320,642,681,572,77,19,80·`90٪,0,12,345,637,681,586,25,17,80·`90٪,6,10,185,495,734,327,51,6,80·`90٪,30,8,87,370,740,411,81,35,80·`90٪,30,0,250,502,740,261,82,35,80·`90٪,21,0,250,488,569,200,55,34,80·`90٪,13,0,121,435,569,188,33,10,80·`90٪,13,0,31,211,473,20,0,16,80·`90٪,8,0,32,299,167,4,0,20,80·`90٪,16,0,16,33,157,227,0,23,80·`90٪,32,0,53,355,487,375,75,23,80·`90٪,25,0,323,647,687,575,94,18
90·`100٪,29,0,49,564,548,339,56,15,90·`100٪,0,15,93,789,621,342,52,0,90·`100٪,0,14,92,287,627,288,52,0,90·`100٪,13,17,40,236,224,138,52,50,90·`100٪,13,0,247,485,513,142,26,50,90·`100٪,13,0,246,482,511,177,39,50,90·`100٪,0,0,247,487,511,176,43,30,90·`100٪,3,0,0,125,103,8,0,30,90·`100٪,13,0,0,0,0,0,0,27,90·`100٪,14,0,0,0,139,271,0,0,90·`100٪,22,0,52,443,552,293,69,22,90·`100٪,22,0,51,570,551,242,68,22
┴ﻛ┘B 2026/4,0·`3└ﻼ,3·`6└ﻼ,6·`9└ﻼ,9·`12└ﻼ,12·`15└ﻼ,15·`18└ﻼ,18·`21└ﻼ,21·`24└ﻼ,┴ﻛ┘B 2026/5,0·`3└ﻼ,3·`6└ﻼ,6·`9└ﻼ,9·`12└ﻼ,12·`15└ﻼ,15·`18└ﻼ,18·`21└ﻼ,21·`24└ﻼ,┴ﻛ┘B 2026/6,0·`3└ﻼ,3·`6└ﻼ,6·`9└ﻼ,9·`12└ﻼ,12·`15└ﻼ,15·`18└ﻼ,18·`21└ﻼ,21·`24└ﻼ,┴ﻛ┘B 2026/7,0·`3└ﻼ,3·`6└ﻼ,6·`9└ﻼ,9·`12└ﻼ,12·`15└ﻼ,15·`18└ﻼ,18·`21└ﻼ,21·`24└ﻼ,┴ﻛ┘B 2026/8,0·`3└ﻼ,3·`6└ﻼ,6·`9└ﻼ,9·`12└ﻼ,12·`15└ﻼ,15·`18└ﻼ,18·`21└ﻼ,21·`24└ﻼ,┴ﻛ┘B 2026/9,0·`3└ﻼ,3·`6└ﻼ,6·`9└ﻼ,9·`12└ﻼ,12·`15└ﻼ,15·`18└ﻼ,18·`21└ﻼ,21·`24└ﻼ,┴ﻛ┘B 2026/10,0·`3└ﻼ,3·`6└ﻼ,6·`9└ﻼ,9·`12└ﻼ,12·`15└ﻼ,15·`18└ﻼ,18·`21└ﻼ,21·`24└ﻼ,┴ﻛ┘B 2026/11,0·`3└ﻼ,3·`6└ﻼ,6·`9└ﻼ,9·`12└ﻼ,12·`15└ﻼ,15·`18└ﻼ,18·`21└ﻼ,21·`24└ﻼ,┴ﻛ┘B 2026/12,0·`3└ﻼ,3·`6└ﻼ,6·`9└ﻼ,9·`12└ﻼ,12·`15└ﻼ,15·`18└ﻼ,18·`21└ﻼ,21·`24└ﻼ,┴ﻛ┘B 2027/1,0·`3└ﻼ,3·`6└ﻼ,6·`9└ﻼ,9·`12└ﻼ,12·`15└ﻼ,15·`18└ﻼ,18·`21└ﻼ,21·`24└ﻼ,┴ﻛ┘B 2027/2,0·`3└ﻼ,3·`6└ﻼ,6·`9└ﻼ,9·`12└ﻼ,12·`15└ﻼ,15·`18└ﻼ,18·`21└ﻼ,21·`24└ﻼ,┴ﻛ┘B 2027/3,0·`3└ﻼ,3·`6└ﻼ,6·`9└ﻼ,9·`12└ﻼ,12·`15└ﻼ,15·`18└ﻼ,18·`21└ﻼ,21·`24└ﻼ
0·`10٪,0,0,0,0,0,0,0,4,0·`10٪,0,0,0,0,0,0,0,4,0·`10٪,0,0,0,0,0,0,0,0,0·`10٪,0,0,0,0,0,0,0,0,0·`10٪,0,0,0,0,0,0,0,0,0·`10٪,0,0,0,0,0,0,0,0,0·`10٪,0,16,19,22,25,27,30,0,0·`10٪,0,17,19,22,25,27,30,0,0·`10٪,0,21,26,31,36,41,46,0,0·`10٪,0,35,42,49,56,63,71,0,0·`10٪,3,17,25,34,43,52,61,0,0·`10٪,0,0,0,0,0,0,0,4
10·`20٪,7,0,0,0,0,0,0,8,10·`20٪,2,0,0,0,0,0,0,7,10·`20٪,0,0,0,0,0,0,0,0,10·`20٪,0,0,0,0,0,0,0,0,10·`20٪,0,0,0,0,0,0,0,0,10·`20٪,0,0,0,0,0,0,0,0,10·`20٪,0,0,136,130,224,77,28,0,10·`20٪,0,0,148,167,185,77,0,0,10·`20٪,0,0,19,233,356,46,0,7,10·`20٪,0,0,66,197,328,234,0,0,10·`20٪,8,0,128,225,322,230,0,8,10·`20٪,7,0,0,0,0,0,0,8
20·`30٪,7,0,474,870,767,664,83,7,20·`30٪,0,0,418,865,731,597,79,10,20·`30٪,0,0,0,0,0,44,79,0,20·`30٪,0,0,0,0,0,0,43,10,20·`30٪,0,16,22,27,33,38,43,3,20·`30٪,0,23,45,45,44,44,43,0,20·`30٪,0,0,252,338,423,608,26,0,20·`30٪,0,0,276,311,346,608,0,0,20·`30٪,2,0,149,436,677,52,0,28,20·`30٪,0,0,91,346,601,405,0,3,20·`30٪,14,0,230,416,602,408,0,11,20·`30٪,13,0,499,520,641,738,0,7
30·`40٪,8,0,837,1958,2307,1407,184,7,30·`40٪,0,0,822,1890,2295,1401,180,13,30·`40٪,0,0,487,744,1028,1308,168,15,30·`40٪,0,0,76,270,464,658,139,1,30·`40٪,0,0,123,302,480,659,40,6,30·`40٪,0,0,369,1059,860,662,40,0,30·`40٪,0,0,798,2080,1782,677,24,0,30·`40٪,0,0,804,1923,1785,719,0,0,30·`40٪,8,0,279,638,998,58,0,23,30·`40٪,0,0,375,579,1013,759,0,10,30·`40٪,20,0,790,1646,977,759,0,6,30·`40٪,18,0,841,1965,2323,1297,0,6
40·`50٪,8,0,1154,2346,2203,1547,285,1,40·`50٪,0,0,1038,2111,2396,2041,280,25,40·`50٪,0,0,937,1533,1639,1780,256,12,40·`50٪,0,0,922,1543,1662,1540,235,5,40·`50٪,0,0,784,1679,1688,1098,29,9,40·`50٪,0,0,732,2312,1789,1236,35,0,40·`50٪,0,0,806,2300,1793,747,22,0,40·`50٪,0,0,802,2177,1769,829,0,0,40·`50٪,13,0,309,644,878,420,0,37,40·`50٪,26,0,413,644,758,873,0,35,40·`50٪,26,0,1032,1411,1115,1106,0,1,40·`50٪,26,0,1163,2348,2224,1379,6,1
50·`60٪,37,0,1701,2266,2099,1687,171,3,50·`60٪,0,0,1680,2138,2497,2681,445,36,50·`60٪,0,0,1376,2108,2566,2387,415,8,50·`60٪,0,0,1429,1926,2175,2422,326,10,50·`60٪,0,0,989,1881,1709,1537,18,12,50·`60٪,0,0,924,2319,1846,1810,29,0,50·`60٪,0,0,1523,2762,2783,1813,20,0,50·`60٪,0,0,850,2230,1871,892,0,31,50·`60٪,19,0,577,762,933,452,0,43,50·`60٪,11,0,451,815,667,676,0,42,50·`60٪,29,0,1275,1583,1217,990,0,42,50·`60٪,29,0,1714,2296,2125,1706,9,18
60·`70٪,0,0,1887,2358,2099,2012,92,34,60·`70٪,0,0,1881,2321,2706,2343,360,48,60·`70٪,0,0,1977,2299,2693,1642,358,4,60·`70٪,0,0,1936,2309,2688,1682,275,14,60·`70٪,0,0,1194,2329,1775,1646,19,15,60·`70٪,0,0,1116,2325,1790,1693,24,0,60·`70٪,0,0,1491,2101,2440,1806,0,0,60·`70٪,0,0,933,2283,1973,955,0,32,60·`70٪,24,0,452,1490,987,485,0,82,60·`70٪,20,0,319,860,576,480,0,82,60·`70٪,29,0,1601,1755,1320,962,0,82,60·`70٪,12,0,1883,2425,2139,2033,11,34
70·`80٪,0,0,2441,2450,2619,2031,124,8,70·`80٪,0,107,2496,2590,2684,2184,370,66,70·`80٪,0,107,2496,2485,2605,1590,371,21,70·`80٪,0,114,2241,3060,1948,1380,375,18,70·`80٪,0,0,1671,2776,1882,1347,89,18,70·`80٪,0,0,1663,2767,1882,1351,19,10,70·`80٪,7,0,1570,2096,2377,1938,0,0,70·`80٪,0,0,1016,2213,1957,1069,0,33,70·`80٪,29,0,328,1314,1043,226,0,51,70·`80٪,30,0,188,906,643,335,0,51,70·`80٪,30,0,1927,2335,1557,934,0,45,70·`80٪,16,0,2478,2555,2631,1734,0,8
80·`90٪,0,83,2689,4027,2970,2051,155,37,80·`90٪,0,67,2705,2764,2770,2271,477,90,80·`90٪,0,67,2589,2671,2712,1597,479,31,80·`90٪,0,0,1174,1584,1597,1039,482,36,80·`90٪,0,0,279,1554,2000,483,14,37,80·`90٪,0,0,1360,1688,2001,418,14,0,80·`90٪,14,0,1648,2090,2313,2070,0,0,80·`90٪,14,0,1717,2143,2057,579,0,35,80·`90٪,12,0,393,1139,1099,184,0,7,80·`90٪,24,0,291,1139,711,282,0,14,80·`90٪,24,0,2023,3877,2424,971,0,7,80·`90٪,25,0,2729,4067,2680,1701,0,37
90·`100٪,0,0,2649,4333,3322,2305,352,0,90·`100٪,0,0,2758,3354,2856,2358,339,0,90·`100٪,6,0,2682,3336,2820,2303,256,12,90·`100٪,0,0,107,992,314,176,92,0,90·`100٪,0,0,107,1260,563,198,82,0,90·`100٪,0,0,1058,1520,1008,0,0,0,90·`100٪,10,0,1242,1649,2056,240,0,36,90·`100٪,10,0,1238,1848,2158,155,0,36,90·`100٪,17,0,21,980,1408,142,0,22,90·`100٪,0,0,459,980,1408,416,0,31,90·`100٪,0,0,2119,4122,3504,1664,0,13,90·`100٪,0,0,2261,4348,3516,1667,0,13
