3-2_(3√ﺫ-1√ﺫ)3√ﺫAdditionalRequirementTable_[MW],,,,,,,,,,,,,,,,,,,,,,,,,,,,,,,,,,,,,,,,,,,,,,,,,,,,,,,,,,,,,,,,,,,,,,,,,,,,,,,,,,,,,,,,,,,,,,,,,,,,,,,,,,,
≈k├C±٩ 2026/4,0·`3└ﻼ,3·`6└ﻼ,6·`9└ﻼ,9·`12└ﻼ,12·`15└ﻼ,15·`18└ﻼ,18·`21└ﻼ,21·`24└ﻼ,≈k├C±٩ 2026/5,0·`3└ﻼ,3·`6└ﻼ,6·`9└ﻼ,9·`12└ﻼ,12·`15└ﻼ,15·`18└ﻼ,18·`21└ﻼ,21·`24└ﻼ,≈k├C±٩ 2026/6,0·`3└ﻼ,3·`6└ﻼ,6·`9└ﻼ,9·`12└ﻼ,12·`15└ﻼ,15·`18└ﻼ,18·`21└ﻼ,21·`24└ﻼ,≈k├C±٩ 2026/7,0·`3└ﻼ,3·`6└ﻼ,6·`9└ﻼ,9·`12└ﻼ,12·`15└ﻼ,15·`18└ﻼ,18·`21└ﻼ,21·`24└ﻼ,≈k├C±٩ 2026/8,0·`3└ﻼ,3·`6└ﻼ,6·`9└ﻼ,9·`12└ﻼ,12·`15└ﻼ,15·`18└ﻼ,18·`21└ﻼ,21·`24└ﻼ,≈k├C±٩ 2026/9,0·`3└ﻼ,3·`6└ﻼ,6·`9└ﻼ,9·`12└ﻼ,12·`15└ﻼ,15·`18└ﻼ,18·`21└ﻼ,21·`24└ﻼ,≈k├C±٩ 2026/10,0·`3└ﻼ,3·`6└ﻼ,6·`9└ﻼ,9·`12└ﻼ,12·`15└ﻼ,15·`18└ﻼ,18·`21└ﻼ,21·`24└ﻼ,≈k├C±٩ 2026/11,0·`3└ﻼ,3·`6└ﻼ,6·`9└ﻼ,9·`12└ﻼ,12·`15└ﻼ,15·`18└ﻼ,18·`21└ﻼ,21·`24└ﻼ,≈k├C±٩ 2026/12,0·`3└ﻼ,3·`6└ﻼ,6·`9└ﻼ,9·`12└ﻼ,12·`15└ﻼ,15·`18└ﻼ,18·`21└ﻼ,21·`24└ﻼ,≈k├C±٩ 2027/1,0·`3└ﻼ,3·`6└ﻼ,6·`9└ﻼ,9·`12└ﻼ,12·`15└ﻼ,15·`18└ﻼ,18·`21└ﻼ,21·`24└ﻼ,≈k├C±٩ 2027/2,0·`3└ﻼ,3·`6└ﻼ,6·`9└ﻼ,9·`12└ﻼ,12·`15└ﻼ,15·`18└ﻼ,18·`21└ﻼ,21·`24└ﻼ,≈k├C±٩ 2027/3,0·`3└ﻼ,3·`6└ﻼ,6·`9└ﻼ,9·`12└ﻼ,12·`15└ﻼ,15·`18└ﻼ,18·`21└ﻼ,21·`24└ﻼ
0·`10٪,0,0,64,85,105,166,0,0,0·`10٪,0,0,104,119,135,150,0,0,0·`10٪,0,0,106,111,117,123,0,0,0·`10٪,0,0,96,110,125,140,0,0,0·`10٪,0,0,51,36,64,93,0,0,0·`10٪,0,0,83,76,109,142,0,0,0·`10٪,0,0,92,51,91,131,0,0,0·`10٪,0,0,113,144,175,244,0,0,0·`10٪,0,0,132,157,181,239,0,0,0·`10٪,0,0,312,277,243,248,0,0,0·`10٪,0,0,299,233,203,174,0,0,0·`10٪,0,0,264,211,191,172,0,0
10·`20٪,0,0,55,67,149,155,0,0,10·`20٪,0,9,96,108,119,131,22,0,10·`20٪,0,12,83,128,108,83,44,0,10·`20٪,0,34,53,123,133,114,56,0,10·`20٪,0,28,95,117,172,138,63,2,10·`20٪,27,140,100,117,169,195,31,24,10·`20٪,18,52,119,146,173,188,123,14,10·`20٪,10,40,89,106,126,186,129,9,10·`20٪,0,0,172,139,159,192,24,8,10·`20٪,0,0,178,171,216,223,57,32,10·`20٪,0,0,194,201,211,156,70,20,10·`20٪,0,0,186,166,200,158,6,5
20·`30٪,49,61,100,116,193,144,130,85,20·`30٪,24,29,89,141,144,147,64,50,20·`30٪,18,58,111,145,135,97,66,56,20·`30٪,14,64,72,135,140,88,65,24,20·`30٪,21,59,116,153,190,205,96,19,20·`30٪,49,184,117,148,179,247,71,43,20·`30٪,42,238,133,160,187,246,135,40,20·`30٪,29,86,55,67,160,180,128,68,20·`30٪,55,81,150,168,185,145,90,88,20·`30٪,56,84,151,166,189,199,93,83,20·`30٪,52,77,188,217,220,138,165,97,20·`30٪,47,68,152,180,208,145,127,93
30·`40٪,64,97,87,165,285,168,188,127,30·`40٪,51,82,119,175,169,163,170,92,30·`40٪,57,71,141,213,162,111,70,57,30·`40٪,42,101,91,208,211,101,128,74,30·`40٪,61,100,144,195,201,232,129,74,30·`40٪,124,228,123,191,202,219,153,85,30·`40٪,105,219,95,195,192,229,147,83,30·`40٪,106,133,74,108,193,174,178,147,30·`40٪,61,120,128,170,212,175,210,171,30·`40٪,73,101,124,161,197,208,193,163,30·`40٪,75,123,140,234,327,181,184,159,30·`40٪,80,110,118,170,285,172,192,138
40·`50٪,67,105,123,273,372,276,214,185,40·`50٪,88,102,150,275,361,229,166,116,40·`50٪,39,102,171,291,360,164,184,137,40·`50٪,39,80,184,272,227,182,186,161,40·`50٪,25,82,172,272,227,259,213,161,40·`50٪,79,187,161,281,314,232,218,145,40·`50٪,115,200,57,230,197,211,206,147,40·`50٪,154,155,92,162,232,156,228,202,40·`50٪,148,159,96,165,236,238,249,221,40·`50٪,149,168,81,177,230,256,194,165,40·`50٪,130,158,177,239,374,252,234,184,40·`50٪,136,171,145,220,368,272,219,188
50·`60٪,123,164,160,367,370,388,281,187,50·`60٪,73,83,160,328,348,238,162,140,50·`60٪,27,188,181,351,454,327,179,168,50·`60٪,42,54,206,308,295,320,225,188,50·`60٪,46,76,214,373,421,324,234,185,50·`60٪,50,158,200,372,427,244,218,206,50·`60٪,124,184,65,347,418,246,216,213,50·`60٪,122,126,59,156,310,186,254,222,50·`60٪,178,179,78,159,259,284,256,241,50·`60٪,182,188,95,193,263,295,255,242,50·`60٪,185,193,214,309,405,397,303,237,50·`60٪,135,138,173,270,368,392,312,237
60·`70٪,107,119,237,330,347,363,288,190,60·`70٪,58,117,226,291,298,306,183,178,60·`70٪,72,158,241,408,549,290,183,180,60·`70٪,74,87,265,340,554,306,251,217,60·`70٪,72,120,277,417,562,308,242,222,60·`70٪,91,171,277,377,403,266,367,393,60·`70٪,133,168,167,352,352,264,348,387,60·`70٪,150,144,93,190,388,322,317,382,60·`70٪,231,209,121,190,404,331,320,262,60·`70٪,190,205,153,221,403,334,307,271,60·`70٪,226,237,242,353,365,377,296,222,60·`70٪,173,156,254,344,353,362,298,241
70·`80٪,74,83,227,364,335,348,244,228,70·`80٪,54,130,307,330,322,314,250,230,70·`80٪,66,127,301,464,427,331,199,56,70·`80٪,139,202,326,461,472,339,209,91,70·`80٪,139,144,432,461,384,292,209,170,70·`80٪,132,184,442,403,379,289,239,147,70·`80٪,184,162,427,357,339,226,240,227,70·`80٪,179,198,47,234,361,282,277,234,70·`80٪,192,174,164,221,367,270,279,265,70·`80٪,206,221,210,249,370,284,284,281,70·`80٪,194,257,211,397,355,288,299,206,70·`80٪,168,169,205,388,346,304,252,245
80·`90٪,41,133,216,306,359,334,257,217,80·`90٪,50,143,214,295,354,360,158,133,80·`90٪,60,147,307,421,382,371,164,30,80·`90٪,0,53,323,409,390,372,168,83,80·`90٪,110,167,382,567,353,252,176,150,80·`90٪,147,174,296,596,362,251,229,113,80·`90٪,200,170,292,608,326,271,207,202,80·`90٪,198,219,58,243,333,260,236,204,80·`90٪,125,101,176,238,393,254,238,198,80·`90٪,226,275,191,271,337,217,260,264,80·`90٪,162,277,180,319,345,220,306,227,80·`90٪,163,182,156,323,320,290,282,248
90·`100٪,12,21,97,166,193,361,270,205,90·`100٪,0,0,117,171,309,396,153,37,90·`100٪,16,20,312,378,336,384,151,69,90·`100٪,0,46,320,374,347,364,117,76,90·`100٪,57,131,331,371,347,212,211,129,90·`100٪,161,136,149,176,193,213,220,130,90·`100٪,215,179,157,266,303,194,220,131,90·`100٪,217,241,145,251,300,180,125,107,90·`100٪,82,67,188,255,419,190,125,6,90·`100٪,67,330,171,292,386,197,267,248,90·`100٪,106,331,213,315,381,209,312,249,90·`100٪,10,285,60,193,163,157,313,250
±┐≈k 2026/4,0·`3└ﻼ,3·`6└ﻼ,6·`9└ﻼ,9·`12└ﻼ,12·`15└ﻼ,15·`18└ﻼ,18·`21└ﻼ,21·`24└ﻼ,±┐≈k 2026/5,0·`3└ﻼ,3·`6└ﻼ,6·`9└ﻼ,9·`12└ﻼ,12·`15└ﻼ,15·`18└ﻼ,18·`21└ﻼ,21·`24└ﻼ,±┐≈k 2026/6,0·`3└ﻼ,3·`6└ﻼ,6·`9└ﻼ,9·`12└ﻼ,12·`15└ﻼ,15·`18└ﻼ,18·`21└ﻼ,21·`24└ﻼ,±┐≈k 2026/7,0·`3└ﻼ,3·`6└ﻼ,6·`9└ﻼ,9·`12└ﻼ,12·`15└ﻼ,15·`18└ﻼ,18·`21└ﻼ,21·`24└ﻼ,±┐≈k 2026/8,0·`3└ﻼ,3·`6└ﻼ,6·`9└ﻼ,9·`12└ﻼ,12·`15└ﻼ,15·`18└ﻼ,18·`21└ﻼ,21·`24└ﻼ,±┐≈k 2026/9,0·`3└ﻼ,3·`6└ﻼ,6·`9└ﻼ,9·`12└ﻼ,12·`15└ﻼ,15·`18└ﻼ,18·`21└ﻼ,21·`24└ﻼ,±┐≈k 2026/10,0·`3└ﻼ,3·`6└ﻼ,6·`9└ﻼ,9·`12└ﻼ,12·`15└ﻼ,15·`18└ﻼ,18·`21└ﻼ,21·`24└ﻼ,±┐≈k 2026/11,0·`3└ﻼ,3·`6└ﻼ,6·`9└ﻼ,9·`12└ﻼ,12·`15└ﻼ,15·`18└ﻼ,18·`21└ﻼ,21·`24└ﻼ,±┐≈k 2026/12,0·`3└ﻼ,3·`6└ﻼ,6·`9└ﻼ,9·`12└ﻼ,12·`15└ﻼ,15·`18└ﻼ,18·`21└ﻼ,21·`24└ﻼ,±┐≈k 2027/1,0·`3└ﻼ,3·`6└ﻼ,6·`9└ﻼ,9·`12└ﻼ,12·`15└ﻼ,15·`18└ﻼ,18·`21└ﻼ,21·`24└ﻼ,±┐≈k 2027/2,0·`3└ﻼ,3·`6└ﻼ,6·`9└ﻼ,9·`12└ﻼ,12·`15└ﻼ,15·`18└ﻼ,18·`21└ﻼ,21·`24└ﻼ,±┐≈k 2027/3,0·`3└ﻼ,3·`6└ﻼ,6·`9└ﻼ,9·`12└ﻼ,12·`15└ﻼ,15·`18└ﻼ,18·`21└ﻼ,21·`24└ﻼ
0·`10٪,20,249,149,158,167,177,373,22,0·`10٪,0,203,221,238,256,274,291,15,0·`10٪,51,175,179,183,187,191,195,56,0·`10٪,54,175,169,162,155,148,240,49,0·`10٪,42,170,163,156,149,232,314,39,0·`10٪,59,326,192,57,99,142,383,66,0·`10٪,53,321,295,307,242,309,376,56,0·`10٪,46,308,219,143,201,259,383,49,0·`10٪,46,251,227,208,224,241,413,0,0·`10٪,64,202,122,69,195,320,409,103,0·`10٪,60,234,135,100,209,318,403,81,0·`10٪,33,236,124,73,203,333,392,33
10·`20٪,112,189,195,285,250,216,202,118,10·`20٪,121,151,237,245,284,219,171,128,10·`20٪,105,110,215,240,226,212,123,96,10·`20٪,73,76,246,177,272,152,37,105,10·`20٪,72,79,210,295,222,213,183,90,10·`20٪,73,226,253,280,246,263,313,83,10·`20٪,65,225,295,282,303,342,0,71,10·`20٪,65,190,251,267,289,318,0,67,10·`20٪,53,0,249,133,214,296,0,100,10·`20٪,63,0,212,459,378,383,0,138,10·`20٪,59,8,314,477,386,397,0,130,10·`20٪,108,192,305,474,353,470,0,127
20·`30٪,75,129,242,454,522,591,123,152,20·`30٪,78,98,252,252,312,330,51,162,20·`30٪,82,45,252,298,708,328,50,169,20·`30٪,85,51,324,451,389,328,8,102,20·`30٪,83,120,257,395,295,274,53,115,20·`30٪,71,126,314,401,394,384,243,114,20·`30٪,66,129,294,404,364,376,0,122,20·`30٪,13,72,284,392,377,377,0,105,20·`30٪,67,0,272,182,317,177,0,75,20·`30٪,10,0,528,998,833,447,0,200,20·`30٪,32,8,565,944,850,476,0,205,20·`30٪,54,148,566,940,852,608,0,205
30·`40٪,123,103,654,1182,1207,871,44,184,30·`40٪,129,106,664,1147,1257,913,46,184,30·`40٪,146,103,680,1153,1189,760,60,177,30·`40٪,31,112,361,798,957,377,33,105,30·`40٪,43,76,387,801,645,335,61,120,30·`40٪,50,24,348,690,693,444,172,213,30·`40٪,78,25,343,699,679,309,0,150,30·`40٪,42,121,345,538,731,393,0,185,30·`40٪,82,0,329,375,421,226,0,173,30·`40٪,108,0,609,1496,1430,557,0,190,30·`40٪,146,7,619,1560,1589,782,0,148,30·`40٪,99,133,614,1601,1404,880,0,186
40·`50٪,66,135,938,1405,1546,830,0,298,40·`50٪,36,171,964,1162,1312,738,36,293,40·`50٪,113,200,774,1202,1252,658,70,204,40·`50٪,15,203,596,862,1014,442,57,138,40·`50٪,12,186,782,855,811,443,70,126,40·`50٪,29,53,704,718,850,505,102,313,40·`50٪,91,27,649,715,735,393,0,299,40·`50٪,72,171,446,698,820,409,0,291,40·`50٪,86,0,483,463,563,459,0,273,40·`50٪,93,0,643,1384,1373,638,0,280,40·`50٪,106,0,711,1727,1786,795,0,238,40·`50٪,74,2,979,1677,1695,770,0,300
50·`60٪,95,146,1215,1628,1884,779,0,448,50·`60٪,106,107,898,1178,1367,845,130,209,50·`60٪,81,258,868,1251,1316,677,80,229,50·`60٪,3,258,832,883,1072,428,81,246,50·`60٪,55,256,788,898,1008,566,78,244,50·`60٪,62,225,714,965,1171,582,31,347,50·`60٪,104,269,905,1018,749,495,0,242,50·`60٪,151,310,546,1034,1146,235,0,240,50·`60٪,131,0,638,549,641,733,0,147,50·`60٪,143,0,678,1504,1441,719,0,303,50·`60٪,141,0,804,1894,1983,694,0,485,50·`60٪,146,33,1251,1752,1987,734,0,453
60·`70٪,115,59,1492,2088,2338,729,0,389,60·`70٪,99,78,783,2053,1867,952,223,89,60·`70٪,34,195,708,1448,1518,696,213,301,60·`70٪,0,200,940,1595,1580,498,222,354,60·`70٪,53,198,805,1669,1059,689,48,367,60·`70٪,40,86,1316,1960,1491,658,0,324,60·`70٪,361,35,1161,1955,1448,597,0,266,60·`70٪,435,159,1110,2065,1471,156,0,247,60·`70٪,386,0,556,1684,1433,185,0,176,60·`70٪,115,0,585,1624,1509,254,0,289,60·`70٪,62,0,1453,2237,2435,635,0,422,60·`70٪,120,58,1523,2166,2441,698,0,406
70·`80٪,78,32,1126,2277,1892,668,0,274,70·`80٪,116,102,667,1505,1904,1173,98,134,70·`80٪,0,133,658,1468,1897,1141,79,37,70·`80٪,0,141,1049,1693,1969,552,171,44,70·`80٪,0,140,823,1712,1679,781,18,299,70·`80٪,7,83,1280,1662,1261,727,0,301,70·`80٪,0,24,875,1696,1488,667,0,289,70·`80٪,225,86,918,1692,1364,187,0,255,70·`80٪,229,0,647,1854,1371,127,0,359,70·`80٪,63,0,636,1851,1127,168,0,366,70·`80٪,42,0,1200,2463,2000,571,0,375,70·`80٪,71,83,664,2424,1999,578,0,291
80·`90٪,147,147,976,1632,1445,498,0,160,80·`90٪,0,152,550,1208,1855,1620,155,13,80·`90٪,0,133,609,1701,1860,1586,119,0,80·`90٪,0,124,1267,1790,1990,1618,120,22,80·`90٪,0,118,1305,1755,1954,872,59,247,80·`90٪,0,92,1243,1120,1241,796,0,337,80·`90٪,0,0,742,949,1368,737,0,387,80·`90٪,15,13,726,1012,785,276,0,384,80·`90٪,72,0,738,1507,790,210,0,402,80·`90٪,85,0,688,1522,745,212,0,292,80·`90٪,148,0,1082,1833,1566,179,0,291,80·`90٪,153,108,550,1661,1556,383,0,176
90·`100٪,0,122,826,987,1147,328,0,176,90·`100٪,0,171,431,470,1155,480,27,100,90·`100٪,0,164,288,494,1131,469,125,0,90·`100٪,0,163,1010,1043,507,464,117,1,90·`100٪,0,78,977,1042,1211,264,99,0,90·`100٪,0,72,907,1037,1220,195,0,0,90·`100٪,0,0,608,889,1249,279,0,0,90·`100٪,0,17,520,931,646,361,0,6,90·`100٪,34,0,936,1159,497,262,0,201,90·`100٪,25,0,814,1192,495,258,0,201,90·`100٪,0,0,965,1203,526,163,0,205,90·`100٪,0,34,675,898,452,187,0,203
±┐┴ﻼ 2026/4,0·`3└ﻼ,3·`6└ﻼ,6·`9└ﻼ,9·`12└ﻼ,12·`15└ﻼ,15·`18└ﻼ,18·`21└ﻼ,21·`24└ﻼ,±┐┴ﻼ 2026/5,0·`3└ﻼ,3·`6└ﻼ,6·`9└ﻼ,9·`12└ﻼ,12·`15└ﻼ,15·`18└ﻼ,18·`21└ﻼ,21·`24└ﻼ,±┐┴ﻼ 2026/6,0·`3└ﻼ,3·`6└ﻼ,6·`9└ﻼ,9·`12└ﻼ,12·`15└ﻼ,15·`18└ﻼ,18·`21└ﻼ,21·`24└ﻼ,±┐┴ﻼ 2026/7,0·`3└ﻼ,3·`6└ﻼ,6·`9└ﻼ,9·`12└ﻼ,12·`15└ﻼ,15·`18└ﻼ,18·`21└ﻼ,21·`24└ﻼ,±┐┴ﻼ 2026/8,0·`3└ﻼ,3·`6└ﻼ,6·`9└ﻼ,9·`12└ﻼ,12·`15└ﻼ,15·`18└ﻼ,18·`21└ﻼ,21·`24└ﻼ,±┐┴ﻼ 2026/9,0·`3└ﻼ,3·`6└ﻼ,6·`9└ﻼ,9·`12└ﻼ,12·`15└ﻼ,15·`18└ﻼ,18·`21└ﻼ,21·`24└ﻼ,±┐┴ﻼ 2026/10,0·`3└ﻼ,3·`6└ﻼ,6·`9└ﻼ,9·`12└ﻼ,12·`15└ﻼ,15·`18└ﻼ,18·`21└ﻼ,21·`24└ﻼ,±┐┴ﻼ 2026/11,0·`3└ﻼ,3·`6└ﻼ,6·`9└ﻼ,9·`12└ﻼ,12·`15└ﻼ,15·`18└ﻼ,18·`21└ﻼ,21·`24└ﻼ,±┐┴ﻼ 2026/12,0·`3└ﻼ,3·`6└ﻼ,6·`9└ﻼ,9·`12└ﻼ,12·`15└ﻼ,15·`18└ﻼ,18·`21└ﻼ,21·`24└ﻼ,±┐┴ﻼ 2027/1,0·`3└ﻼ,3·`6└ﻼ,6·`9└ﻼ,9·`12└ﻼ,12·`15└ﻼ,15·`18└ﻼ,18·`21└ﻼ,21·`24└ﻼ,±┐┴ﻼ 2027/2,0·`3└ﻼ,3·`6└ﻼ,6·`9└ﻼ,9·`12└ﻼ,12·`15└ﻼ,15·`18└ﻼ,18·`21└ﻼ,21·`24└ﻼ,±┐┴ﻼ 2027/3,0·`3└ﻼ,3·`6└ﻼ,6·`9└ﻼ,9·`12└ﻼ,12·`15└ﻼ,15·`18└ﻼ,18·`21└ﻼ,21·`24└ﻼ
0·`10٪,0,0,1277,890,503,160,0,0,0·`10٪,0,47,134,323,193,102,97,0,0·`10٪,0,52,128,265,216,79,93,0,0·`10٪,0,99,134,195,204,56,118,0,0·`10٪,0,96,152,209,120,67,103,0,0·`10٪,0,75,158,232,244,174,91,0,0·`10٪,0,38,204,251,252,172,91,0,0·`10٪,0,36,224,126,27,167,57,0,0·`10٪,0,41,211,114,16,73,67,0,0·`10٪,0,108,90,61,317,64,61,0,0·`10٪,0,100,302,16,33,83,72,0,0·`10٪,0,97,171,87,8,79,115,0
10·`20٪,0,0,1460,2088,740,735,0,0,10·`20٪,0,60,545,856,543,223,9,0,10·`20٪,0,58,583,857,565,225,9,0,10·`20٪,0,106,678,957,547,216,8,0,10·`20٪,0,1,109,388,305,281,102,0,10·`20٪,0,61,169,412,724,433,83,0,10·`20٪,0,17,159,364,715,444,0,0,10·`20٪,0,32,289,418,722,234,0,0,10·`20٪,0,36,185,422,266,114,0,0,10·`20٪,0,0,282,1119,546,437,0,0,10·`20٪,0,51,715,473,499,286,0,0,10·`20٪,0,36,496,614,365,300,77,0
20·`30٪,0,1,1643,3286,3257,240,0,0,20·`30٪,0,73,2004,2100,1491,1085,33,0,20·`30٪,0,63,1985,1922,1465,1121,33,0,20·`30٪,0,112,1251,2023,1590,1157,35,0,20·`30٪,0,35,414,752,1091,624,101,0,20·`30٪,0,48,414,1393,956,655,75,0,20·`30٪,0,22,236,1375,944,643,0,0,20·`30٪,0,28,267,1368,923,647,0,0,20·`30٪,0,32,270,191,386,155,0,0,20·`30٪,0,0,72,1081,1138,141,0,0,20·`30٪,0,2,1129,1267,810,898,0,0,20·`30٪,0,33,1001,1410,1298,773,39,0
30·`40٪,0,18,504,2484,2673,690,1,0,30·`40٪,0,122,1942,2353,2611,1667,49,0,30·`40٪,0,189,1894,2215,2373,1610,52,0,30·`40٪,0,204,1549,1985,2363,1705,56,0,30·`40٪,0,70,836,1219,1037,893,100,0,30·`40٪,0,34,915,1104,1614,1017,67,0,30·`40٪,0,45,1033,1464,1591,529,0,0,30·`40٪,0,24,417,905,1671,628,0,0,30·`40٪,0,27,417,583,490,315,0,0,30·`40٪,0,0,479,891,379,269,0,0,30·`40٪,0,0,857,1787,1521,1255,0,0,30·`40٪,0,21,1173,1778,1583,1238,1,0
40·`50٪,0,35,442,2174,2089,994,0,0,40·`50٪,0,234,1879,2496,2811,2188,108,0,40·`50٪,0,245,1803,1986,2654,2144,107,0,40·`50٪,0,255,1846,1977,2123,2148,105,0,40·`50٪,0,169,1305,1368,1468,875,100,0,40·`50٪,0,163,1062,1281,1455,891,59,0,40·`50٪,0,79,1046,1285,1523,861,0,0,40·`50٪,0,20,1372,1359,1215,837,0,0,40·`50٪,0,23,760,974,1188,526,0,0,40·`50٪,0,0,754,701,291,230,0,0,40·`50٪,0,0,1013,2033,3052,458,0,0,40·`50٪,0,8,1346,2204,3062,1075,0,0
50·`60٪,0,44,250,925,2051,1467,0,0,50·`60٪,0,108,2097,2640,3012,1828,85,0,50·`60٪,0,115,2054,2206,2935,1917,35,0,50·`60٪,0,165,2107,2274,2019,1878,28,0,50·`60٪,0,136,1492,2275,2157,1324,13,0,50·`60٪,0,159,1618,1512,1832,1332,51,0,50·`60٪,0,3,1317,1335,1552,1250,0,0,50·`60٪,0,16,1099,2349,1459,1096,0,0,50·`60٪,0,18,991,1326,793,737,0,0,50·`60٪,0,0,357,605,203,190,0,0,50·`60٪,0,0,1383,2494,3605,363,0,0,50·`60٪,0,137,1277,1988,3493,1149,0,0
60·`70٪,0,53,298,778,1483,1180,0,0,60·`70٪,0,208,2316,3218,3780,2058,80,0,60·`70٪,0,213,2305,3172,3700,2158,54,0,60·`70٪,0,270,2368,2811,2368,1965,49,0,60·`70٪,0,230,2166,3155,2504,1838,21,0,60·`70٪,0,92,1485,3551,2295,1773,43,0,60·`70٪,0,23,1441,3654,2092,1640,0,0,60·`70٪,0,12,1444,3338,2082,1356,0,0,60·`70٪,0,14,595,1677,944,409,0,0,60·`70٪,0,0,680,888,447,351,0,0,60·`70٪,0,0,1489,4031,3733,425,0,0,60·`70٪,0,73,1227,2377,3527,1885,0,0
70·`80٪,0,63,347,631,915,892,0,0,70·`80٪,0,262,1165,2405,3143,2287,74,0,70·`80٪,0,324,2072,3469,2533,2400,74,0,70·`80٪,0,312,2110,3955,2717,2052,70,0,70·`80٪,0,275,1815,4035,2850,2066,29,0,70·`80٪,0,79,1822,4378,2803,1988,35,0,70·`80٪,0,22,1657,4250,2575,315,0,0,70·`80٪,0,9,1766,4579,2563,768,0,0,70·`80٪,0,10,815,1386,1094,81,0,0,70·`80٪,0,0,1007,842,676,511,0,0,70·`80٪,0,0,1594,5567,2809,487,0,0,70·`80٪,0,13,1492,5348,3244,811,0,0
80·`90٪,0,33,221,189,654,606,0,0,80·`90٪,0,195,959,1530,2506,2851,0,0,80·`90٪,0,119,1840,1862,2452,3042,0,0,80·`90٪,0,133,1852,2075,3741,3415,45,0,80·`90٪,0,92,1872,2085,3754,432,24,0,80·`90٪,0,57,1707,4164,3635,180,27,0,80·`90٪,0,28,1654,4206,3338,160,0,0,80·`90٪,0,5,1363,4540,3697,486,0,0,80·`90٪,0,5,881,1094,1625,248,0,0,80·`90٪,0,0,835,1222,1024,807,0,0,80·`90٪,0,0,836,1421,1422,651,0,0,80·`90٪,0,61,960,1996,2960,608,0,0
90·`100٪,0,1,435,179,0,0,0,0,90·`100٪,0,259,1278,915,293,259,0,0,90·`100٪,0,245,631,1657,704,48,0,0,90·`100٪,0,235,600,1777,1357,76,19,0,90·`100٪,0,235,893,1746,1358,76,19,0,90·`100٪,0,95,884,1313,685,89,19,0,90·`100٪,0,26,763,1008,1077,203,0,0,90·`100٪,0,1,813,1497,1044,203,0,0,90·`100٪,0,1,560,1439,1056,372,0,0,90·`100٪,0,0,609,1049,836,0,0,0,90·`100٪,0,0,522,1096,743,201,0,0,90·`100٪,0,72,1176,1164,966,260,0,0
φ│¼½ 2026/4,0·`3└ﻼ,3·`6└ﻼ,6·`9└ﻼ,9·`12└ﻼ,12·`15└ﻼ,15·`18└ﻼ,18·`21└ﻼ,21·`24└ﻼ,φ│¼½ 2026/5,0·`3└ﻼ,3·`6└ﻼ,6·`9└ﻼ,9·`12└ﻼ,12·`15└ﻼ,15·`18└ﻼ,18·`21└ﻼ,21·`24└ﻼ,φ│¼½ 2026/6,0·`3└ﻼ,3·`6└ﻼ,6·`9└ﻼ,9·`12└ﻼ,12·`15└ﻼ,15·`18└ﻼ,18·`21└ﻼ,21·`24└ﻼ,φ│¼½ 2026/7,0·`3└ﻼ,3·`6└ﻼ,6·`9└ﻼ,9·`12└ﻼ,12·`15└ﻼ,15·`18└ﻼ,18·`21└ﻼ,21·`24└ﻼ,φ│¼½ 2026/8,0·`3└ﻼ,3·`6└ﻼ,6·`9└ﻼ,9·`12└ﻼ,12·`15└ﻼ,15·`18└ﻼ,18·`21└ﻼ,21·`24└ﻼ,φ│¼½ 2026/9,0·`3└ﻼ,3·`6└ﻼ,6·`9└ﻼ,9·`12└ﻼ,12·`15└ﻼ,15·`18└ﻼ,18·`21└ﻼ,21·`24└ﻼ,φ│¼½ 2026/10,0·`3└ﻼ,3·`6└ﻼ,6·`9└ﻼ,9·`12└ﻼ,12·`15└ﻼ,15·`18└ﻼ,18·`21└ﻼ,21·`24└ﻼ,φ│¼½ 2026/11,0·`3└ﻼ,3·`6└ﻼ,6·`9└ﻼ,9·`12└ﻼ,12·`15└ﻼ,15·`18└ﻼ,18·`21└ﻼ,21·`24└ﻼ,φ│¼½ 2026/12,0·`3└ﻼ,3·`6└ﻼ,6·`9└ﻼ,9·`12└ﻼ,12·`15└ﻼ,15·`18└ﻼ,18·`21└ﻼ,21·`24└ﻼ,φ│¼½ 2027/1,0·`3└ﻼ,3·`6└ﻼ,6·`9└ﻼ,9·`12└ﻼ,12·`15└ﻼ,15·`18└ﻼ,18·`21└ﻼ,21·`24└ﻼ,φ│¼½ 2027/2,0·`3└ﻼ,3·`6└ﻼ,6·`9└ﻼ,9·`12└ﻼ,12·`15└ﻼ,15·`18└ﻼ,18·`21└ﻼ,21·`24└ﻼ,φ│¼½ 2027/3,0·`3└ﻼ,3·`6└ﻼ,6·`9└ﻼ,9·`12└ﻼ,12·`15└ﻼ,15·`18└ﻼ,18·`21└ﻼ,21·`24└ﻼ
0·`10٪,5,128,344,98,82,54,89,5,0·`10٪,6,78,243,24,104,128,136,6,0·`10٪,6,88,157,50,105,105,137,6,0·`10٪,10,158,113,160,48,38,138,8,0·`10٪,10,162,148,171,106,42,119,7,0·`10٪,11,160,178,171,132,94,118,8,0·`10٪,7,75,186,214,29,45,118,7,0·`10٪,6,73,179,214,29,148,70,9,0·`10٪,2,56,228,199,7,170,67,10,0·`10٪,0,60,227,200,173,146,67,3,0·`10٪,2,137,356,122,105,87,65,0,0·`10٪,3,135,346,116,99,83,71,2
10·`20٪,17,12,560,577,222,210,0,19,10·`20٪,14,25,551,789,641,492,104,20,10·`20٪,14,79,532,749,247,127,8,23,10·`20٪,15,80,522,648,491,263,6,20,10·`20٪,14,68,392,250,304,373,61,22,10·`20٪,16,0,278,451,624,371,0,19,10·`20٪,17,19,599,914,460,181,0,17,10·`20٪,16,0,589,808,441,176,0,16,10·`20٪,7,0,589,817,425,118,0,13,10·`20٪,5,0,399,516,313,312,0,18,10·`20٪,20,0,390,637,464,290,0,16,10·`20٪,19,0,479,654,506,357,43,17
20·`30٪,31,89,598,1384,1340,881,0,27,20·`30٪,31,74,639,1211,1054,857,72,32,20·`30٪,22,48,685,902,651,534,13,34,20·`30٪,20,12,773,956,1479,545,4,36,20·`30٪,21,54,758,975,1315,403,4,33,20·`30٪,24,0,757,1003,1261,554,0,32,20·`30٪,28,49,794,1002,732,212,0,35,20·`30٪,29,0,792,1027,799,323,0,31,20·`30٪,30,0,741,1179,432,227,0,33,20·`30٪,23,0,419,1504,672,478,0,23,20·`30٪,21,0,983,1826,1269,667,0,28,20·`30٪,32,0,1022,1473,1298,901,15,24
30·`40٪,33,66,1497,1442,1386,1448,0,54,30·`40٪,39,97,1639,1633,1435,1460,41,54,30·`40٪,41,91,1659,1708,1057,941,18,56,30·`40٪,37,90,1710,1616,1545,816,22,21,30·`40٪,30,40,1070,1404,1194,778,8,31,30·`40٪,34,0,1054,1405,1302,737,0,44,30·`40٪,35,79,988,1006,949,769,0,44,30·`40٪,34,0,995,1214,920,760,0,44,30·`40٪,7,0,893,1407,563,268,0,27,30·`40٪,26,0,892,1292,1594,847,0,42,30·`40٪,25,0,1577,1727,1877,793,0,40,30·`40٪,32,0,1566,1562,1557,1460,17,42
40·`50٪,49,80,1556,1664,1975,1497,0,37,40·`50٪,50,95,1467,1811,2159,1583,60,53,40·`50٪,39,138,1455,1851,1696,1321,66,56,40·`50٪,28,133,1535,1688,1611,867,67,58,40·`50٪,35,26,1158,1647,1314,981,44,58,40·`50٪,31,0,1257,1549,1547,861,0,55,40·`50٪,30,5,1204,1326,1164,793,0,40,40·`50٪,17,0,1199,1401,1295,1006,0,38,40·`50٪,7,0,945,1636,1609,706,0,15,40·`50٪,29,0,855,1480,1747,1373,0,57,40·`50٪,27,0,1610,1841,1880,1360,0,55,40·`50٪,51,0,1651,1815,1979,1559,0,58
50·`60٪,59,94,1614,1887,1982,1546,0,61,50·`60٪,44,65,1295,1988,2080,1705,1,60,50·`60٪,46,93,1251,1993,2125,1701,12,52,50·`60٪,48,102,1360,1993,2146,1723,17,64,50·`60٪,23,39,1514,2087,1577,1404,73,67,50·`60٪,53,0,1501,1646,1791,1329,0,71,50·`60٪,53,4,1396,1606,1817,1253,0,21,50·`60٪,53,0,1373,1561,1750,1252,0,16,50·`60٪,15,0,1429,1722,1560,838,0,15,50·`60٪,69,0,988,1715,1901,1302,0,30,50·`60٪,70,0,1643,1956,1882,1464,0,30,50·`60٪,62,0,1735,1843,1950,1659,0,66
60·`70٪,62,92,1832,2021,1988,1934,0,38,60·`70٪,57,118,1321,2211,2197,1993,8,59,60·`70٪,37,120,1374,2213,2164,1880,62,58,60·`70٪,52,129,1418,2388,2123,1850,64,60,60·`70٪,50,53,2289,2528,2325,1646,103,59,60·`70٪,34,0,2186,2573,2462,1249,0,37,60·`70٪,27,3,2158,2544,2501,1317,0,34,60·`70٪,69,0,1713,2462,1865,1314,0,74,60·`70٪,10,0,1290,1970,1650,970,0,75,60·`70٪,65,0,1641,1898,2022,1437,0,74,60·`70٪,64,0,1669,1966,2027,1568,0,52,60·`70٪,72,0,1869,1922,1921,1920,0,57
70·`80٪,38,91,2050,2155,2260,1737,0,92,70·`80٪,53,142,1579,2435,2313,1945,51,93,70·`80٪,46,20,1120,2432,2296,1890,93,79,70·`80٪,45,19,1153,2783,2266,1922,93,53,70·`80٪,57,21,1809,3124,2445,1849,35,53,70·`80٪,58,0,1791,3095,2355,1169,0,52,70·`80٪,58,1,1746,3052,2567,1381,0,53,70·`80٪,84,0,1679,2502,1980,1377,0,92,70·`80٪,58,0,1151,2333,1778,1333,0,93,70·`80٪,17,0,1394,3006,2143,1437,0,92,70·`80٪,29,0,1970,3039,2172,1407,0,47,70·`80٪,33,0,2003,3031,2061,1718,0,49
80·`90٪,87,90,1617,2856,2231,1539,0,79,80·`90٪,84,166,1393,2826,2388,2139,42,80,80·`90٪,85,137,1097,2305,2395,2118,29,77,80·`90٪,63,134,1100,2595,2376,2072,29,63,80·`90٪,46,50,1608,2536,2566,2052,20,61,80·`90٪,42,0,1750,2772,2247,1010,0,81,80·`90٪,43,0,1692,2574,2634,1702,0,82,80·`90٪,99,0,1592,2581,2250,1697,0,50,80·`90٪,105,0,1222,2534,1906,1696,0,52,80·`90٪,107,0,1148,3021,2502,1184,0,15,80·`90٪,91,0,1563,3093,2562,1226,0,12,80·`90٪,91,0,1579,3223,2581,1515,0,5
90·`100٪,61,88,1184,2982,1784,1626,0,85,90·`100٪,106,46,1207,3058,2494,2333,34,92,90·`100٪,102,39,1201,2178,2867,2812,28,91,90·`100٪,99,46,1206,2101,2810,2766,28,98,90·`100٪,100,0,1407,2117,2823,2529,25,102,90·`100٪,105,0,1709,1966,1518,290,0,109,90·`100٪,52,0,1637,2017,2885,322,0,111,90·`100٪,60,0,1506,1959,2917,506,0,8,90·`100٪,60,0,601,1507,2920,775,0,11,90·`100٪,22,0,802,1769,1853,931,0,6,90·`100٪,22,0,1157,1778,1877,1045,0,46,90·`100٪,5,0,1155,2936,1775,1610,0,46
≈k«¤ 2026/4,0·`3└ﻼ,3·`6└ﻼ,6·`9└ﻼ,9·`12└ﻼ,12·`15└ﻼ,15·`18└ﻼ,18·`21└ﻼ,21·`24└ﻼ,≈k«¤ 2026/5,0·`3└ﻼ,3·`6└ﻼ,6·`9└ﻼ,9·`12└ﻼ,12·`15└ﻼ,15·`18└ﻼ,18·`21└ﻼ,21·`24└ﻼ,≈k«¤ 2026/6,0·`3└ﻼ,3·`6└ﻼ,6·`9└ﻼ,9·`12└ﻼ,12·`15└ﻼ,15·`18└ﻼ,18·`21└ﻼ,21·`24└ﻼ,≈k«¤ 2026/7,0·`3└ﻼ,3·`6└ﻼ,6·`9└ﻼ,9·`12└ﻼ,12·`15└ﻼ,15·`18└ﻼ,18·`21└ﻼ,21·`24└ﻼ,≈k«¤ 2026/8,0·`3└ﻼ,3·`6└ﻼ,6·`9└ﻼ,9·`12└ﻼ,12·`15└ﻼ,15·`18└ﻼ,18·`21└ﻼ,21·`24└ﻼ,≈k«¤ 2026/9,0·`3└ﻼ,3·`6└ﻼ,6·`9└ﻼ,9·`12└ﻼ,12·`15└ﻼ,15·`18└ﻼ,18·`21└ﻼ,21·`24└ﻼ,≈k«¤ 2026/10,0·`3└ﻼ,3·`6└ﻼ,6·`9└ﻼ,9·`12└ﻼ,12·`15└ﻼ,15·`18└ﻼ,18·`21└ﻼ,21·`24└ﻼ,≈k«¤ 2026/11,0·`3└ﻼ,3·`6└ﻼ,6·`9└ﻼ,9·`12└ﻼ,12·`15└ﻼ,15·`18└ﻼ,18·`21└ﻼ,21·`24└ﻼ,≈k«¤ 2026/12,0·`3└ﻼ,3·`6└ﻼ,6·`9└ﻼ,9·`12└ﻼ,12·`15└ﻼ,15·`18└ﻼ,18·`21└ﻼ,21·`24└ﻼ,≈k«¤ 2027/1,0·`3└ﻼ,3·`6└ﻼ,6·`9└ﻼ,9·`12└ﻼ,12·`15└ﻼ,15·`18└ﻼ,18·`21└ﻼ,21·`24└ﻼ,≈k«¤ 2027/2,0·`3└ﻼ,3·`6└ﻼ,6·`9└ﻼ,9·`12└ﻼ,12·`15└ﻼ,15·`18└ﻼ,18·`21└ﻼ,21·`24└ﻼ,≈k«¤ 2027/3,0·`3└ﻼ,3·`6└ﻼ,6·`9└ﻼ,9·`12└ﻼ,12·`15└ﻼ,15·`18└ﻼ,18·`21└ﻼ,21·`24└ﻼ
0·`10٪,3,29,16,5,6,10,34,4,0·`10٪,3,29,15,13,11,8,34,4,0·`10٪,3,19,11,11,10,10,15,3,0·`10٪,3,16,18,20,23,25,28,3,0·`10٪,3,15,14,13,11,10,28,3,0·`10٪,2,8,3,9,15,21,28,2,0·`10٪,2,15,20,20,20,20,25,3,0·`10٪,3,46,53,46,38,30,41,2,0·`10٪,3,42,51,29,6,50,49,2,0·`10٪,3,42,51,30,9,49,48,1,0·`10٪,2,35,32,3,12,48,50,2,0·`10٪,3,29,13,5,14,7,34,4
10·`20٪,6,14,18,62,70,57,18,4,10·`20٪,7,14,40,65,61,28,23,4,10·`20٪,7,1,39,60,57,30,13,4,10·`20٪,7,2,41,38,49,35,24,3,10·`20٪,7,2,7,55,48,12,23,4,10·`20٪,5,4,28,34,34,23,23,4,10·`20٪,7,1,21,62,53,21,0,7,10·`20٪,6,0,23,58,48,26,0,8,10·`20٪,5,0,16,16,39,22,0,7,10·`20٪,5,0,25,51,52,42,0,6,10·`20٪,2,0,17,65,44,37,0,5,10·`20٪,4,15,17,82,43,36,6,3
20·`30٪,6,11,43,103,103,81,2,10,20·`30٪,7,1,75,98,66,55,12,11,20·`30٪,6,1,66,56,63,68,11,8,20·`30٪,3,5,63,65,71,77,19,7,20·`30٪,3,2,55,98,85,73,19,6,20·`30٪,5,1,63,83,74,39,18,5,20·`30٪,13,1,59,86,56,42,0,5,20·`30٪,11,0,40,39,47,36,0,7,20·`30٪,10,0,30,43,51,30,0,3,20·`30٪,6,0,23,27,30,33,0,6,20·`30٪,5,0,23,75,48,59,0,8,20·`30٪,7,1,27,86,52,61,0,10
30·`40٪,5,9,73,134,136,105,7,9,30·`40٪,4,4,86,125,146,109,10,10,30·`40٪,4,4,81,54,89,91,11,6,30·`40٪,5,5,42,137,119,101,7,7,30·`40٪,5,5,74,128,112,96,15,7,30·`40٪,5,1,60,128,121,114,12,4,30·`40٪,10,1,70,110,84,77,0,12,30·`40٪,10,0,71,65,78,58,0,11,30·`40٪,3,0,59,69,71,57,0,8,30·`40٪,4,0,70,71,64,45,0,3,30·`40٪,4,0,64,83,137,44,0,8,30·`40٪,5,0,94,151,184,193,0,10
40·`50٪,4,7,104,165,188,188,3,20,40·`50٪,5,7,96,152,196,189,6,22,40·`50٪,9,9,95,96,97,119,14,7,40·`50٪,8,10,56,209,106,105,14,7,40·`50٪,9,12,92,158,154,103,3,6,40·`50٪,6,1,83,172,132,96,10,18,40·`50٪,6,1,111,119,156,148,0,20,40·`50٪,17,0,108,113,118,73,0,15,40·`50٪,15,0,67,114,122,76,0,5,40·`50٪,15,0,51,99,114,64,0,5,40·`50٪,10,0,59,204,91,65,0,8,40·`50٪,7,0,97,229,209,195,0,20
50·`60٪,4,5,122,171,177,170,8,7,50·`60٪,7,22,158,127,155,183,21,7,50·`60٪,3,20,130,137,144,146,22,10,50·`60٪,6,18,157,240,146,145,23,19,50·`60٪,5,2,118,244,196,148,15,19,50·`60٪,1,2,117,277,201,126,9,21,50·`60٪,5,2,134,154,133,107,0,16,50·`60٪,12,0,80,153,141,121,0,16,50·`60٪,14,0,74,175,93,64,0,14,50·`60٪,13,0,33,113,138,57,0,13,50·`60٪,8,0,55,234,136,97,0,14,50·`60٪,8,0,50,242,202,196,0,5
60·`70٪,6,1,140,177,167,156,12,7,60·`70٪,6,14,141,158,158,157,23,3,60·`70٪,5,8,151,153,212,152,26,12,60·`70٪,1,11,150,195,194,169,26,13,60·`70٪,1,11,153,230,195,113,26,12,60·`70٪,1,3,151,242,191,120,5,2,60·`70٪,3,2,132,206,150,146,0,12,60·`70٪,2,0,74,117,147,80,0,2,60·`70٪,9,0,29,95,59,70,0,6,60·`70٪,10,0,14,112,111,67,0,6,60·`70٪,10,0,95,264,137,121,0,6,60·`70٪,6,0,81,254,195,191,0,5
70·`80٪,3,4,170,226,185,143,25,8,70·`80٪,4,7,167,202,191,180,26,10,70·`80٪,3,1,171,202,213,186,26,11,70·`80٪,2,7,118,229,209,193,31,13,70·`80٪,2,9,139,217,209,101,28,13,70·`80٪,1,3,143,208,180,97,8,21,70·`80٪,1,0,168,180,154,82,0,21,70·`80٪,7,0,56,111,132,64,0,11,70·`80٪,11,0,28,77,63,46,0,30,70·`80٪,14,0,53,96,91,33,0,28,70·`80٪,14,0,46,339,235,131,0,28,70·`80٪,5,0,111,310,238,186,0,5
80·`90٪,3,8,200,292,238,184,8,23,80·`90٪,5,22,194,245,185,184,8,23,80·`90٪,3,26,190,250,214,178,22,11,80·`90٪,2,3,86,264,224,177,22,17,80·`90٪,2,8,95,207,222,131,24,15,80·`90٪,1,2,117,177,216,74,9,19,80·`90٪,2,0,204,155,164,56,0,12,80·`90٪,12,0,31,43,90,36,0,29,80·`90٪,4,0,40,59,93,57,0,7,80·`90٪,3,0,61,80,71,56,0,16,80·`90٪,3,0,54,368,224,79,0,7,80·`90٪,5,0,88,304,189,122,0,12
90·`100٪,8,25,191,183,207,84,0,5,90·`100٪,7,21,193,198,203,78,10,12,90·`100٪,4,9,210,181,218,155,8,10,90·`100٪,9,8,87,130,183,162,9,22,90·`100٪,9,6,85,136,155,160,7,18,90·`100٪,1,0,90,147,72,44,10,17,90·`100٪,4,0,10,29,47,40,0,3,90·`100٪,12,0,6,28,48,40,0,30,90·`100٪,12,0,9,32,57,68,0,17,90·`100٪,11,0,9,52,49,72,0,21,90·`100٪,1,0,27,253,243,49,0,17,90·`100٪,1,0,21,226,220,49,0,7
├ﺿβﺱ 2026/4,0·`3└ﻼ,3·`6└ﻼ,6·`9└ﻼ,9·`12└ﻼ,12·`15└ﻼ,15·`18└ﻼ,18·`21└ﻼ,21·`24└ﻼ,├ﺿβﺱ 2026/5,0·`3└ﻼ,3·`6└ﻼ,6·`9└ﻼ,9·`12└ﻼ,12·`15└ﻼ,15·`18└ﻼ,18·`21└ﻼ,21·`24└ﻼ,├ﺿβﺱ 2026/6,0·`3└ﻼ,3·`6└ﻼ,6·`9└ﻼ,9·`12└ﻼ,12·`15└ﻼ,15·`18└ﻼ,18·`21└ﻼ,21·`24└ﻼ,├ﺿβﺱ 2026/7,0·`3└ﻼ,3·`6└ﻼ,6·`9└ﻼ,9·`12└ﻼ,12·`15└ﻼ,15·`18└ﻼ,18·`21└ﻼ,21·`24└ﻼ,├ﺿβﺱ 2026/8,0·`3└ﻼ,3·`6└ﻼ,6·`9└ﻼ,9·`12└ﻼ,12·`15└ﻼ,15·`18└ﻼ,18·`21└ﻼ,21·`24└ﻼ,├ﺿβﺱ 2026/9,0·`3└ﻼ,3·`6└ﻼ,6·`9└ﻼ,9·`12└ﻼ,12·`15└ﻼ,15·`18└ﻼ,18·`21└ﻼ,21·`24└ﻼ,├ﺿβﺱ 2026/10,0·`3└ﻼ,3·`6└ﻼ,6·`9└ﻼ,9·`12└ﻼ,12·`15└ﻼ,15·`18└ﻼ,18·`21└ﻼ,21·`24└ﻼ,├ﺿβﺱ 2026/11,0·`3└ﻼ,3·`6└ﻼ,6·`9└ﻼ,9·`12└ﻼ,12·`15└ﻼ,15·`18└ﻼ,18·`21└ﻼ,21·`24└ﻼ,├ﺿβﺱ 2026/12,0·`3└ﻼ,3·`6└ﻼ,6·`9└ﻼ,9·`12└ﻼ,12·`15└ﻼ,15·`18└ﻼ,18·`21└ﻼ,21·`24└ﻼ,├ﺿβﺱ 2027/1,0·`3└ﻼ,3·`6└ﻼ,6·`9└ﻼ,9·`12└ﻼ,12·`15└ﻼ,15·`18└ﻼ,18·`21└ﻼ,21·`24└ﻼ,├ﺿβﺱ 2027/2,0·`3└ﻼ,3·`6└ﻼ,6·`9└ﻼ,9·`12└ﻼ,12·`15└ﻼ,15·`18└ﻼ,18·`21└ﻼ,21·`24└ﻼ,├ﺿβﺱ 2027/3,0·`3└ﻼ,3·`6└ﻼ,6·`9└ﻼ,9·`12└ﻼ,12·`15└ﻼ,15·`18└ﻼ,18·`21└ﻼ,21·`24└ﻼ
0·`10٪,3,21,26,31,36,41,46,3,0·`10٪,2,31,35,38,41,44,47,4,0·`10٪,3,32,29,27,25,22,20,4,0·`10٪,3,55,48,42,35,29,22,6,0·`10٪,3,54,44,33,22,22,22,6,0·`10٪,4,53,53,53,52,27,44,6,0·`10٪,3,28,9,38,66,23,44,3,0·`10٪,3,26,20,43,66,23,44,4,0·`10٪,2,23,19,11,3,17,21,2,0·`10٪,2,25,18,20,22,23,36,2,0·`10٪,2,24,12,16,19,23,35,1,0·`10٪,1,26,7,12,16,21,43,3
10·`20٪,8,10,136,262,103,49,43,7,10·`20٪,5,23,31,38,169,46,26,8,10·`20٪,6,26,43,60,126,40,14,10,10·`20٪,7,32,27,22,217,13,8,14,10·`20٪,7,16,14,13,222,10,8,9,10·`20٪,6,15,63,111,103,60,6,9,10·`20٪,5,0,79,77,109,58,0,4,10·`20٪,5,0,34,77,112,56,0,6,10·`20٪,4,0,16,139,184,24,0,3,10·`20٪,4,0,23,8,13,44,0,4,10·`20٪,8,0,31,196,89,26,0,9,10·`20٪,7,0,14,223,129,6,29,10
20·`30٪,11,44,121,199,475,163,41,13,20·`30٪,11,44,204,363,246,128,5,18,20·`30٪,14,41,153,264,251,142,8,18,20·`30٪,13,5,29,274,398,145,16,18,20·`30٪,12,5,55,223,422,203,13,12,20·`30٪,10,8,20,282,118,202,0,12,20·`30٪,7,0,149,180,156,93,0,15,20·`30٪,7,0,48,133,156,91,0,13,20·`30٪,8,0,12,266,365,32,0,11,20·`30٪,9,0,29,164,205,245,0,12,20·`30٪,12,0,50,136,443,198,0,13,20·`30٪,12,0,22,190,467,199,16,15
30·`40٪,17,9,140,272,847,340,38,20,30·`40٪,14,9,179,348,868,382,7,21,30·`40٪,14,10,287,471,898,330,11,22,30·`40٪,16,11,326,546,499,359,21,22,30·`40٪,23,16,274,629,529,328,12,18,30·`40٪,20,14,212,454,356,388,0,17,30·`40٪,18,0,218,455,361,388,0,15,30·`40٪,9,0,62,249,348,372,0,15,30·`40٪,9,0,1,273,518,187,0,17,30·`40٪,8,0,35,446,547,46,0,14,30·`40٪,16,0,74,364,796,320,0,15,30·`40٪,15,0,30,402,804,363,2,17
40·`50٪,26,58,312,565,783,516,35,25,40·`50٪,25,59,276,591,986,511,19,26,40·`50٪,10,58,483,623,764,487,19,20,40·`50٪,13,68,352,723,836,447,25,23,40·`50٪,20,3,343,777,564,430,6,23,40·`50٪,21,0,346,593,660,445,0,23,40·`50٪,19,0,350,598,675,186,0,21,40·`50٪,12,0,226,567,676,149,0,20,40·`50٪,9,0,60,465,671,45,0,16,40·`50٪,7,0,41,488,583,239,0,27,40·`50٪,17,0,99,371,642,441,0,25,40·`50٪,23,0,45,556,765,527,0,24
50·`60٪,15,3,488,928,1017,570,33,18,50·`60٪,19,72,603,1052,1103,567,15,25,50·`60٪,12,75,678,691,781,574,10,26,50·`60٪,23,79,724,900,1051,523,14,24,50·`60٪,23,24,519,926,1046,526,4,21,50·`60٪,21,0,392,922,1031,300,0,20,50·`60٪,14,0,532,725,944,343,0,17,50·`60٪,15,0,391,705,948,132,0,21,50·`60٪,13,0,448,734,958,107,0,16,50·`60٪,26,0,216,530,964,406,0,35,50·`60٪,26,0,433,757,874,509,0,32,50·`60٪,24,0,422,930,996,672,0,30
60·`70٪,14,82,820,976,915,829,30,37,60·`70٪,14,73,986,1080,1233,894,23,42,60·`70٪,17,73,1094,1024,1008,863,25,26,60·`70٪,18,44,1071,1027,1119,862,22,35,60·`70٪,17,45,582,1550,1076,577,2,34,60·`70٪,15,0,723,1384,1212,352,0,27,60·`70٪,7,0,715,1452,1168,476,0,14,60·`70٪,16,0,649,1384,1165,138,0,18,60·`70٪,14,0,400,594,734,95,0,24,60·`70٪,22,0,277,802,997,323,0,33,60·`70٪,20,0,479,938,995,575,0,26,60·`70٪,17,0,820,957,1150,817,0,34
70·`80٪,32,31,645,998,1054,867,0,55,70·`80٪,30,102,787,1038,1362,913,0,60,70·`80٪,28,104,834,1165,1223,1142,24,27,70·`80٪,18,112,887,1038,1249,1182,25,30,70·`80٪,18,51,417,1089,1157,1209,25,29,70·`80٪,9,0,553,1022,1393,545,0,21,70·`80٪,6,0,595,1210,1391,609,0,21,70·`80٪,3,0,561,1175,1382,92,0,30,70·`80٪,3,0,331,736,608,186,0,31,70·`80٪,5,0,264,1129,1244,537,0,40,70·`80٪,6,0,301,1118,1253,506,0,30,70·`80٪,14,0,651,1130,1305,702,0,50
80·`90٪,16,17,469,1259,1132,905,0,23,80·`90٪,19,20,424,1275,1548,932,0,26,80·`90٪,19,21,364,1306,1655,1440,0,26,80·`90٪,22,22,385,852,1720,1486,0,29,80·`90٪,8,12,278,649,1647,1483,0,38,80·`90٪,4,0,383,975,1161,57,0,36,80·`90٪,1,0,475,968,1147,63,0,30,80·`90٪,4,0,473,967,1138,8,0,29,80·`90٪,27,0,471,906,743,0,0,35,80·`90٪,11,0,227,1017,801,0,0,35,80·`90٪,11,0,481,1077,1266,576,0,34,80·`90٪,0,0,482,1201,1352,492,0,23
90·`100٪,7,0,207,1309,1379,662,0,16,90·`100٪,24,44,197,757,1734,257,0,20,90·`100٪,28,45,157,724,1748,249,0,30,90·`100٪,19,45,61,666,1812,137,0,34,90·`100٪,18,0,140,478,379,125,0,33,90·`100٪,5,0,147,482,378,0,0,29,90·`100٪,17,0,148,438,381,0,0,35,90·`100٪,11,0,99,1123,894,0,0,30,90·`100٪,21,0,123,1076,877,0,0,40,90·`100٪,23,0,125,905,777,0,0,39,90·`100٪,0,0,135,1036,1279,646,0,24,90·`100٪,0,0,136,1272,1398,656,0,7
φ│┌∞ 2026/4,0·`3└ﻼ,3·`6└ﻼ,6·`9└ﻼ,9·`12└ﻼ,12·`15└ﻼ,15·`18└ﻼ,18·`21└ﻼ,21·`24└ﻼ,φ│┌∞ 2026/5,0·`3└ﻼ,3·`6└ﻼ,6·`9└ﻼ,9·`12└ﻼ,12·`15└ﻼ,15·`18└ﻼ,18·`21└ﻼ,21·`24└ﻼ,φ│┌∞ 2026/6,0·`3└ﻼ,3·`6└ﻼ,6·`9└ﻼ,9·`12└ﻼ,12·`15└ﻼ,15·`18└ﻼ,18·`21└ﻼ,21·`24└ﻼ,φ│┌∞ 2026/7,0·`3└ﻼ,3·`6└ﻼ,6·`9└ﻼ,9·`12└ﻼ,12·`15└ﻼ,15·`18└ﻼ,18·`21└ﻼ,21·`24└ﻼ,φ│┌∞ 2026/8,0·`3└ﻼ,3·`6└ﻼ,6·`9└ﻼ,9·`12└ﻼ,12·`15└ﻼ,15·`18└ﻼ,18·`21└ﻼ,21·`24└ﻼ,φ│┌∞ 2026/9,0·`3└ﻼ,3·`6└ﻼ,6·`9└ﻼ,9·`12└ﻼ,12·`15└ﻼ,15·`18└ﻼ,18·`21└ﻼ,21·`24└ﻼ,φ│┌∞ 2026/10,0·`3└ﻼ,3·`6└ﻼ,6·`9└ﻼ,9·`12└ﻼ,12·`15└ﻼ,15·`18└ﻼ,18·`21└ﻼ,21·`24└ﻼ,φ│┌∞ 2026/11,0·`3└ﻼ,3·`6└ﻼ,6·`9└ﻼ,9·`12└ﻼ,12·`15└ﻼ,15·`18└ﻼ,18·`21└ﻼ,21·`24└ﻼ,φ│┌∞ 2026/12,0·`3└ﻼ,3·`6└ﻼ,6·`9└ﻼ,9·`12└ﻼ,12·`15└ﻼ,15·`18└ﻼ,18·`21└ﻼ,21·`24└ﻼ,φ│┌∞ 2027/1,0·`3└ﻼ,3·`6└ﻼ,6·`9└ﻼ,9·`12└ﻼ,12·`15└ﻼ,15·`18└ﻼ,18·`21└ﻼ,21·`24└ﻼ,φ│┌∞ 2027/2,0·`3└ﻼ,3·`6└ﻼ,6·`9└ﻼ,9·`12└ﻼ,12·`15└ﻼ,15·`18└ﻼ,18·`21└ﻼ,21·`24└ﻼ,φ│┌∞ 2027/3,0·`3└ﻼ,3·`6└ﻼ,6·`9└ﻼ,9·`12└ﻼ,12·`15└ﻼ,15·`18└ﻼ,18·`21└ﻼ,21·`24└ﻼ
0·`10٪,0,30,30,29,29,28,28,0,0·`10٪,0,14,13,13,12,12,12,0,0·`10٪,0,19,17,15,13,12,10,0,0·`10٪,0,29,27,24,22,20,17,0,0·`10٪,0,29,15,17,19,21,23,0,0·`10٪,0,31,16,18,20,23,25,0,0·`10٪,1,20,18,21,24,26,29,0,0·`10٪,1,27,21,22,24,26,28,0,0·`10٪,0,38,29,30,30,31,31,0,0·`10٪,1,37,50,46,42,38,34,0,0·`10٪,2,38,60,54,48,42,36,1,0·`10٪,1,40,18,22,27,31,36,2
10·`20٪,3,20,163,111,59,66,28,4,10·`20٪,2,13,126,94,167,240,24,2,10·`20٪,2,13,64,64,160,255,23,1,10·`20٪,3,18,160,92,101,209,37,4,10·`20٪,3,29,63,280,222,165,41,5,10·`20٪,4,3,57,129,226,165,34,6,10·`20٪,5,0,95,137,209,117,0,7,10·`20٪,6,0,92,160,195,120,0,8,10·`20٪,7,0,18,15,92,8,0,11,10·`20٪,7,0,54,109,164,95,0,12,10·`20٪,10,0,174,108,164,139,0,14,10·`20٪,5,23,176,106,140,32,31,12
20·`30٪,7,9,231,247,352,493,28,15,20·`30٪,6,12,340,499,398,382,36,13,20·`30٪,5,7,286,519,584,418,37,12,20·`30٪,7,6,293,600,621,420,56,13,20·`30٪,9,28,111,542,566,302,58,12,20·`30٪,10,3,271,459,547,340,44,13,20·`30٪,12,0,235,436,524,207,0,11,20·`30٪,9,0,225,456,555,213,0,8,20·`30٪,12,0,76,115,154,69,0,3,20·`30٪,13,0,103,343,247,151,0,12,20·`30٪,14,0,173,177,268,236,0,10,20·`30٪,15,5,219,254,404,476,27,17
30·`40٪,14,8,453,410,493,576,49,9,30·`40٪,9,13,534,536,737,457,22,13,30·`40٪,5,25,311,609,706,582,66,13,30·`40٪,10,38,413,655,742,631,75,25,30·`40٪,9,28,406,834,726,690,76,25,30·`40٪,15,17,535,743,585,475,53,24,30·`40٪,20,0,559,652,586,376,0,15,30·`40٪,26,0,410,647,623,361,0,17,30·`40٪,20,0,151,288,338,388,0,22,30·`40٪,18,0,151,257,363,189,0,20,30·`40٪,22,0,242,334,425,554,0,29,30·`40٪,27,13,438,416,483,550,22,26
40·`50٪,29,47,749,895,947,827,70,18,40·`50٪,10,32,728,887,948,1009,112,17,40·`50٪,15,38,659,771,889,998,111,15,40·`50٪,20,3,534,919,964,1009,114,28,40·`50٪,21,1,539,834,883,782,89,26,40·`50٪,19,10,662,786,728,671,62,24,40·`50٪,18,0,658,736,647,521,0,18,40·`50٪,27,0,285,715,691,485,0,15,40·`50٪,27,0,158,398,639,496,0,12,40·`50٪,23,0,198,327,367,600,0,12,40·`50٪,27,0,463,724,668,612,0,15,40·`50٪,32,21,723,886,815,590,70,18
50·`60٪,17,69,788,901,949,804,87,29,50·`60٪,9,69,870,1060,1147,947,88,19,50·`60٪,17,61,681,1158,1176,811,86,10,50·`60٪,21,60,773,1184,1184,1005,136,36,50·`60٪,24,48,778,835,1063,874,25,38,50·`60٪,22,3,788,829,1013,788,71,35,50·`60٪,20,0,758,819,881,428,0,28,50·`60٪,24,0,223,784,889,442,0,26,50·`60٪,10,0,202,818,928,486,0,21,50·`60٪,16,0,246,397,548,560,0,21,50·`60٪,13,0,515,573,585,839,0,34,50·`60٪,16,13,815,975,915,854,54,39
60·`70٪,14,115,1045,1024,951,879,83,24,60·`70٪,14,99,1012,1021,1080,884,188,20,60·`70٪,13,99,1036,1223,1409,799,171,28,60·`70٪,27,59,877,1151,1361,1058,157,45,60·`70٪,35,46,888,1160,1444,997,80,11,60·`70٪,11,6,896,958,1172,952,81,23,60·`70٪,13,0,673,972,1035,335,0,3,60·`70٪,15,0,291,670,986,422,0,22,60·`70٪,53,0,292,692,1023,461,0,24,60·`70٪,53,0,510,551,493,519,0,17,60·`70٪,47,0,567,518,588,658,0,21,60·`70٪,23,14,696,1064,869,848,37,34
70·`80٪,17,100,748,1146,975,824,53,20,70·`80٪,22,137,739,1115,1013,778,214,20,70·`80٪,24,135,777,1185,1147,725,203,22,70·`80٪,23,140,980,1119,1547,1112,194,28,70·`80٪,22,26,998,1102,1584,1120,159,27,70·`80٪,9,7,1004,1168,1332,1115,90,11,70·`80٪,11,0,591,612,894,383,0,12,70·`80٪,13,0,480,615,864,402,0,18,70·`80٪,70,0,484,600,771,436,0,30,70·`80٪,71,0,448,499,550,545,0,28,70·`80٪,67,0,380,510,681,638,0,23,70·`80٪,18,15,529,598,826,842,21,32
80·`90٪,14,135,475,1084,1058,682,23,6,80·`90٪,9,173,452,1067,1082,645,25,5,80·`90٪,6,170,448,1150,1129,650,59,11,80·`90٪,27,173,617,1030,1733,1441,63,14,80·`90٪,6,8,611,1011,1723,1458,64,14,80·`90٪,6,5,635,1011,1717,1484,0,10,80·`90٪,4,0,521,565,836,385,0,10,80·`90٪,16,0,442,560,809,323,0,13,80·`90٪,5,0,416,585,519,454,0,35,80·`90٪,11,0,386,464,463,540,0,34,80·`90٪,13,0,319,573,789,617,0,35,80·`90٪,16,6,407,525,862,694,74,8
90·`100٪,21,60,292,1022,1142,387,0,13,90·`100٪,24,98,288,1020,1152,279,0,13,90·`100٪,0,84,338,1116,1110,364,41,22,90·`100٪,28,85,349,885,1421,364,39,11,90·`100٪,25,57,355,884,1414,368,38,11,90·`100٪,25,2,476,936,1397,440,0,10,90·`100٪,6,0,450,614,778,394,0,23,90·`100٪,8,0,433,463,755,362,0,22,90·`100٪,17,0,406,455,184,179,0,19,90·`100٪,25,0,428,429,300,171,0,7,90·`100٪,25,0,259,637,898,382,0,12,90·`100٪,23,18,287,452,899,394,0,7
└l┌∞ 2026/4,0·`3└ﻼ,3·`6└ﻼ,6·`9└ﻼ,9·`12└ﻼ,12·`15└ﻼ,15·`18└ﻼ,18·`21└ﻼ,21·`24└ﻼ,└l┌∞ 2026/5,0·`3└ﻼ,3·`6└ﻼ,6·`9└ﻼ,9·`12└ﻼ,12·`15└ﻼ,15·`18└ﻼ,18·`21└ﻼ,21·`24└ﻼ,└l┌∞ 2026/6,0·`3└ﻼ,3·`6└ﻼ,6·`9└ﻼ,9·`12└ﻼ,12·`15└ﻼ,15·`18└ﻼ,18·`21└ﻼ,21·`24└ﻼ,└l┌∞ 2026/7,0·`3└ﻼ,3·`6└ﻼ,6·`9└ﻼ,9·`12└ﻼ,12·`15└ﻼ,15·`18└ﻼ,18·`21└ﻼ,21·`24└ﻼ,└l┌∞ 2026/8,0·`3└ﻼ,3·`6└ﻼ,6·`9└ﻼ,9·`12└ﻼ,12·`15└ﻼ,15·`18└ﻼ,18·`21└ﻼ,21·`24└ﻼ,└l┌∞ 2026/9,0·`3└ﻼ,3·`6└ﻼ,6·`9└ﻼ,9·`12└ﻼ,12·`15└ﻼ,15·`18└ﻼ,18·`21└ﻼ,21·`24└ﻼ,└l┌∞ 2026/10,0·`3└ﻼ,3·`6└ﻼ,6·`9└ﻼ,9·`12└ﻼ,12·`15└ﻼ,15·`18└ﻼ,18·`21└ﻼ,21·`24└ﻼ,└l┌∞ 2026/11,0·`3└ﻼ,3·`6└ﻼ,6·`9└ﻼ,9·`12└ﻼ,12·`15└ﻼ,15·`18└ﻼ,18·`21└ﻼ,21·`24└ﻼ,└l┌∞ 2026/12,0·`3└ﻼ,3·`6└ﻼ,6·`9└ﻼ,9·`12└ﻼ,12·`15└ﻼ,15·`18└ﻼ,18·`21└ﻼ,21·`24└ﻼ,└l┌∞ 2027/1,0·`3└ﻼ,3·`6└ﻼ,6·`9└ﻼ,9·`12└ﻼ,12·`15└ﻼ,15·`18└ﻼ,18·`21└ﻼ,21·`24└ﻼ,└l┌∞ 2027/2,0·`3└ﻼ,3·`6└ﻼ,6·`9└ﻼ,9·`12└ﻼ,12·`15└ﻼ,15·`18└ﻼ,18·`21└ﻼ,21·`24└ﻼ,└l┌∞ 2027/3,0·`3└ﻼ,3·`6└ﻼ,6·`9└ﻼ,9·`12└ﻼ,12·`15└ﻼ,15·`18└ﻼ,18·`21└ﻼ,21·`24└ﻼ
0·`10٪,8,51,48,42,25,40,55,8,0·`10٪,9,43,61,102,70,38,50,7,0·`10٪,9,41,55,96,66,36,47,7,0·`10٪,8,45,64,151,79,65,52,6,0·`10٪,8,52,16,13,10,7,47,7,0·`10٪,8,52,19,20,20,21,54,7,0·`10٪,9,44,18,25,32,38,53,8,0·`10٪,8,42,32,36,40,44,50,9,0·`10٪,8,45,38,40,41,43,41,8,0·`10٪,7,50,45,45,44,43,39,8,0·`10٪,6,49,47,44,41,38,38,8,0·`10٪,4,50,51,44,38,31,40,7
10·`20٪,15,40,72,103,148,137,17,15,10·`20٪,18,10,74,153,145,129,15,14,10·`20٪,17,8,69,144,141,129,13,15,10·`20٪,21,16,73,166,146,115,28,18,10·`20٪,15,8,38,125,132,93,42,18,10·`20٪,16,7,61,123,145,109,42,21,10·`20٪,19,0,35,84,87,108,28,21,10·`20٪,18,0,36,84,88,107,0,20,10·`20٪,17,0,25,85,77,55,0,23,10·`20٪,15,0,35,54,75,66,0,23,10·`20٪,16,0,84,100,105,68,20,21,10·`20٪,14,13,64,101,112,106,17,13
20·`30٪,31,30,191,251,310,203,31,30,20·`30٪,17,29,193,255,305,161,39,27,20·`30٪,17,18,186,293,299,161,41,25,20·`30٪,21,23,154,273,255,236,42,27,20·`30٪,18,9,149,171,206,295,23,24,20·`30٪,24,3,139,165,191,305,23,28,20·`30٪,24,0,73,123,143,214,19,33,20·`30٪,23,0,77,123,143,195,0,33,20·`30٪,19,0,51,131,146,70,0,32,20·`30٪,12,0,76,141,205,83,0,19,20·`30٪,30,0,53,142,132,82,25,24,20·`30٪,32,28,137,153,277,213,19,26
30·`40٪,32,50,214,419,317,269,37,27,30·`40٪,20,36,170,390,402,259,69,26,30·`40٪,21,33,161,420,471,209,64,26,30·`40٪,20,14,192,445,480,310,80,40,30·`40٪,22,18,192,448,501,355,60,42,30·`40٪,23,10,212,317,317,370,59,40,30·`40٪,25,0,127,232,316,232,10,26,30·`40٪,23,0,127,232,311,238,0,23,30·`40٪,18,0,85,335,208,185,0,21,30·`40٪,12,0,62,150,336,209,0,14,30·`40٪,32,0,64,183,317,209,28,25,30·`40٪,32,20,146,421,322,321,37,24
40·`50٪,27,31,237,422,513,397,51,41,40·`50٪,26,26,204,432,498,389,57,40,40·`50٪,26,18,183,518,701,393,69,38,40·`50٪,31,13,290,529,676,384,75,46,40·`50٪,38,12,263,534,664,416,73,43,40·`50٪,36,2,219,323,427,434,56,41,40·`50٪,36,0,219,328,437,317,21,42,40·`50٪,22,0,162,308,419,328,0,43,40·`50٪,13,0,161,312,239,208,0,45,40·`50٪,35,0,94,196,342,264,0,27,40·`50٪,29,0,75,270,421,285,15,26,40·`50٪,29,12,167,438,478,339,48,30
50·`60٪,44,43,323,455,539,423,85,25,50·`60٪,32,18,376,445,567,415,81,27,50·`60٪,33,14,383,617,671,441,77,26,50·`60٪,39,13,388,614,653,438,73,31,50·`60٪,31,16,333,620,653,422,60,18,50·`60٪,37,4,229,568,593,415,32,43,50·`60٪,32,0,223,368,529,347,20,48,50·`60٪,34,0,220,383,394,336,0,40,50·`60٪,23,0,173,289,303,230,0,36,50·`60٪,26,0,125,252,348,282,0,21,50·`60٪,55,0,125,452,399,350,38,23,50·`60٪,51,7,187,455,540,402,62,26
60·`70٪,45,15,309,639,638,448,108,38,60·`70٪,39,17,381,637,635,450,112,27,60·`70٪,37,23,386,566,641,458,107,24,60·`70٪,27,15,394,592,631,418,113,28,60·`70٪,34,9,337,576,660,443,78,21,60·`70٪,53,3,279,537,567,396,53,38,60·`70٪,56,0,182,342,539,338,43,36,60·`70٪,51,0,177,403,415,343,0,38,60·`70٪,46,0,186,307,367,306,0,29,60·`70٪,42,0,75,308,384,300,0,30,60·`70٪,29,0,167,571,442,414,18,29,60·`70٪,26,1,260,490,640,465,38,36
70·`80٪,67,11,295,607,645,512,105,25,70·`80٪,60,18,386,573,629,514,149,22,70·`80٪,52,16,390,557,672,413,141,23,70·`80٪,32,16,399,571,675,404,147,33,70·`80٪,34,3,234,532,667,419,107,32,70·`80٪,57,2,246,506,541,411,57,44,70·`80٪,56,0,212,389,549,320,42,44,70·`80٪,63,0,176,423,437,192,0,44,70·`80٪,34,0,183,381,321,164,0,25,70·`80٪,52,0,56,230,253,268,0,35,70·`80٪,49,0,148,690,486,377,33,35,70·`80٪,49,0,319,602,646,535,67,39
80·`90٪,46,8,210,576,622,575,91,9,80·`90٪,33,13,456,509,566,578,153,7,80·`90٪,27,12,390,461,704,424,151,21,80·`90٪,36,13,413,490,757,426,160,38,80·`90٪,34,6,208,495,766,439,142,38,80·`90٪,27,2,133,512,556,435,93,37,80·`90٪,29,0,150,502,482,293,41,7,80·`90٪,33,0,33,478,467,137,0,8,80·`90٪,52,0,27,347,275,132,0,10,80·`90٪,52,0,38,226,241,284,0,34,80·`90٪,52,0,129,668,666,339,48,34,80·`90٪,47,0,221,620,734,606,97,35
90·`100٪,46,0,124,605,599,286,67,22,90·`100٪,5,0,19,181,269,242,60,24,90·`100٪,28,0,15,181,363,435,71,19,90·`100٪,48,2,63,69,573,449,73,38,90·`100٪,44,2,63,318,572,459,75,38,90·`100٪,44,2,59,109,571,120,40,38,90·`100٪,19,0,0,113,353,115,35,26,90·`100٪,27,0,0,91,194,116,0,27,90·`100٪,26,0,0,96,199,89,0,26,90·`100٪,27,0,0,62,230,300,0,60,90·`100٪,47,0,150,647,847,309,64,60,90·`100٪,46,0,124,638,822,315,66,61
┴ﻛ┘B 2026/4,0·`3└ﻼ,3·`6└ﻼ,6·`9└ﻼ,9·`12└ﻼ,12·`15└ﻼ,15·`18└ﻼ,18·`21└ﻼ,21·`24└ﻼ,┴ﻛ┘B 2026/5,0·`3└ﻼ,3·`6└ﻼ,6·`9└ﻼ,9·`12└ﻼ,12·`15└ﻼ,15·`18└ﻼ,18·`21└ﻼ,21·`24└ﻼ,┴ﻛ┘B 2026/6,0·`3└ﻼ,3·`6└ﻼ,6·`9└ﻼ,9·`12└ﻼ,12·`15└ﻼ,15·`18└ﻼ,18·`21└ﻼ,21·`24└ﻼ,┴ﻛ┘B 2026/7,0·`3└ﻼ,3·`6└ﻼ,6·`9└ﻼ,9·`12└ﻼ,12·`15└ﻼ,15·`18└ﻼ,18·`21└ﻼ,21·`24└ﻼ,┴ﻛ┘B 2026/8,0·`3└ﻼ,3·`6└ﻼ,6·`9└ﻼ,9·`12└ﻼ,12·`15└ﻼ,15·`18└ﻼ,18·`21└ﻼ,21·`24└ﻼ,┴ﻛ┘B 2026/9,0·`3└ﻼ,3·`6└ﻼ,6·`9└ﻼ,9·`12└ﻼ,12·`15└ﻼ,15·`18└ﻼ,18·`21└ﻼ,21·`24└ﻼ,┴ﻛ┘B 2026/10,0·`3└ﻼ,3·`6└ﻼ,6·`9└ﻼ,9·`12└ﻼ,12·`15└ﻼ,15·`18└ﻼ,18·`21└ﻼ,21·`24└ﻼ,┴ﻛ┘B 2026/11,0·`3└ﻼ,3·`6└ﻼ,6·`9└ﻼ,9·`12└ﻼ,12·`15└ﻼ,15·`18└ﻼ,18·`21└ﻼ,21·`24└ﻼ,┴ﻛ┘B 2026/12,0·`3└ﻼ,3·`6└ﻼ,6·`9└ﻼ,9·`12└ﻼ,12·`15└ﻼ,15·`18└ﻼ,18·`21└ﻼ,21·`24└ﻼ,┴ﻛ┘B 2027/1,0·`3└ﻼ,3·`6└ﻼ,6·`9└ﻼ,9·`12└ﻼ,12·`15└ﻼ,15·`18└ﻼ,18·`21└ﻼ,21·`24└ﻼ,┴ﻛ┘B 2027/2,0·`3└ﻼ,3·`6└ﻼ,6·`9└ﻼ,9·`12└ﻼ,12·`15└ﻼ,15·`18└ﻼ,18·`21└ﻼ,21·`24└ﻼ,┴ﻛ┘B 2027/3,0·`3└ﻼ,3·`6└ﻼ,6·`9└ﻼ,9·`12└ﻼ,12·`15└ﻼ,15·`18└ﻼ,18·`21└ﻼ,21·`24└ﻼ
0·`10٪,14,104,29,57,85,45,36,11,0·`10٪,13,40,23,120,91,35,37,9,0·`10٪,4,22,40,140,98,36,41,5,0·`10٪,8,203,117,127,136,144,153,8,0·`10٪,9,199,183,177,170,163,157,7,0·`10٪,9,179,184,146,109,72,146,8,0·`10٪,11,117,99,141,114,86,99,11,0·`10٪,10,120,106,149,35,106,101,11,0·`10٪,9,146,39,34,28,107,178,9,0·`10٪,10,62,51,59,67,92,177,7,0·`10٪,12,100,65,65,64,64,166,8,0·`10٪,14,97,44,46,48,50,52,11
10·`20٪,16,97,679,970,813,665,84,32,10·`20٪,13,54,723,957,470,459,87,1,10·`20٪,2,39,732,980,524,356,92,17,10·`20٪,31,138,300,583,650,717,51,7,10·`20٪,32,139,323,586,643,700,151,15,10·`20٪,24,98,306,272,288,756,146,9,10·`20٪,19,0,308,289,172,227,0,12,10·`20٪,16,0,263,277,173,228,0,16,10·`20٪,10,0,281,210,271,332,0,21,10·`20٪,9,0,153,712,555,298,0,24,10·`20٪,21,0,145,756,802,701,0,28,10·`20٪,18,0,391,748,820,687,50,30
20·`30٪,26,89,765,1274,1131,1041,53,21,20·`30٪,30,68,775,1243,1182,1013,19,15,20·`30٪,16,57,1060,1341,1170,882,22,30,20·`30٪,46,129,1087,1339,1190,878,98,29,20·`30٪,30,145,1183,1718,1001,916,145,28,20·`30٪,20,65,1162,1712,1007,938,145,27,20·`30٪,12,0,1165,1717,1035,736,0,24,20·`30٪,11,0,509,1141,976,640,0,33,20·`30٪,11,0,370,647,925,557,0,30,20·`30٪,22,0,172,727,667,777,0,27,20·`30٪,21,0,538,1018,991,765,0,23,20·`30٪,21,0,790,1298,1107,1052,49,19
30·`40٪,14,82,1311,1987,1626,1064,152,31,30·`40٪,14,82,1302,1955,1558,1185,135,25,30·`40٪,16,74,1181,1583,1441,1503,136,32,30·`40٪,23,129,1089,1605,1927,1504,145,29,30·`40٪,20,0,1216,1814,1670,1527,138,16,30·`40٪,33,0,1199,1772,1574,994,144,28,30·`40٪,33,0,1201,1779,1413,996,0,25,30·`40٪,31,0,660,1777,1403,1002,0,41,30·`40٪,33,0,459,980,1260,753,0,35,30·`40٪,24,0,634,1071,822,781,0,33,30·`40٪,24,0,1112,1279,1181,1083,0,30,30·`40٪,14,0,1322,1976,1498,1078,48,26
40·`50٪,6,75,1485,2062,1644,1595,251,61,40·`50٪,13,96,1419,2269,2141,1351,245,27,40·`50٪,12,92,1302,1824,1731,1637,230,25,40·`50٪,42,129,1168,1871,2380,1651,209,11,40·`50٪,53,0,1250,1909,1811,1476,204,18,40·`50٪,50,0,1236,1878,1534,1284,5,3,40·`50٪,12,0,1236,1866,1609,1288,0,3,40·`50٪,12,0,815,1891,1610,1246,0,23,40·`50٪,28,0,804,1135,1595,1020,0,47,40·`50٪,34,0,1031,1354,2002,1753,0,50,40·`50٪,30,0,1255,1691,2008,1756,0,3,40·`50٪,25,0,1462,2019,1991,1756,46,1
50·`60٪,25,68,1625,2137,1992,1847,369,91,50·`60٪,12,110,1583,2583,2725,1757,364,29,50·`60٪,9,109,1587,2556,2768,1771,364,26,50·`60٪,60,128,1247,2601,2832,1797,224,4,50·`60٪,60,0,1628,1968,2130,1558,295,6,50·`60٪,55,0,1618,2476,1619,1365,89,35,50·`60٪,21,0,1255,1953,1634,1417,0,25,50·`60٪,21,0,975,2004,1663,1148,0,29,50·`60٪,36,0,910,1927,1742,1262,0,37,50·`60٪,36,0,975,1451,2140,1720,0,35,50·`60٪,10,0,1398,1951,2138,1862,0,48,50·`60٪,11,0,1522,2062,2068,1854,45,89
60·`70٪,45,61,2410,2362,2148,2002,256,51,60·`70٪,10,124,2168,2549,2514,1795,355,100,60·`70٪,5,127,2020,2413,2561,1992,400,28,60·`70٪,34,128,2150,3115,2977,2178,387,32,60·`70٪,2,0,2006,3082,2936,2139,385,41,60·`70٪,16,0,1999,3074,2943,2140,26,29,60·`70٪,18,0,1274,2138,1924,1545,0,6,60·`70٪,17,0,1280,2221,1970,1049,0,12,60·`70٪,10,0,950,2154,1888,1504,0,138,60·`70٪,28,0,919,1459,2277,1848,0,126,60·`70٪,32,0,2314,2210,2269,1903,0,104,60·`70٪,48,0,2384,2368,2146,1737,43,54
70·`80٪,35,53,2389,2890,2523,2156,137,41,70·`80٪,9,65,2543,2514,2303,2092,404,61,70·`80٪,9,58,2556,2495,2355,2214,401,60,70·`80٪,7,11,2582,3270,2736,2203,402,60,70·`80٪,7,0,1706,3239,2733,2226,251,76,70·`80٪,1,0,1935,3237,2810,2019,26,53,70·`80٪,4,0,1588,2172,2055,1938,0,51,70·`80٪,5,0,1585,2182,1873,975,0,52,70·`80٪,38,0,989,1642,2725,1994,0,118,70·`80٪,43,0,1008,1468,2706,1977,0,122,70·`80٪,38,0,2273,2806,2708,1945,0,112,70·`80٪,31,0,2392,2906,2279,1787,42,45
80·`90٪,19,0,2460,4117,3041,2007,256,30,80·`90٪,3,35,1908,2472,2213,1954,247,43,80·`90٪,9,32,1916,2156,2073,1990,248,20,80·`90٪,12,8,1325,2168,2135,1896,323,75,80·`90٪,12,0,1310,2190,2656,1911,236,76,80·`90٪,12,0,1306,2253,2677,1858,30,68,80·`90٪,27,0,1318,2325,2737,821,0,68,80·`90٪,29,0,1317,2331,1776,792,0,68,80·`90٪,34,0,634,1497,2448,766,0,65,80·`90٪,15,0,794,1486,2445,1677,0,19,80·`90٪,32,0,2355,4065,3194,1894,0,18,80·`90٪,27,0,2399,4131,3128,1837,41,36
90·`100٪,15,0,2532,3039,3171,2039,79,20,90·`100٪,16,6,1274,1805,1666,1289,249,25,90·`100٪,9,6,1276,1720,1586,1480,245,36,90·`100٪,16,4,1142,1434,1725,1409,244,36,90·`100٪,17,0,671,1375,1797,1437,193,45,90·`100٪,23,0,1044,1664,1864,698,0,80,90·`100٪,19,0,1155,1800,1855,722,0,52,90·`100٪,19,0,1135,1830,1374,773,0,52,90·`100٪,25,0,441,1621,2171,330,0,55,90·`100٪,19,0,774,1657,2184,1377,0,44,90·`100٪,17,0,2438,2970,3234,2045,0,37,90·`100٪,17,0,2595,3056,3201,2047,0,36
