3-2_(1√ﺫ-1√ﺫ)1√ﺫRequirementTable_3√ﺫCap_[MW],,,,,,,,,,,,,,,,,,,,,,,,,,,,,,,,,,,,,,,,,,,,,,,,,,,,,,,,,,,,,,,,,,,,,,,,,,,,,,,,,,,,,,,,,,,,,,,,,,,,,,,,,,,
≈k├C±٩ 2026/4,0·`3└ﻼ,3·`6└ﻼ,6·`9└ﻼ,9·`12└ﻼ,12·`15└ﻼ,15·`18└ﻼ,18·`21└ﻼ,21·`24└ﻼ,≈k├C±٩ 2026/5,0·`3└ﻼ,3·`6└ﻼ,6·`9└ﻼ,9·`12└ﻼ,12·`15└ﻼ,15·`18└ﻼ,18·`21└ﻼ,21·`24└ﻼ,≈k├C±٩ 2026/6,0·`3└ﻼ,3·`6└ﻼ,6·`9└ﻼ,9·`12└ﻼ,12·`15└ﻼ,15·`18└ﻼ,18·`21└ﻼ,21·`24└ﻼ,≈k├C±٩ 2026/7,0·`3└ﻼ,3·`6└ﻼ,6·`9└ﻼ,9·`12└ﻼ,12·`15└ﻼ,15·`18└ﻼ,18·`21└ﻼ,21·`24└ﻼ,≈k├C±٩ 2026/8,0·`3└ﻼ,3·`6└ﻼ,6·`9└ﻼ,9·`12└ﻼ,12·`15└ﻼ,15·`18└ﻼ,18·`21└ﻼ,21·`24└ﻼ,≈k├C±٩ 2026/9,0·`3└ﻼ,3·`6└ﻼ,6·`9└ﻼ,9·`12└ﻼ,12·`15└ﻼ,15·`18└ﻼ,18·`21└ﻼ,21·`24└ﻼ,≈k├C±٩ 2026/10,0·`3└ﻼ,3·`6└ﻼ,6·`9└ﻼ,9·`12└ﻼ,12·`15└ﻼ,15·`18└ﻼ,18·`21└ﻼ,21·`24└ﻼ,≈k├C±٩ 2026/11,0·`3└ﻼ,3·`6└ﻼ,6·`9└ﻼ,9·`12└ﻼ,12·`15└ﻼ,15·`18└ﻼ,18·`21└ﻼ,21·`24└ﻼ,≈k├C±٩ 2026/12,0·`3└ﻼ,3·`6└ﻼ,6·`9└ﻼ,9·`12└ﻼ,12·`15└ﻼ,15·`18└ﻼ,18·`21└ﻼ,21·`24└ﻼ,≈k├C±٩ 2027/1,0·`3└ﻼ,3·`6└ﻼ,6·`9└ﻼ,9·`12└ﻼ,12·`15└ﻼ,15·`18└ﻼ,18·`21└ﻼ,21·`24└ﻼ,≈k├C±٩ 2027/2,0·`3└ﻼ,3·`6└ﻼ,6·`9└ﻼ,9·`12└ﻼ,12·`15└ﻼ,15·`18└ﻼ,18·`21└ﻼ,21·`24└ﻼ,≈k├C±٩ 2027/3,0·`3└ﻼ,3·`6└ﻼ,6·`9└ﻼ,9·`12└ﻼ,12·`15└ﻼ,15·`18└ﻼ,18·`21└ﻼ,21·`24└ﻼ
0·`10٪,0,0,0,0,10,18,0,0,0·`10٪,0,0,0,0,0,0,0,0,0·`10٪,0,0,0,0,0,0,0,0,0·`10٪,0,0,0,0,0,0,0,0,0·`10٪,0,0,0,0,0,0,0,0,0·`10٪,0,0,0,0,0,14,0,0,0·`10٪,0,0,0,0,0,2,0,0,0·`10٪,0,0,47,74,84,57,0,0,0·`10٪,0,0,13,52,85,71,0,0,0·`10٪,0,0,63,56,98,94,0,0,0·`10٪,0,0,33,19,21,64,0,0,0·`10٪,0,0,38,34,55,76,0,0
10·`20٪,0,0,0,0,80,70,0,0,10·`20٪,0,0,0,0,0,0,0,0,10·`20٪,0,0,0,0,0,0,0,0,10·`20٪,0,0,0,0,0,0,0,0,10·`20٪,0,0,0,0,0,36,0,0,10·`20٪,0,0,0,0,0,26,0,0,10·`20٪,0,0,0,0,0,28,0,0,10·`20٪,0,0,19,79,56,20,0,0,10·`20٪,0,0,77,72,56,65,0,0,10·`20٪,0,0,70,70,32,44,0,0,10·`20٪,0,0,25,40,55,71,4,0,10·`20٪,0,0,31,35,117,78,0,0
20·`30٪,0,0,0,0,126,84,0,0,20·`30٪,0,0,0,0,0,45,0,0,20·`30٪,0,0,0,0,0,0,0,0,20·`30٪,0,0,0,0,0,0,0,0,20·`30٪,0,0,0,0,9,50,0,0,20·`30٪,0,0,0,0,0,38,0,0,20·`30٪,0,0,38,36,34,31,0,0,20·`30٪,0,0,62,81,81,37,30,22,20·`30٪,0,0,140,84,73,61,30,23,20·`30٪,8,6,76,46,16,36,28,19,20·`30٪,0,10,57,26,50,74,29,0,20·`30٪,0,0,27,38,143,60,0,0
30·`40٪,0,0,0,97,172,99,52,8,30·`40٪,0,0,0,104,88,73,0,0,30·`40٪,0,0,0,0,0,53,15,0,30·`40٪,0,0,0,0,0,56,66,0,30·`40٪,0,0,0,27,80,55,65,0,30·`40٪,0,0,0,31,120,60,0,0,30·`40٪,0,0,43,25,74,32,66,47,30·`40٪,18,17,0,143,106,52,75,83,30·`40٪,10,40,74,129,93,56,104,93,30·`40٪,27,39,90,70,49,51,95,78,30·`40٪,3,44,89,73,82,77,97,87,30·`40٪,0,0,27,152,217,94,98,38
40·`50٪,0,0,0,71,201,173,113,8,40·`50٪,0,0,0,84,155,101,62,0,40·`50٪,1,17,0,0,43,93,69,0,40·`50٪,0,0,12,75,112,90,70,3,40·`50٪,15,29,22,30,72,82,46,26,40·`50٪,27,8,31,33,132,66,80,41,40·`50٪,0,0,47,62,114,56,94,61,40·`50٪,25,52,0,269,184,82,92,60,40·`50٪,23,72,15,173,111,55,128,96,40·`50٪,53,83,62,199,110,66,126,96,40·`50٪,30,90,47,110,83,92,128,93,40·`50٪,39,38,22,149,218,161,113,94
50·`60٪,0,0,60,97,182,151,121,15,50·`60٪,0,0,19,65,128,118,76,15,50·`60٪,1,15,6,134,147,105,76,19,50·`60٪,0,0,34,115,111,89,66,48,50·`60٪,17,22,31,115,111,66,52,72,50·`60٪,1,39,25,65,130,88,107,85,50·`60٪,26,63,43,50,137,97,123,96,50·`60٪,28,72,0,167,170,137,110,95,50·`60٪,30,90,11,53,134,62,136,145,50·`60٪,20,109,26,96,149,107,150,140,50·`60٪,55,80,9,114,124,146,111,92,50·`60٪,57,53,65,112,192,143,141,117
60·`70٪,0,0,65,123,163,129,128,21,60·`70٪,0,0,59,106,139,101,121,20,60·`70٪,2,31,2,103,142,94,81,39,60·`70٪,0,0,56,87,117,94,84,73,60·`70٪,19,46,40,115,146,99,98,83,60·`70٪,7,84,19,82,118,104,206,88,60·`70٪,114,106,39,61,120,125,191,167,60·`70٪,39,79,0,138,156,142,177,180,60·`70٪,60,115,16,50,158,82,162,176,60·`70٪,29,118,37,79,188,102,165,63,60·`70٪,112,129,31,132,215,171,138,116,60·`70٪,49,39,52,113,166,140,186,140
70·`80٪,0,0,71,75,150,101,151,153,70·`80٪,0,0,60,70,138,101,135,116,70·`80٪,2,28,2,110,152,127,135,113,70·`80٪,0,0,33,105,170,137,120,147,70·`80٪,56,59,43,129,180,136,132,92,70·`80٪,14,49,62,117,136,147,166,382,70·`80٪,195,138,69,95,135,154,222,275,70·`80٪,196,147,0,109,132,148,245,265,70·`80٪,137,148,23,54,131,93,188,207,70·`80٪,162,284,79,104,163,124,139,27,70·`80٪,170,202,55,149,169,123,211,118,70·`80٪,5,82,87,113,152,98,211,168
80·`90٪,8,7,45,93,138,131,133,115,80·`90٪,11,13,12,85,138,115,125,0,80·`90٪,3,24,69,159,130,123,121,171,80·`90٪,0,0,70,176,177,130,189,221,80·`90٪,93,64,116,188,158,129,147,159,80·`90٪,20,98,89,110,133,135,150,149,80·`90٪,184,178,60,108,126,120,109,82,80·`90٪,113,138,0,103,130,112,264,259,80·`90٪,107,83,10,81,142,113,221,192,80·`90٪,207,247,70,130,138,111,153,21,80·`90٪,199,200,71,106,122,96,156,142,80·`90٪,28,65,0,121,137,91,166,133
90·`100٪,0,0,0,117,122,128,86,0,90·`100٪,0,0,0,13,127,171,82,0,90·`100٪,0,0,80,125,167,155,166,135,90·`100٪,0,0,45,172,147,158,134,114,90·`100٪,170,121,63,203,176,150,143,108,90·`100٪,160,143,0,105,81,126,100,61,90·`100٪,143,101,0,119,135,109,94,60,90·`100٪,14,14,0,98,161,49,112,92,90·`100٪,12,81,0,102,182,61,167,122,90·`100٪,252,211,0,89,162,4,171,32,90·`100٪,229,187,34,153,133,98,34,31,90·`100٪,97,83,0,207,117,96,91,31
±┐≈k 2026/4,0·`3└ﻼ,3·`6└ﻼ,6·`9└ﻼ,9·`12└ﻼ,12·`15└ﻼ,15·`18└ﻼ,18·`21└ﻼ,21·`24└ﻼ,±┐≈k 2026/5,0·`3└ﻼ,3·`6└ﻼ,6·`9└ﻼ,9·`12└ﻼ,12·`15└ﻼ,15·`18└ﻼ,18·`21└ﻼ,21·`24└ﻼ,±┐≈k 2026/6,0·`3└ﻼ,3·`6└ﻼ,6·`9└ﻼ,9·`12└ﻼ,12·`15└ﻼ,15·`18└ﻼ,18·`21└ﻼ,21·`24└ﻼ,±┐≈k 2026/7,0·`3└ﻼ,3·`6└ﻼ,6·`9└ﻼ,9·`12└ﻼ,12·`15└ﻼ,15·`18└ﻼ,18·`21└ﻼ,21·`24└ﻼ,±┐≈k 2026/8,0·`3└ﻼ,3·`6└ﻼ,6·`9└ﻼ,9·`12└ﻼ,12·`15└ﻼ,15·`18└ﻼ,18·`21└ﻼ,21·`24└ﻼ,±┐≈k 2026/9,0·`3└ﻼ,3·`6└ﻼ,6·`9└ﻼ,9·`12└ﻼ,12·`15└ﻼ,15·`18└ﻼ,18·`21└ﻼ,21·`24└ﻼ,±┐≈k 2026/10,0·`3└ﻼ,3·`6└ﻼ,6·`9└ﻼ,9·`12└ﻼ,12·`15└ﻼ,15·`18└ﻼ,18·`21└ﻼ,21·`24└ﻼ,±┐≈k 2026/11,0·`3└ﻼ,3·`6└ﻼ,6·`9└ﻼ,9·`12└ﻼ,12·`15└ﻼ,15·`18└ﻼ,18·`21└ﻼ,21·`24└ﻼ,±┐≈k 2026/12,0·`3└ﻼ,3·`6└ﻼ,6·`9└ﻼ,9·`12└ﻼ,12·`15└ﻼ,15·`18└ﻼ,18·`21└ﻼ,21·`24└ﻼ,±┐≈k 2027/1,0·`3└ﻼ,3·`6└ﻼ,6·`9└ﻼ,9·`12└ﻼ,12·`15└ﻼ,15·`18└ﻼ,18·`21└ﻼ,21·`24└ﻼ,±┐≈k 2027/2,0·`3└ﻼ,3·`6└ﻼ,6·`9└ﻼ,9·`12└ﻼ,12·`15└ﻼ,15·`18└ﻼ,18·`21└ﻼ,21·`24└ﻼ,±┐≈k 2027/3,0·`3└ﻼ,3·`6└ﻼ,6·`9└ﻼ,9·`12└ﻼ,12·`15└ﻼ,15·`18└ﻼ,18·`21└ﻼ,21·`24└ﻼ
0·`10٪,0,0,0,0,0,156,78,0,0·`10٪,0,1,1,2,3,3,4,0,0·`10٪,0,0,0,0,0,0,0,24,0·`10٪,0,0,0,0,0,0,4,12,0·`10٪,0,7,15,12,8,5,0,12,0·`10٪,0,0,0,0,0,28,11,48,0·`10٪,0,0,23,248,50,34,3,0,0·`10٪,0,8,3,60,117,76,43,0,0·`10٪,0,44,128,174,149,86,66,0,0·`10٪,16,48,64,79,95,111,105,91,0·`10٪,16,4,27,58,89,120,116,85,0·`10٪,0,0,0,0,0,142,99,0
10·`20٪,0,0,0,0,0,91,85,0,10·`20٪,0,23,96,99,61,69,8,0,10·`20٪,0,0,0,0,0,0,0,20,10·`20٪,0,0,0,0,0,0,6,10,10·`20٪,0,8,99,185,71,26,0,20,10·`20٪,0,0,0,0,0,16,27,36,10·`20٪,0,45,162,166,139,18,0,0,10·`20٪,0,15,26,111,161,111,0,4,10·`20٪,0,0,106,163,172,84,0,17,10·`20٪,14,0,46,201,356,181,0,48,10·`20٪,14,0,108,217,325,196,0,31,10·`20٪,0,0,0,0,93,193,0,0
20·`30٪,0,34,51,154,258,153,61,0,20·`30٪,0,33,178,196,165,134,60,0,20·`30٪,0,22,0,0,0,0,0,43,20·`30٪,0,0,0,0,0,0,8,2,20·`30٪,0,8,169,347,133,47,0,5,20·`30٪,0,9,8,6,5,107,44,23,20·`30٪,0,9,41,202,104,2,0,26,20·`30٪,0,14,49,163,204,136,0,5,20·`30٪,0,0,85,113,178,181,0,11,20·`30٪,28,0,43,407,724,104,0,58,20·`30٪,6,0,110,407,770,99,0,83,20·`30٪,30,0,0,410,572,72,0,0
30·`40٪,0,132,198,264,329,142,36,139,30·`40٪,22,103,273,293,247,198,56,85,30·`40٪,25,70,58,0,0,0,0,77,30·`40٪,0,50,42,34,26,18,10,31,30·`40٪,0,1,160,489,257,66,0,63,30·`40٪,0,10,159,143,115,115,33,61,30·`40٪,0,32,122,239,114,3,0,54,30·`40٪,13,21,71,214,289,90,0,6,30·`40٪,14,0,63,64,219,139,0,52,30·`40٪,42,0,40,515,563,116,0,52,30·`40٪,31,0,113,474,644,109,0,110,30·`40٪,33,179,262,563,592,125,0,151
40·`50٪,0,58,259,356,454,188,85,138,40·`50٪,27,24,329,390,328,218,31,11,40·`50٪,21,20,173,390,328,226,0,100,40·`50٪,0,32,107,168,230,185,12,68,40·`50٪,0,28,115,475,686,86,0,40,40·`50٪,0,11,152,405,540,227,8,48,40·`50٪,0,55,122,406,409,4,0,35,40·`50٪,8,27,138,220,375,33,0,71,40·`50٪,31,0,41,116,277,105,0,70,40·`50٪,16,0,37,530,403,128,0,95,40·`50٪,34,0,188,485,518,91,0,140,40·`50٪,2,98,423,662,612,18,0,132
50·`60٪,0,56,491,1154,887,510,134,100,50·`60٪,18,24,488,1218,718,212,65,4,50·`60٪,17,19,295,1056,685,227,39,53,50·`60٪,0,6,166,472,656,190,3,106,50·`60٪,0,23,237,549,625,150,14,70,50·`60٪,0,11,199,465,566,268,111,27,50·`60٪,0,59,193,494,448,6,0,80,50·`60٪,138,34,189,546,431,17,0,113,50·`60٪,91,0,20,332,336,41,0,88,50·`60٪,92,0,34,544,381,48,0,200,50·`60٪,19,0,271,532,404,50,0,175,50·`60٪,39,217,407,761,562,91,0,161
60·`70٪,0,141,598,1016,993,396,139,186,60·`70٪,20,94,310,1087,1148,274,181,60,60·`70٪,13,81,299,958,806,202,132,3,60·`70٪,0,26,223,709,655,55,29,30,60·`70٪,0,19,124,623,663,70,6,26,60·`70٪,0,12,114,588,514,185,0,0,60·`70٪,88,51,78,572,430,33,0,112,60·`70٪,256,18,163,546,429,1,0,134,60·`70٪,150,0,35,602,402,62,0,112,60·`70٪,102,0,64,631,378,106,0,157,60·`70٪,34,0,299,580,381,151,0,508,60·`70٪,42,131,320,1005,695,252,0,294
70·`80٪,0,151,289,967,1103,281,165,115,70·`80٪,11,90,275,956,1133,336,163,117,70·`80٪,12,43,314,859,933,232,162,0,70·`80٪,0,52,279,722,612,110,24,0,70·`80٪,0,38,251,699,702,75,21,0,70·`80٪,0,19,169,556,461,145,0,0,70·`80٪,64,34,119,616,496,61,0,92,70·`80٪,0,1,138,624,457,43,0,92,70·`80٪,67,0,137,633,429,53,0,92,70·`80٪,68,0,153,624,392,82,0,75,70·`80٪,68,0,211,632,422,377,0,85,70·`80٪,33,46,233,853,828,296,0,123
80·`90٪,33,129,281,919,1212,363,190,0,80·`90٪,11,138,350,1042,1118,398,163,0,80·`90٪,12,132,359,917,1061,349,149,0,80·`90٪,0,65,338,789,427,111,33,0,80·`90٪,0,58,172,427,354,91,22,0,80·`90٪,0,13,130,427,316,104,0,0,80·`90٪,13,0,98,561,398,124,0,52,80·`90٪,0,8,95,621,386,103,0,128,80·`90٪,0,0,0,487,352,32,0,137,80·`90٪,0,0,0,621,353,54,0,128,80·`90٪,0,0,91,534,843,304,0,0,80·`90٪,6,100,132,701,1096,242,0,84
90·`100٪,0,146,343,540,305,261,129,0,90·`100٪,11,187,345,503,393,219,167,0,90·`100٪,11,170,330,424,434,223,37,0,90·`100٪,0,110,191,271,285,126,36,0,90·`100٪,0,27,56,301,182,102,0,0,90·`100٪,0,8,143,313,210,19,0,0,90·`100٪,0,0,187,506,216,0,0,0,90·`100٪,0,14,158,441,302,0,0,164,90·`100٪,0,0,0,328,217,0,0,181,90·`100٪,0,0,0,126,110,16,0,164,90·`100٪,0,0,121,436,357,231,0,0,90·`100٪,0,0,27,535,243,218,0,45
±┐┴ﻼ 2026/4,0·`3└ﻼ,3·`6└ﻼ,6·`9└ﻼ,9·`12└ﻼ,12·`15└ﻼ,15·`18└ﻼ,18·`21└ﻼ,21·`24└ﻼ,±┐┴ﻼ 2026/5,0·`3└ﻼ,3·`6└ﻼ,6·`9└ﻼ,9·`12└ﻼ,12·`15└ﻼ,15·`18└ﻼ,18·`21└ﻼ,21·`24└ﻼ,±┐┴ﻼ 2026/6,0·`3└ﻼ,3·`6└ﻼ,6·`9└ﻼ,9·`12└ﻼ,12·`15└ﻼ,15·`18└ﻼ,18·`21└ﻼ,21·`24└ﻼ,±┐┴ﻼ 2026/7,0·`3└ﻼ,3·`6└ﻼ,6·`9└ﻼ,9·`12└ﻼ,12·`15└ﻼ,15·`18└ﻼ,18·`21└ﻼ,21·`24└ﻼ,±┐┴ﻼ 2026/8,0·`3└ﻼ,3·`6└ﻼ,6·`9└ﻼ,9·`12└ﻼ,12·`15└ﻼ,15·`18└ﻼ,18·`21└ﻼ,21·`24└ﻼ,±┐┴ﻼ 2026/9,0·`3└ﻼ,3·`6└ﻼ,6·`9└ﻼ,9·`12└ﻼ,12·`15└ﻼ,15·`18└ﻼ,18·`21└ﻼ,21·`24└ﻼ,±┐┴ﻼ 2026/10,0·`3└ﻼ,3·`6└ﻼ,6·`9└ﻼ,9·`12└ﻼ,12·`15└ﻼ,15·`18└ﻼ,18·`21└ﻼ,21·`24└ﻼ,±┐┴ﻼ 2026/11,0·`3└ﻼ,3·`6└ﻼ,6·`9└ﻼ,9·`12└ﻼ,12·`15└ﻼ,15·`18└ﻼ,18·`21└ﻼ,21·`24└ﻼ,±┐┴ﻼ 2026/12,0·`3└ﻼ,3·`6└ﻼ,6·`9└ﻼ,9·`12└ﻼ,12·`15└ﻼ,15·`18└ﻼ,18·`21└ﻼ,21·`24└ﻼ,±┐┴ﻼ 2027/1,0·`3└ﻼ,3·`6└ﻼ,6·`9└ﻼ,9·`12└ﻼ,12·`15└ﻼ,15·`18└ﻼ,18·`21└ﻼ,21·`24└ﻼ,±┐┴ﻼ 2027/2,0·`3└ﻼ,3·`6└ﻼ,6·`9└ﻼ,9·`12└ﻼ,12·`15└ﻼ,15·`18└ﻼ,18·`21└ﻼ,21·`24└ﻼ,±┐┴ﻼ 2027/3,0·`3└ﻼ,3·`6└ﻼ,6·`9└ﻼ,9·`12└ﻼ,12·`15└ﻼ,15·`18└ﻼ,18·`21└ﻼ,21·`24└ﻼ
0·`10٪,0,0,0,0,0,0,0,0,0·`10٪,0,0,0,0,0,0,0,0,0·`10٪,0,0,0,0,0,0,0,0,0·`10٪,0,0,0,0,0,0,0,0,0·`10٪,0,0,0,0,0,0,0,0,0·`10٪,0,0,0,0,20,3,0,0,0·`10٪,0,0,0,0,0,1,0,0,0·`10٪,0,0,0,0,0,1,0,0,0·`10٪,0,0,0,0,0,0,0,0,0·`10٪,0,0,0,0,0,0,0,0,0·`10٪,0,0,0,0,0,0,0,0,0·`10٪,0,0,0,0,0,0,0,0
10·`20٪,0,0,126,241,362,3,7,0,10·`20٪,0,0,0,0,296,77,4,0,10·`20٪,0,0,0,0,293,116,4,0,10·`20٪,0,6,41,75,110,89,0,0,10·`20٪,0,0,0,0,0,0,0,0,10·`20٪,0,0,119,139,94,40,0,0,10·`20٪,0,0,0,0,95,44,0,0,10·`20٪,0,0,0,0,95,86,0,0,10·`20٪,0,0,0,0,0,0,0,0,10·`20٪,0,0,0,0,0,0,0,0,10·`20٪,0,0,14,307,0,0,0,0,10·`20٪,0,0,0,307,0,0,0,0
20·`30٪,0,6,234,1162,750,196,12,0,20·`30٪,0,0,543,1185,755,130,28,0,20·`30٪,0,0,296,994,380,143,28,0,20·`30٪,0,8,244,479,330,181,31,0,20·`30٪,0,0,240,722,554,0,0,0,20·`30٪,0,0,226,262,889,167,0,0,20·`30٪,0,14,139,260,913,167,0,0,20·`30٪,0,0,0,258,925,168,0,0,20·`30٪,0,0,0,0,316,129,0,0,20·`30٪,0,0,0,195,409,30,0,0,20·`30٪,0,2,60,540,275,28,0,0,20·`30٪,0,0,0,1125,0,0,0,0
30·`40٪,0,17,530,1436,1023,389,18,0,30·`40٪,0,0,715,1417,666,369,9,0,30·`40٪,0,0,663,1014,490,252,54,0,30·`40٪,0,6,659,777,897,437,63,0,30·`40٪,0,8,92,620,414,0,0,0,30·`40٪,0,0,312,665,701,478,0,0,30·`40٪,0,22,333,832,737,474,0,0,30·`40٪,0,0,380,837,834,615,0,0,30·`40٪,0,0,0,0,218,338,0,0,30·`40٪,0,0,0,582,336,129,0,0,30·`40٪,0,0,420,1213,1071,267,0,0,30·`40٪,0,11,415,1596,1065,686,0,0
40·`50٪,0,5,496,1952,1066,390,23,0,40·`50٪,0,0,414,1772,988,329,81,0,40·`50٪,0,0,495,1803,1015,362,80,0,40·`50٪,0,4,495,1394,1178,611,96,0,40·`50٪,0,30,274,897,705,478,0,0,40·`50٪,0,0,209,985,968,372,0,0,40·`50٪,0,30,175,1175,799,339,0,0,40·`50٪,0,0,275,764,1053,226,0,0,40·`50٪,0,0,8,218,282,237,0,0,40·`50٪,0,0,0,1043,222,163,0,0,40·`50٪,0,0,355,2680,1330,588,0,0,40·`50٪,0,1,618,2171,1067,288,0,0
50·`60٪,0,23,423,934,1507,592,0,0,50·`60٪,0,0,441,1447,1374,484,140,0,50·`60٪,0,0,184,1312,1031,818,73,0,50·`60٪,0,12,153,1289,1379,1096,71,0,50·`60٪,0,52,66,1280,923,391,9,0,50·`60٪,0,15,271,1329,1480,194,0,0,50·`60٪,0,39,240,1280,1365,309,0,0,50·`60٪,0,0,153,1073,1089,449,0,0,50·`60٪,0,0,67,843,645,388,0,0,50·`60٪,0,0,0,991,594,159,0,0,50·`60٪,0,0,371,2133,1800,1100,0,0,50·`60٪,0,4,597,1606,1476,693,0,0
60·`70٪,0,26,330,795,1949,793,0,0,60·`70٪,0,29,475,1112,964,499,43,0,60·`70٪,0,27,396,1061,1219,575,91,0,60·`70٪,0,14,402,1056,1547,936,90,0,60·`70٪,0,5,460,1124,1294,408,26,0,60·`70٪,0,21,334,1800,1317,523,0,0,60·`70٪,0,7,173,1798,1129,650,0,0,60·`70٪,0,0,29,1762,1748,844,0,0,60·`70٪,0,0,209,711,220,240,0,0,60·`70٪,0,0,31,807,1452,155,0,0,60·`70٪,0,0,297,2198,2270,1611,0,0,60·`70٪,0,7,157,1502,1885,1026,0,0
70·`80٪,0,111,506,901,1262,510,0,0,70·`80٪,0,72,102,147,153,744,109,0,70·`80٪,0,26,143,1059,1202,474,108,0,70·`80٪,0,8,98,1218,1563,776,109,0,70·`80٪,0,7,46,1163,1666,908,43,0,70·`80٪,0,28,475,1511,1155,912,0,0,70·`80٪,0,1,248,1144,894,317,0,0,70·`80٪,0,0,54,1154,822,464,0,0,70·`80٪,0,0,17,391,727,91,0,0,70·`80٪,0,0,22,559,363,100,0,0,70·`80٪,0,0,143,2263,1959,2207,0,0,70·`80٪,0,6,63,1398,1108,818,0,0
80·`90٪,0,0,0,360,576,656,0,0,80·`90٪,0,0,0,0,0,990,54,0,80·`90٪,0,39,181,728,704,420,75,0,80·`90٪,0,10,50,841,716,446,60,0,80·`90٪,0,24,101,766,1284,165,61,0,80·`90٪,0,25,615,1184,1352,158,0,0,80·`90٪,0,0,537,1063,1232,429,0,0,80·`90٪,0,0,78,1015,587,59,0,0,80·`90٪,0,0,103,331,419,58,0,0,80·`90٪,0,0,13,311,185,58,0,0,80·`90٪,0,0,0,396,201,24,0,0,80·`90٪,0,5,96,753,873,488,0,0
90·`100٪,0,0,0,0,0,158,0,0,90·`100٪,0,0,0,0,0,186,0,0,90·`100٪,0,53,124,193,255,20,0,0,90·`100٪,0,52,8,20,53,22,0,0,90·`100٪,0,48,74,127,222,21,0,0,90·`100٪,0,47,161,360,188,17,0,0,90·`100٪,0,0,0,464,185,0,0,0,90·`100٪,0,0,103,208,112,29,0,0,90·`100٪,0,0,50,151,112,30,0,0,90·`100٪,0,0,36,165,215,30,0,0,90·`100٪,0,0,0,68,41,13,0,0,90·`100٪,0,0,0,0,0,158,0,0
φ│¼½ 2026/4,0·`3└ﻼ,3·`6└ﻼ,6·`9└ﻼ,9·`12└ﻼ,12·`15└ﻼ,15·`18└ﻼ,18·`21└ﻼ,21·`24└ﻼ,φ│¼½ 2026/5,0·`3└ﻼ,3·`6└ﻼ,6·`9└ﻼ,9·`12└ﻼ,12·`15└ﻼ,15·`18└ﻼ,18·`21└ﻼ,21·`24└ﻼ,φ│¼½ 2026/6,0·`3└ﻼ,3·`6└ﻼ,6·`9└ﻼ,9·`12└ﻼ,12·`15└ﻼ,15·`18└ﻼ,18·`21└ﻼ,21·`24└ﻼ,φ│¼½ 2026/7,0·`3└ﻼ,3·`6└ﻼ,6·`9└ﻼ,9·`12└ﻼ,12·`15└ﻼ,15·`18└ﻼ,18·`21└ﻼ,21·`24└ﻼ,φ│¼½ 2026/8,0·`3└ﻼ,3·`6└ﻼ,6·`9└ﻼ,9·`12└ﻼ,12·`15└ﻼ,15·`18└ﻼ,18·`21└ﻼ,21·`24└ﻼ,φ│¼½ 2026/9,0·`3└ﻼ,3·`6└ﻼ,6·`9└ﻼ,9·`12└ﻼ,12·`15└ﻼ,15·`18└ﻼ,18·`21└ﻼ,21·`24└ﻼ,φ│¼½ 2026/10,0·`3└ﻼ,3·`6└ﻼ,6·`9└ﻼ,9·`12└ﻼ,12·`15└ﻼ,15·`18└ﻼ,18·`21└ﻼ,21·`24└ﻼ,φ│¼½ 2026/11,0·`3└ﻼ,3·`6└ﻼ,6·`9└ﻼ,9·`12└ﻼ,12·`15└ﻼ,15·`18└ﻼ,18·`21└ﻼ,21·`24└ﻼ,φ│¼½ 2026/12,0·`3└ﻼ,3·`6└ﻼ,6·`9└ﻼ,9·`12└ﻼ,12·`15└ﻼ,15·`18└ﻼ,18·`21└ﻼ,21·`24└ﻼ,φ│¼½ 2027/1,0·`3└ﻼ,3·`6└ﻼ,6·`9└ﻼ,9·`12└ﻼ,12·`15└ﻼ,15·`18└ﻼ,18·`21└ﻼ,21·`24└ﻼ,φ│¼½ 2027/2,0·`3└ﻼ,3·`6└ﻼ,6·`9└ﻼ,9·`12└ﻼ,12·`15└ﻼ,15·`18└ﻼ,18·`21└ﻼ,21·`24└ﻼ,φ│¼½ 2027/3,0·`3└ﻼ,3·`6└ﻼ,6·`9└ﻼ,9·`12└ﻼ,12·`15└ﻼ,15·`18└ﻼ,18·`21└ﻼ,21·`24└ﻼ
0·`10٪,0,17,16,15,15,14,13,0,0·`10٪,0,0,0,0,0,0,11,0,0·`10٪,0,11,13,15,16,18,18,0,0·`10٪,0,12,12,13,13,14,14,0,0·`10٪,0,9,12,14,16,19,21,0,0·`10٪,0,11,13,15,17,19,21,0,0·`10٪,0,9,19,129,34,27,20,0,0·`10٪,0,0,0,0,0,0,0,0,0·`10٪,0,0,0,0,0,0,0,0,0·`10٪,0,0,0,0,0,0,9,0,0·`10٪,0,17,23,20,17,14,11,0,0·`10٪,0,18,17,16,16,15,14,0
10·`20٪,0,15,21,42,63,58,11,0,10·`20٪,0,0,0,0,0,71,0,0,10·`20٪,0,0,65,117,148,74,13,0,10·`20٪,0,0,155,81,30,14,17,0,10·`20٪,0,0,90,189,149,47,23,7,10·`20٪,0,17,45,214,286,28,0,0,10·`20٪,0,36,138,215,269,44,0,0,10·`20٪,0,0,0,0,0,0,0,0,10·`20٪,0,0,0,0,0,0,0,0,10·`20٪,0,0,0,0,0,135,0,0,10·`20٪,0,0,12,454,326,102,0,0,10·`20٪,0,0,166,258,176,94,15,0
20·`30٪,0,28,180,167,290,128,9,0,20·`30٪,0,0,185,240,295,131,0,0,20·`30٪,7,0,116,218,280,158,7,0,20·`30٪,0,0,441,149,48,15,16,0,20·`30٪,0,0,365,377,320,38,24,2,20·`30٪,0,0,186,384,430,40,0,1,20·`30٪,0,21,115,300,340,61,0,19,20·`30٪,0,0,81,0,0,0,0,9,20·`30٪,0,0,87,0,0,0,0,9,20·`30٪,0,0,86,16,83,116,0,0,20·`30٪,0,0,149,1005,748,219,0,0,20·`30٪,0,0,160,669,326,286,15,0
30·`40٪,0,0,230,786,801,244,7,0,30·`40٪,0,0,282,320,766,338,0,0,30·`40٪,20,0,167,320,726,302,2,0,30·`40٪,11,0,546,217,65,16,15,0,30·`40٪,0,0,498,500,407,158,25,7,30·`40٪,5,0,451,513,574,51,0,4,30·`40٪,5,1,185,385,515,79,0,4,30·`40٪,10,0,153,582,327,17,0,7,30·`40٪,0,0,91,584,276,0,0,0,30·`40٪,0,0,155,639,832,166,0,0,30·`40٪,0,0,438,1085,1316,255,0,0,30·`40٪,0,0,252,712,869,311,15,0
40·`50٪,0,0,371,855,1493,258,4,0,40·`50٪,18,0,379,808,1237,509,0,7,40·`50٪,27,0,407,722,1325,527,15,7,40·`50٪,27,0,636,480,82,17,17,11,40·`50٪,27,0,558,798,642,167,27,25,40·`50٪,13,0,516,830,825,63,0,31,40·`50٪,13,94,400,1017,890,166,0,31,40·`50٪,13,0,364,784,676,51,0,5,40·`50٪,0,0,150,761,752,77,0,0,40·`50٪,0,0,111,956,1422,182,0,0,40·`50٪,0,0,536,1401,1718,173,0,0,40·`50٪,0,0,339,754,1613,533,10,0
50·`60٪,20,0,709,882,1525,661,23,0,50·`60٪,22,0,655,813,1347,785,0,6,50·`60٪,24,0,647,816,1248,525,27,19,50·`60٪,33,0,518,742,813,422,19,22,50·`60٪,18,0,388,1010,824,169,28,15,50·`60٪,13,0,500,1077,898,264,0,22,50·`60٪,30,1,458,1219,990,197,0,22,50·`60٪,0,0,446,1220,1088,84,0,24,50·`60٪,0,0,190,1635,1021,11,0,0,50·`60٪,0,0,195,1194,1294,285,0,0,50·`60٪,11,0,634,1564,1396,275,0,0,50·`60٪,22,0,711,1153,1491,755,15,0
60·`70٪,52,0,798,1101,1556,1238,37,4,60·`70٪,27,0,646,1092,1595,1142,0,4,60·`70٪,28,0,588,1055,1170,698,26,0,60·`70٪,0,0,426,990,1104,491,18,23,60·`70٪,3,0,172,898,792,217,25,31,60·`70٪,30,0,401,1365,886,190,0,46,60·`70٪,34,0,362,1357,948,385,0,15,60·`70٪,0,0,360,1603,886,108,0,0,60·`70٪,0,0,313,1615,777,0,0,0,60·`70٪,0,0,55,1314,833,190,0,0,60·`70٪,21,0,291,1590,1205,667,0,0,60·`70٪,42,0,639,1322,1555,1256,17,0
70·`80٪,33,0,194,1293,1405,463,30,12,70·`80٪,26,0,239,1329,1502,810,0,0,70·`80٪,7,0,289,1295,1100,623,22,0,70·`80٪,0,0,317,1113,894,408,17,24,70·`80٪,25,0,295,769,751,436,21,39,70·`80٪,47,0,303,811,850,194,0,73,70·`80٪,38,0,193,1029,905,261,0,9,70·`80٪,0,0,263,1130,683,270,0,0,70·`80٪,0,0,28,981,470,0,0,0,70·`80٪,0,0,168,707,569,354,0,0,70·`80٪,24,0,270,1004,747,342,0,0,70·`80٪,27,0,441,1121,1012,692,17,4
80·`90٪,0,0,148,1452,1305,377,24,11,80·`90٪,0,0,232,1042,1409,478,0,0,80·`90٪,0,0,273,672,734,547,19,0,80·`90٪,0,0,361,540,541,418,16,25,80·`90٪,47,0,294,462,507,401,11,131,80·`90٪,61,0,360,453,380,0,0,141,80·`90٪,42,0,116,585,507,0,0,97,80·`90٪,0,0,0,592,305,0,0,0,80·`90٪,0,0,0,346,161,0,0,0,80·`90٪,0,0,333,475,368,0,0,0,80·`90٪,0,0,232,529,432,0,0,0,80·`90٪,0,0,243,921,869,520,18,18
90·`100٪,0,0,0,520,314,299,18,27,90·`100٪,0,0,159,529,348,167,0,0,90·`100٪,0,0,217,545,600,173,0,0,90·`100٪,0,0,218,333,443,151,0,26,90·`100٪,72,0,248,329,451,141,0,166,90·`100٪,72,0,0,109,0,0,0,180,90·`100٪,103,0,0,0,0,0,0,180,90·`100٪,0,0,0,0,0,0,0,0,90·`100٪,0,0,0,0,0,0,0,0,90·`100٪,0,0,0,0,0,0,0,0,90·`100٪,0,0,0,377,0,0,0,26,90·`100٪,0,0,0,439,331,347,18,31
≈k«¤ 2026/4,0·`3└ﻼ,3·`6└ﻼ,6·`9└ﻼ,9·`12└ﻼ,12·`15└ﻼ,15·`18└ﻼ,18·`21└ﻼ,21·`24└ﻼ,≈k«¤ 2026/5,0·`3└ﻼ,3·`6└ﻼ,6·`9└ﻼ,9·`12└ﻼ,12·`15└ﻼ,15·`18└ﻼ,18·`21└ﻼ,21·`24└ﻼ,≈k«¤ 2026/6,0·`3└ﻼ,3·`6└ﻼ,6·`9└ﻼ,9·`12└ﻼ,12·`15└ﻼ,15·`18└ﻼ,18·`21└ﻼ,21·`24└ﻼ,≈k«¤ 2026/7,0·`3└ﻼ,3·`6└ﻼ,6·`9└ﻼ,9·`12└ﻼ,12·`15└ﻼ,15·`18└ﻼ,18·`21└ﻼ,21·`24└ﻼ,≈k«¤ 2026/8,0·`3└ﻼ,3·`6└ﻼ,6·`9└ﻼ,9·`12└ﻼ,12·`15└ﻼ,15·`18└ﻼ,18·`21└ﻼ,21·`24└ﻼ,≈k«¤ 2026/9,0·`3└ﻼ,3·`6└ﻼ,6·`9└ﻼ,9·`12└ﻼ,12·`15└ﻼ,15·`18└ﻼ,18·`21└ﻼ,21·`24└ﻼ,≈k«¤ 2026/10,0·`3└ﻼ,3·`6└ﻼ,6·`9└ﻼ,9·`12└ﻼ,12·`15└ﻼ,15·`18└ﻼ,18·`21└ﻼ,21·`24└ﻼ,≈k«¤ 2026/11,0·`3└ﻼ,3·`6└ﻼ,6·`9└ﻼ,9·`12└ﻼ,12·`15└ﻼ,15·`18└ﻼ,18·`21└ﻼ,21·`24└ﻼ,≈k«¤ 2026/12,0·`3└ﻼ,3·`6└ﻼ,6·`9└ﻼ,9·`12└ﻼ,12·`15└ﻼ,15·`18└ﻼ,18·`21└ﻼ,21·`24└ﻼ,≈k«¤ 2027/1,0·`3└ﻼ,3·`6└ﻼ,6·`9└ﻼ,9·`12└ﻼ,12·`15└ﻼ,15·`18└ﻼ,18·`21└ﻼ,21·`24└ﻼ,≈k«¤ 2027/2,0·`3└ﻼ,3·`6└ﻼ,6·`9└ﻼ,9·`12└ﻼ,12·`15└ﻼ,15·`18└ﻼ,18·`21└ﻼ,21·`24└ﻼ,≈k«¤ 2027/3,0·`3└ﻼ,3·`6└ﻼ,6·`9└ﻼ,9·`12└ﻼ,12·`15└ﻼ,15·`18└ﻼ,18·`21└ﻼ,21·`24└ﻼ
0·`10٪,0,1,3,6,8,0,0,0,0·`10٪,0,0,0,0,0,0,0,0,0·`10٪,0,0,0,0,0,0,1,0,0·`10٪,0,1,1,1,1,2,2,0,0·`10٪,0,1,2,3,4,5,2,0,0·`10٪,0,1,4,3,3,2,2,0,0·`10٪,0,1,3,1,2,2,0,0,0·`10٪,0,0,0,0,0,3,2,0,0·`10٪,0,2,1,1,4,7,3,0,0·`10٪,0,2,1,6,7,9,2,0,0·`10٪,0,2,4,4,6,7,2,0,0·`10٪,0,0,0,0,0,0,0,0
10·`20٪,0,2,5,23,3,0,0,0,10·`20٪,0,2,15,24,0,0,0,0,10·`20٪,0,0,0,0,0,0,2,0,10·`20٪,0,1,12,5,3,7,2,0,10·`20٪,0,22,15,13,11,7,2,0,10·`20٪,1,29,18,5,9,14,2,0,10·`20٪,0,5,11,15,2,5,0,0,10·`20٪,0,0,0,0,0,5,0,0,10·`20٪,0,0,5,16,18,9,0,0,10·`20٪,0,0,5,10,1,7,0,0,10·`20٪,0,0,3,18,18,11,0,2,10·`20٪,1,1,2,2,3,3,4,0
20·`30٪,0,3,19,29,40,12,2,0,20·`30٪,0,2,25,8,14,15,0,0,20·`30٪,0,0,0,0,0,0,2,0,20·`30٪,0,1,23,9,4,7,3,0,20·`30٪,0,13,6,19,8,8,4,0,20·`30٪,3,18,18,39,23,8,9,1,20·`30٪,0,9,19,13,17,4,0,0,20·`30٪,0,0,0,0,0,18,0,0,20·`30٪,0,0,7,7,6,6,0,0,20·`30٪,0,0,1,4,6,9,0,0,20·`30٪,0,0,9,11,28,6,0,2,20·`30٪,2,0,9,15,42,13,0,0
30·`40٪,1,4,4,22,51,7,3,2,30·`40٪,1,3,20,24,46,12,0,5,30·`40٪,1,0,0,0,30,4,5,2,30·`40٪,0,1,26,22,4,7,2,3,30·`40٪,0,5,47,20,4,8,2,2,30·`40٪,3,6,28,30,37,20,2,1,30·`40٪,0,27,16,12,17,23,0,0,30·`40٪,0,0,0,15,17,15,0,0,30·`40٪,0,0,7,16,5,9,0,0,30·`40٪,0,0,4,2,6,5,0,0,30·`40٪,1,0,9,18,14,17,0,3,30·`40٪,1,0,7,40,80,21,0,2
40·`50٪,1,6,36,30,56,34,4,3,40·`50٪,1,4,49,39,54,21,0,5,40·`50٪,1,4,15,18,60,23,2,5,40·`50٪,0,1,17,18,49,18,9,6,40·`50٪,0,0,16,32,35,14,7,4,40·`50٪,4,0,20,32,28,25,7,3,40·`50٪,0,1,6,22,39,20,0,0,40·`50٪,0,0,1,12,27,14,0,0,40·`50٪,0,0,6,23,31,13,0,4,40·`50٪,0,0,6,24,23,5,0,4,40·`50٪,2,0,6,29,23,5,0,4,40·`50٪,1,0,20,65,68,15,0,3
50·`60٪,1,3,22,80,60,11,5,3,50·`60٪,1,5,11,81,75,61,6,4,50·`60٪,1,0,8,47,86,65,11,6,50·`60٪,4,1,14,50,71,57,8,4,50·`60٪,4,0,22,43,80,16,6,3,50·`60٪,4,0,9,36,34,12,11,5,50·`60٪,2,1,1,46,8,24,0,1,50·`60٪,0,0,11,32,2,9,0,7,50·`60٪,0,0,0,12,11,1,0,4,50·`60٪,0,0,1,40,23,2,0,4,50·`60٪,3,0,13,39,47,10,0,4,50·`60٪,1,0,20,61,17,0,0,3
60·`70٪,1,1,12,82,73,51,3,2,60·`70٪,1,4,17,62,48,40,6,1,60·`70٪,0,0,34,48,53,45,8,9,60·`70٪,7,1,30,46,43,20,9,9,60·`70٪,19,0,24,62,39,22,5,8,60·`70٪,10,0,14,23,16,15,2,7,60·`70٪,9,3,12,23,56,3,0,6,60·`70٪,10,0,8,21,25,5,0,7,60·`70٪,0,0,0,12,17,3,0,2,60·`70٪,0,0,4,51,25,5,0,2,60·`70٪,2,0,12,60,73,19,0,1,60·`70٪,1,0,3,90,15,0,0,2
70·`80٪,2,1,35,84,40,30,4,3,70·`80٪,0,1,26,86,38,20,2,2,70·`80٪,0,0,23,44,15,26,4,11,70·`80٪,4,0,15,40,57,22,5,11,70·`80٪,7,0,0,29,45,11,3,11,70·`80٪,14,0,7,21,41,24,7,11,70·`80٪,10,5,10,32,54,25,0,4,70·`80٪,4,0,0,17,58,23,0,10,70·`80٪,5,0,0,47,24,9,0,2,70·`80٪,5,0,7,73,20,9,0,2,70·`80٪,5,0,11,86,99,22,0,1,70·`80٪,1,0,15,119,13,0,0,3
80·`90٪,0,2,38,134,66,14,5,5,80·`90٪,0,1,36,81,64,12,5,7,80·`90٪,0,0,26,52,57,32,5,14,80·`90٪,20,0,0,34,33,19,5,8,80·`90٪,19,0,0,37,21,12,2,2,80·`90٪,22,0,1,57,11,5,4,2,80·`90٪,4,0,21,96,86,0,0,0,80·`90٪,1,0,0,3,24,16,0,9,80·`90٪,5,0,0,23,9,16,0,8,80·`90٪,5,0,5,28,12,27,0,7,80·`90٪,5,0,9,112,61,10,0,1,80·`90٪,2,0,33,84,0,0,0,4
90·`100٪,0,2,9,26,20,13,6,7,90·`100٪,0,2,29,18,2,0,0,8,90·`100٪,0,0,28,32,0,0,0,16,90·`100٪,2,0,0,17,18,0,0,24,90·`100٪,20,0,0,19,26,0,0,19,90·`100٪,20,0,0,0,0,9,1,1,90·`100٪,21,0,0,67,0,0,0,0,90·`100٪,0,0,0,0,4,21,0,17,90·`100٪,0,0,0,9,22,6,0,0,90·`100٪,0,0,9,11,9,6,0,0,90·`100٪,0,0,0,14,4,0,0,4,90·`100٪,0,0,0,0,0,0,0,7
├ﺿβﺱ 2026/4,0·`3└ﻼ,3·`6└ﻼ,6·`9└ﻼ,9·`12└ﻼ,12·`15└ﻼ,15·`18└ﻼ,18·`21└ﻼ,21·`24└ﻼ,├ﺿβﺱ 2026/5,0·`3└ﻼ,3·`6└ﻼ,6·`9└ﻼ,9·`12└ﻼ,12·`15└ﻼ,15·`18└ﻼ,18·`21└ﻼ,21·`24└ﻼ,├ﺿβﺱ 2026/6,0·`3└ﻼ,3·`6└ﻼ,6·`9└ﻼ,9·`12└ﻼ,12·`15└ﻼ,15·`18└ﻼ,18·`21└ﻼ,21·`24└ﻼ,├ﺿβﺱ 2026/7,0·`3└ﻼ,3·`6└ﻼ,6·`9└ﻼ,9·`12└ﻼ,12·`15└ﻼ,15·`18└ﻼ,18·`21└ﻼ,21·`24└ﻼ,├ﺿβﺱ 2026/8,0·`3└ﻼ,3·`6└ﻼ,6·`9└ﻼ,9·`12└ﻼ,12·`15└ﻼ,15·`18└ﻼ,18·`21└ﻼ,21·`24└ﻼ,├ﺿβﺱ 2026/9,0·`3└ﻼ,3·`6└ﻼ,6·`9└ﻼ,9·`12└ﻼ,12·`15└ﻼ,15·`18└ﻼ,18·`21└ﻼ,21·`24└ﻼ,├ﺿβﺱ 2026/10,0·`3└ﻼ,3·`6└ﻼ,6·`9└ﻼ,9·`12└ﻼ,12·`15└ﻼ,15·`18└ﻼ,18·`21└ﻼ,21·`24└ﻼ,├ﺿβﺱ 2026/11,0·`3└ﻼ,3·`6└ﻼ,6·`9└ﻼ,9·`12└ﻼ,12·`15└ﻼ,15·`18└ﻼ,18·`21└ﻼ,21·`24└ﻼ,├ﺿβﺱ 2026/12,0·`3└ﻼ,3·`6└ﻼ,6·`9└ﻼ,9·`12└ﻼ,12·`15└ﻼ,15·`18└ﻼ,18·`21└ﻼ,21·`24└ﻼ,├ﺿβﺱ 2027/1,0·`3└ﻼ,3·`6└ﻼ,6·`9└ﻼ,9·`12└ﻼ,12·`15└ﻼ,15·`18└ﻼ,18·`21└ﻼ,21·`24└ﻼ,├ﺿβﺱ 2027/2,0·`3└ﻼ,3·`6└ﻼ,6·`9└ﻼ,9·`12└ﻼ,12·`15└ﻼ,15·`18└ﻼ,18·`21└ﻼ,21·`24└ﻼ,├ﺿβﺱ 2027/3,0·`3└ﻼ,3·`6└ﻼ,6·`9└ﻼ,9·`12└ﻼ,12·`15└ﻼ,15·`18└ﻼ,18·`21└ﻼ,21·`24└ﻼ
0·`10٪,0,0,0,0,0,0,9,0,0·`10٪,0,0,0,0,0,0,10,0,0·`10٪,0,1,10,13,15,18,12,0,0·`10٪,0,0,0,0,0,0,16,0,0·`10٪,0,0,0,0,0,0,17,0,0·`10٪,0,0,0,0,0,14,14,0,0·`10٪,0,3,5,8,11,13,13,0,0·`10٪,0,0,0,0,0,10,11,0,0·`10٪,0,0,0,0,0,10,11,0,0·`10٪,0,0,0,0,0,8,10,0,0·`10٪,0,0,0,0,0,12,11,0,0·`10٪,0,0,0,0,0,14,13,0
10·`20٪,0,0,0,0,0,0,5,0,10·`20٪,0,0,0,0,0,0,7,0,10·`20٪,0,8,9,10,11,12,4,0,10·`20٪,0,13,32,51,69,43,11,0,10·`20٪,0,16,16,15,15,12,14,0,10·`20٪,0,0,0,0,0,36,20,0,10·`20٪,0,0,18,37,52,30,7,0,10·`20٪,0,0,0,0,0,37,0,0,10·`20٪,0,0,0,0,0,3,0,1,10·`20٪,0,0,0,0,0,20,0,2,10·`20٪,0,0,0,0,0,19,0,2,10·`20٪,0,0,0,0,0,23,11,5
20·`30٪,0,0,0,0,64,64,5,3,20·`30٪,0,0,0,0,41,50,3,0,20·`30٪,0,8,7,7,6,30,5,0,20·`30٪,0,6,90,200,124,68,12,0,20·`30٪,0,5,77,90,62,14,5,6,20·`30٪,0,0,0,0,0,36,11,4,20·`30٪,0,0,28,54,79,27,1,8,20·`30٪,0,0,0,0,0,20,0,6,20·`30٪,0,0,0,0,261,25,0,2,20·`30٪,0,0,0,0,194,84,0,2,20·`30٪,0,0,0,0,0,23,0,6,20·`30٪,0,0,0,0,137,117,10,4
30·`40٪,0,12,77,262,566,12,6,5,30·`40٪,0,10,87,162,237,198,0,5,30·`40٪,0,12,31,124,217,177,5,8,30·`40٪,0,8,159,272,347,188,10,0,30·`40٪,2,5,172,600,510,132,1,6,30·`40٪,2,0,0,0,0,161,7,4,30·`40٪,0,0,36,71,106,111,0,2,30·`40٪,0,0,0,0,0,89,0,11,30·`40٪,0,0,0,394,377,99,0,5,30·`40٪,0,0,0,526,340,153,0,2,30·`40٪,0,0,269,477,299,133,0,9,30·`40٪,0,0,143,261,565,72,8,2
40·`50٪,0,1,212,526,571,135,5,14,40·`50٪,0,18,76,601,505,205,0,15,40·`50٪,0,18,113,479,586,253,6,6,40·`50٪,0,26,149,585,560,215,12,0,40·`50٪,7,5,253,613,397,185,17,6,40·`50٪,7,8,43,94,219,209,4,5,40·`50٪,0,0,43,89,134,231,0,1,40·`50٪,0,0,0,0,130,122,0,11,40·`50٪,0,0,0,439,355,77,0,11,40·`50٪,0,0,17,587,639,196,0,13,40·`50٪,0,0,27,546,585,75,0,10,40·`50٪,0,0,156,599,586,135,6,13
50·`60٪,0,5,63,642,760,321,17,9,50·`60٪,0,36,308,793,902,214,0,10,50·`60٪,0,3,347,502,777,399,7,5,50·`60٪,0,6,410,671,836,452,12,8,50·`60٪,6,4,335,621,637,535,5,5,50·`60٪,5,0,181,317,275,383,0,5,50·`60٪,2,0,182,321,278,369,0,8,50·`60٪,2,0,0,424,456,498,0,8,50·`60٪,0,0,105,484,432,76,0,9,50·`60٪,3,0,77,348,692,379,0,19,50·`60٪,1,0,61,380,579,167,0,9,50·`60٪,0,0,299,745,804,284,0,9
60·`70٪,1,8,39,759,1013,381,0,8,60·`70٪,5,32,72,985,1061,394,0,17,60·`70٪,9,55,182,740,897,351,8,18,60·`70٪,8,57,469,680,969,404,10,19,60·`70٪,7,4,266,764,918,289,9,10,60·`70٪,5,0,206,669,798,201,0,8,60·`70٪,2,0,188,805,803,302,0,3,60·`70٪,0,0,161,796,874,326,0,14,60·`70٪,0,0,179,518,362,9,0,14,60·`70٪,2,0,48,273,629,372,0,21,60·`70٪,2,0,98,432,412,213,0,10,60·`70٪,2,1,495,1068,1212,486,0,2
70·`80٪,6,8,269,504,1120,384,0,11,70·`80٪,3,7,234,825,1071,358,0,22,70·`80٪,11,7,224,658,922,432,0,23,70·`80٪,8,10,281,811,1191,449,0,25,70·`80٪,8,1,347,908,968,372,0,22,70·`80٪,0,0,219,511,710,341,0,17,70·`80٪,0,0,199,512,666,382,0,10,70·`80٪,0,0,94,521,583,145,0,20,70·`80٪,0,0,153,433,264,17,0,26,70·`80٪,2,0,10,368,824,506,0,30,70·`80٪,0,0,135,372,610,369,0,21,70·`80٪,0,2,157,977,1494,800,0,3
80·`90٪,5,6,186,639,1227,604,0,18,80·`90٪,7,0,325,665,1192,513,0,21,80·`90٪,8,0,284,558,948,513,0,23,80·`90٪,0,7,254,959,1269,1312,0,26,80·`90٪,0,0,87,817,1019,1011,0,29,80·`90٪,0,0,163,505,893,529,0,22,80·`90٪,0,0,178,430,884,507,0,22,80·`90٪,0,0,114,486,390,0,0,19,80·`90٪,0,0,20,313,232,0,0,18,80·`90٪,2,0,42,326,882,640,0,9,80·`90٪,0,0,28,549,988,525,0,0,80·`90٪,0,3,135,885,1703,977,0,0
90·`100٪,0,3,59,219,237,461,0,0,90·`100٪,9,0,84,203,331,364,0,16,90·`100٪,3,0,21,206,259,142,0,22,90·`100٪,0,0,0,163,428,0,0,19,90·`100٪,0,0,0,283,925,296,0,19,90·`100٪,0,0,0,292,920,301,0,16,90·`100٪,0,0,0,441,920,310,0,32,90·`100٪,0,0,0,0,0,0,0,13,90·`100٪,0,0,0,5,0,0,0,10,90·`100٪,2,0,0,123,282,0,0,3,90·`100٪,0,0,0,546,502,457,0,0,90·`100٪,0,3,29,729,601,459,0,0
φ│┌∞ 2026/4,0·`3└ﻼ,3·`6└ﻼ,6·`9└ﻼ,9·`12└ﻼ,12·`15└ﻼ,15·`18└ﻼ,18·`21└ﻼ,21·`24└ﻼ,φ│┌∞ 2026/5,0·`3└ﻼ,3·`6└ﻼ,6·`9└ﻼ,9·`12└ﻼ,12·`15└ﻼ,15·`18└ﻼ,18·`21└ﻼ,21·`24└ﻼ,φ│┌∞ 2026/6,0·`3└ﻼ,3·`6└ﻼ,6·`9└ﻼ,9·`12└ﻼ,12·`15└ﻼ,15·`18└ﻼ,18·`21└ﻼ,21·`24└ﻼ,φ│┌∞ 2026/7,0·`3└ﻼ,3·`6└ﻼ,6·`9└ﻼ,9·`12└ﻼ,12·`15└ﻼ,15·`18└ﻼ,18·`21└ﻼ,21·`24└ﻼ,φ│┌∞ 2026/8,0·`3└ﻼ,3·`6└ﻼ,6·`9└ﻼ,9·`12└ﻼ,12·`15└ﻼ,15·`18└ﻼ,18·`21└ﻼ,21·`24└ﻼ,φ│┌∞ 2026/9,0·`3└ﻼ,3·`6└ﻼ,6·`9└ﻼ,9·`12└ﻼ,12·`15└ﻼ,15·`18└ﻼ,18·`21└ﻼ,21·`24└ﻼ,φ│┌∞ 2026/10,0·`3└ﻼ,3·`6└ﻼ,6·`9└ﻼ,9·`12└ﻼ,12·`15└ﻼ,15·`18└ﻼ,18·`21└ﻼ,21·`24└ﻼ,φ│┌∞ 2026/11,0·`3└ﻼ,3·`6└ﻼ,6·`9└ﻼ,9·`12└ﻼ,12·`15└ﻼ,15·`18└ﻼ,18·`21└ﻼ,21·`24└ﻼ,φ│┌∞ 2026/12,0·`3└ﻼ,3·`6└ﻼ,6·`9└ﻼ,9·`12└ﻼ,12·`15└ﻼ,15·`18└ﻼ,18·`21└ﻼ,21·`24└ﻼ,φ│┌∞ 2027/1,0·`3└ﻼ,3·`6└ﻼ,6·`9└ﻼ,9·`12└ﻼ,12·`15└ﻼ,15·`18└ﻼ,18·`21└ﻼ,21·`24└ﻼ,φ│┌∞ 2027/2,0·`3└ﻼ,3·`6└ﻼ,6·`9└ﻼ,9·`12└ﻼ,12·`15└ﻼ,15·`18└ﻼ,18·`21└ﻼ,21·`24└ﻼ,φ│┌∞ 2027/3,0·`3└ﻼ,3·`6└ﻼ,6·`9└ﻼ,9·`12└ﻼ,12·`15└ﻼ,15·`18└ﻼ,18·`21└ﻼ,21·`24└ﻼ
0·`10٪,0,0,0,0,0,0,0,0,0·`10٪,0,2,2,3,3,3,4,0,0·`10٪,0,2,2,2,2,3,3,0,0·`10٪,0,3,2,2,2,2,1,0,0·`10٪,0,2,2,2,3,3,3,0,0·`10٪,0,2,2,2,2,2,3,0,0·`10٪,0,0,0,0,0,0,0,0,0·`10٪,0,0,0,0,0,0,2,0,0·`10٪,0,1,2,2,3,3,4,0,0·`10٪,0,10,12,9,7,5,3,0,0·`10٪,0,11,10,9,8,7,5,0,0·`10٪,0,7,0,0,0,0,0,0
10·`20٪,0,0,0,3,26,42,0,0,10·`20٪,0,0,16,46,64,73,5,0,10·`20٪,0,0,19,45,91,83,7,0,10·`20٪,0,0,9,43,123,87,9,0,10·`20٪,0,2,3,100,16,72,2,0,10·`20٪,0,0,4,28,131,58,0,0,10·`20٪,0,0,0,0,0,71,0,0,10·`20٪,0,0,0,0,0,42,0,0,10·`20٪,0,0,28,43,33,13,0,0,10·`20٪,0,0,9,27,34,13,0,0,10·`20٪,0,0,25,106,95,11,0,0,10·`20٪,0,6,8,148,95,30,0,0
20·`30٪,0,0,0,85,197,89,2,0,20·`30٪,0,0,30,190,290,156,2,0,20·`30٪,0,0,36,76,180,100,20,0,20·`30٪,0,0,16,232,249,149,17,0,20·`30٪,0,3,4,198,171,179,2,1,20·`30٪,0,0,66,294,298,190,0,0,20·`30٪,0,0,0,0,291,134,0,0,20·`30٪,0,0,0,0,292,135,0,0,20·`30٪,0,0,52,101,87,18,0,0,20·`30٪,0,0,6,184,194,19,0,0,20·`30٪,0,0,38,96,196,74,0,0,20·`30٪,0,5,10,171,143,52,2,0
30·`40٪,0,0,0,125,474,187,55,3,30·`40٪,0,0,43,328,431,198,26,4,30·`40٪,0,0,53,107,303,267,26,4,30·`40٪,0,0,23,342,333,290,20,9,30·`40٪,0,3,5,293,292,287,1,9,30·`40٪,0,0,94,436,433,200,0,2,30·`40٪,0,0,0,90,428,127,0,0,30·`40٪,2,0,0,90,429,122,0,0,30·`40٪,0,0,46,207,228,122,0,0,30·`40٪,2,0,3,341,350,119,0,0,30·`40٪,2,0,28,146,229,188,0,10,30·`40٪,6,5,71,247,281,192,9,11
40·`50٪,4,0,0,443,569,333,43,6,40·`50٪,0,0,56,462,592,307,27,5,40·`50٪,0,0,69,351,883,395,3,3,40·`50٪,0,0,103,503,584,393,0,8,40·`50٪,0,3,123,378,728,382,0,12,40·`50٪,0,0,122,588,467,310,0,7,40·`50٪,0,0,122,582,464,164,0,8,40·`50٪,6,0,31,612,470,129,0,1,40·`50٪,6,0,39,430,302,93,0,5,40·`50٪,4,0,9,464,287,159,0,5,40·`50٪,4,0,16,161,268,222,0,8,40·`50٪,4,4,55,284,367,262,25,6
50·`60٪,6,0,155,506,696,480,10,4,50·`60٪,0,0,232,581,617,417,20,3,50·`60٪,1,0,218,651,907,524,0,3,50·`60٪,12,0,202,599,673,443,0,5,50·`60٪,8,3,89,464,713,477,0,6,50·`60٪,4,0,238,644,550,419,0,3,50·`60٪,0,0,88,526,487,113,0,3,50·`60٪,5,0,66,347,410,104,0,8,50·`60٪,4,0,33,176,376,73,0,8,50·`60٪,7,0,15,246,227,198,0,8,50·`60٪,5,0,21,270,263,185,0,5,50·`60٪,1,2,29,400,595,307,40,5
60·`70٪,5,14,190,629,621,382,6,5,60·`70٪,1,0,219,557,615,341,7,6,60·`70٪,11,0,153,688,854,310,0,10,60·`70٪,24,0,184,652,671,109,0,13,60·`70٪,22,4,180,534,683,172,0,1,60·`70٪,6,0,231,557,628,178,0,1,60·`70٪,0,0,71,499,677,142,0,1,60·`70٪,5,0,26,257,352,29,0,9,60·`70٪,2,0,27,153,277,69,0,5,60·`70٪,3,0,21,189,166,143,0,5,60·`70٪,1,0,25,288,359,90,0,6,60·`70٪,3,1,115,633,502,343,49,0
70·`80٪,4,0,250,614,536,284,2,5,70·`80٪,1,0,81,531,613,202,21,2,70·`80٪,0,0,118,725,861,248,0,7,70·`80٪,18,0,101,625,619,67,0,2,70·`80٪,3,0,120,552,459,149,0,1,70·`80٪,9,0,56,532,600,141,0,0,70·`80٪,15,0,34,408,561,112,0,23,70·`80٪,13,0,68,271,294,0,0,12,70·`80٪,4,0,34,193,178,16,0,10,70·`80٪,2,0,18,252,242,88,0,5,70·`80٪,3,0,24,306,480,147,0,8,70·`80٪,3,0,36,503,549,378,20,0
80·`90٪,2,0,310,599,514,198,4,1,80·`90٪,8,0,36,626,697,191,8,7,80·`90٪,0,0,79,513,759,170,0,16,80·`90٪,12,0,38,245,356,140,0,20,80·`90٪,11,0,61,272,227,170,0,20,80·`90٪,9,0,13,467,270,64,0,0,80·`90٪,7,0,34,413,268,94,0,28,80·`90٪,0,0,14,285,82,0,0,15,80·`90٪,0,0,13,233,187,0,0,7,80·`90٪,0,0,27,314,319,88,0,0,80·`90٪,0,0,24,277,602,69,0,0,80·`90٪,3,0,24,306,489,288,20,0
90·`100٪,0,0,0,221,403,88,0,7,90·`100٪,0,0,0,174,329,0,0,7,90·`100٪,0,0,19,148,231,165,0,34,90·`100٪,5,0,0,0,11,213,0,26,90·`100٪,5,0,80,133,153,177,0,28,90·`100٪,8,0,0,270,206,31,0,0,90·`100٪,5,0,0,177,204,1,0,0,90·`100٪,0,0,0,83,73,0,0,13,90·`100٪,0,0,67,50,73,0,0,0,90·`100٪,0,0,37,65,144,0,0,0,90·`100٪,0,0,20,163,640,77,0,0,90·`100٪,0,0,12,160,309,83,0,0
└l┌∞ 2026/4,0·`3└ﻼ,3·`6└ﻼ,6·`9└ﻼ,9·`12└ﻼ,12·`15└ﻼ,15·`18└ﻼ,18·`21└ﻼ,21·`24└ﻼ,└l┌∞ 2026/5,0·`3└ﻼ,3·`6└ﻼ,6·`9└ﻼ,9·`12└ﻼ,12·`15└ﻼ,15·`18└ﻼ,18·`21└ﻼ,21·`24└ﻼ,└l┌∞ 2026/6,0·`3└ﻼ,3·`6└ﻼ,6·`9└ﻼ,9·`12└ﻼ,12·`15└ﻼ,15·`18└ﻼ,18·`21└ﻼ,21·`24└ﻼ,└l┌∞ 2026/7,0·`3└ﻼ,3·`6└ﻼ,6·`9└ﻼ,9·`12└ﻼ,12·`15└ﻼ,15·`18└ﻼ,18·`21└ﻼ,21·`24└ﻼ,└l┌∞ 2026/8,0·`3└ﻼ,3·`6└ﻼ,6·`9└ﻼ,9·`12└ﻼ,12·`15└ﻼ,15·`18└ﻼ,18·`21└ﻼ,21·`24└ﻼ,└l┌∞ 2026/9,0·`3└ﻼ,3·`6└ﻼ,6·`9└ﻼ,9·`12└ﻼ,12·`15└ﻼ,15·`18└ﻼ,18·`21└ﻼ,21·`24└ﻼ,└l┌∞ 2026/10,0·`3└ﻼ,3·`6└ﻼ,6·`9└ﻼ,9·`12└ﻼ,12·`15└ﻼ,15·`18└ﻼ,18·`21└ﻼ,21·`24└ﻼ,└l┌∞ 2026/11,0·`3└ﻼ,3·`6└ﻼ,6·`9└ﻼ,9·`12└ﻼ,12·`15└ﻼ,15·`18└ﻼ,18·`21└ﻼ,21·`24└ﻼ,└l┌∞ 2026/12,0·`3└ﻼ,3·`6└ﻼ,6·`9└ﻼ,9·`12└ﻼ,12·`15└ﻼ,15·`18└ﻼ,18·`21└ﻼ,21·`24└ﻼ,└l┌∞ 2027/1,0·`3└ﻼ,3·`6└ﻼ,6·`9└ﻼ,9·`12└ﻼ,12·`15└ﻼ,15·`18└ﻼ,18·`21└ﻼ,21·`24└ﻼ,└l┌∞ 2027/2,0·`3└ﻼ,3·`6└ﻼ,6·`9└ﻼ,9·`12└ﻼ,12·`15└ﻼ,15·`18└ﻼ,18·`21└ﻼ,21·`24└ﻼ,└l┌∞ 2027/3,0·`3└ﻼ,3·`6└ﻼ,6·`9└ﻼ,9·`12└ﻼ,12·`15└ﻼ,15·`18└ﻼ,18·`21└ﻼ,21·`24└ﻼ
0·`10٪,0,15,17,14,16,17,19,0,0·`10٪,0,14,10,16,15,14,13,0,0·`10٪,0,8,7,7,6,5,4,0,0·`10٪,0,8,13,18,22,27,16,0,0·`10٪,0,9,13,18,22,27,17,0,0·`10٪,0,10,12,14,15,17,16,0,0·`10٪,3,12,2,1,1,1,15,0,0·`10٪,0,11,6,10,7,1,14,0,0·`10٪,0,10,14,16,18,21,14,0,0·`10٪,0,18,21,21,20,19,15,0,0·`10٪,0,14,25,22,20,18,18,0,0·`10٪,0,15,15,15,14,10,16,0
10·`20٪,0,18,33,49,114,44,7,4,10·`20٪,0,15,64,69,99,26,3,0,10·`20٪,0,7,59,100,68,46,5,5,10·`20٪,0,12,69,53,29,35,9,3,10·`20٪,0,5,11,43,30,60,17,3,10·`20٪,0,14,45,104,94,30,18,0,10·`20٪,6,0,5,39,16,26,17,0,10·`20٪,0,0,18,57,19,11,0,0,10·`20٪,0,0,21,43,44,32,0,3,10·`20٪,4,0,8,31,22,14,0,2,10·`20٪,0,0,12,103,86,54,20,6,10·`20٪,0,21,40,37,19,29,8,4
20·`30٪,13,20,79,122,150,67,10,13,20·`30٪,2,11,77,122,182,79,11,1,20·`30٪,0,5,97,112,131,78,28,1,20·`30٪,0,9,83,73,35,73,25,5,20·`30٪,0,7,32,74,94,100,26,6,20·`30٪,0,4,47,166,157,92,16,13,20·`30٪,8,0,9,107,93,69,23,13,20·`30٪,7,0,15,103,87,68,0,14,20·`30٪,5,0,14,61,64,30,0,13,20·`30٪,9,0,9,61,49,34,0,20,20·`30٪,9,0,29,172,130,58,6,17,20·`30٪,14,27,57,185,123,42,21,13
30·`40٪,17,9,80,213,277,150,26,13,30·`40٪,15,6,102,220,244,126,28,6,30·`40٪,0,6,144,280,209,120,24,7,30·`40٪,7,7,154,298,211,120,31,7,30·`40٪,0,2,108,344,271,133,32,8,30·`40٪,0,6,69,227,217,140,34,15,30·`40٪,10,0,12,161,156,72,7,20,30·`40٪,12,0,12,150,133,86,0,15,30·`40٪,26,0,26,88,83,55,0,20,30·`40٪,7,0,34,92,87,56,0,20,30·`40٪,16,0,17,173,117,46,26,19,30·`40٪,21,21,118,207,186,130,33,14
40·`50٪,27,15,137,304,310,151,40,14,40·`50٪,19,1,169,294,299,200,23,8,40·`50٪,16,14,131,288,285,188,33,11,40·`50٪,2,11,156,317,272,241,22,14,40·`50٪,27,8,112,408,302,201,18,21,40·`50٪,29,8,90,249,235,188,24,28,40·`50٪,33,0,75,202,242,108,35,29,40·`50٪,10,0,11,158,228,57,0,21,40·`50٪,9,0,39,281,192,45,0,19,40·`50٪,6,0,53,115,85,93,0,19,40·`50٪,30,0,39,181,141,79,23,22,40·`50٪,29,14,178,226,269,154,31,18
50·`60٪,13,15,87,435,326,192,36,22,50·`60٪,9,11,143,313,332,248,34,9,50·`60٪,7,20,158,426,426,188,46,9,50·`60٪,4,14,172,430,516,229,37,12,50·`60٪,26,12,174,429,557,177,40,24,50·`60٪,29,6,87,271,435,141,10,48,50·`60٪,23,0,77,243,309,117,10,33,50·`60٪,10,0,16,244,233,63,0,8,50·`60٪,12,0,45,164,170,72,0,3,50·`60٪,20,0,31,151,120,89,0,9,50·`60٪,23,0,27,189,165,55,24,19,50·`60٪,17,8,147,438,331,208,15,26
60·`70٪,12,4,86,504,494,213,40,24,60·`70٪,12,17,117,483,502,240,51,19,60·`70٪,13,6,151,485,465,200,48,17,60·`70٪,7,12,163,473,446,151,40,21,60·`70٪,9,0,128,436,494,152,32,13,60·`70٪,8,8,93,327,444,94,18,29,60·`70٪,8,0,75,246,368,125,14,25,60·`70٪,1,0,75,245,208,113,0,14,60·`70٪,15,0,51,116,147,99,0,1,60·`70٪,20,0,1,114,113,85,0,20,60·`70٪,20,0,32,201,226,100,5,21,60·`70٪,10,4,155,471,421,233,28,25
70·`80٪,8,34,122,519,472,228,63,38,70·`80٪,0,23,144,507,454,235,59,35,70·`80٪,7,17,144,346,329,139,61,25,70·`80٪,9,9,154,226,298,132,58,24,70·`80٪,11,0,82,318,300,138,59,20,70·`80٪,10,0,99,292,248,109,44,31,70·`80٪,14,0,98,239,231,118,23,21,70·`80٪,12,0,54,245,172,103,0,21,70·`80٪,14,0,54,87,153,54,0,19,70·`80٪,13,0,3,88,145,51,0,20,70·`80٪,13,0,58,214,226,115,36,26,70·`80٪,17,0,163,504,475,214,42,33
80·`90٪,12,14,158,533,197,178,64,14,80·`90٪,0,12,139,530,256,156,25,16,80·`90٪,6,10,60,207,170,132,50,6,80·`90٪,30,8,72,166,153,113,53,15,80·`90٪,30,0,106,199,152,125,49,11,80·`90٪,21,0,139,243,177,133,44,34,80·`90٪,10,0,121,246,177,130,15,10,80·`90٪,13,0,31,136,199,20,0,16,80·`90٪,8,0,32,107,132,4,0,20,80·`90٪,16,0,13,33,134,64,0,23,80·`90٪,28,0,53,201,164,131,68,10,80·`90٪,14,0,244,580,388,195,79,15
90·`100٪,29,0,0,0,130,161,43,15,90·`100٪,0,15,45,95,145,106,44,0,90·`100٪,0,13,42,103,93,83,43,0,90·`100٪,13,15,29,81,98,81,46,48,90·`100٪,13,0,41,78,111,92,26,50,90·`100٪,13,0,46,89,117,88,35,50,90·`100٪,0,0,0,139,141,88,41,30,90·`100٪,3,0,0,76,103,8,0,24,90·`100٪,8,0,0,0,0,0,0,18,90·`100٪,9,0,0,0,85,76,0,0,90·`100٪,18,0,0,196,124,109,47,22,90·`100٪,22,0,0,59,183,182,49,22
┴ﻛ┘B 2026/4,0·`3└ﻼ,3·`6└ﻼ,6·`9└ﻼ,9·`12└ﻼ,12·`15└ﻼ,15·`18└ﻼ,18·`21└ﻼ,21·`24└ﻼ,┴ﻛ┘B 2026/5,0·`3└ﻼ,3·`6└ﻼ,6·`9└ﻼ,9·`12└ﻼ,12·`15└ﻼ,15·`18└ﻼ,18·`21└ﻼ,21·`24└ﻼ,┴ﻛ┘B 2026/6,0·`3└ﻼ,3·`6└ﻼ,6·`9└ﻼ,9·`12└ﻼ,12·`15└ﻼ,15·`18└ﻼ,18·`21└ﻼ,21·`24└ﻼ,┴ﻛ┘B 2026/7,0·`3└ﻼ,3·`6└ﻼ,6·`9└ﻼ,9·`12└ﻼ,12·`15└ﻼ,15·`18└ﻼ,18·`21└ﻼ,21·`24└ﻼ,┴ﻛ┘B 2026/8,0·`3└ﻼ,3·`6└ﻼ,6·`9└ﻼ,9·`12└ﻼ,12·`15└ﻼ,15·`18└ﻼ,18·`21└ﻼ,21·`24└ﻼ,┴ﻛ┘B 2026/9,0·`3└ﻼ,3·`6└ﻼ,6·`9└ﻼ,9·`12└ﻼ,12·`15└ﻼ,15·`18└ﻼ,18·`21└ﻼ,21·`24└ﻼ,┴ﻛ┘B 2026/10,0·`3└ﻼ,3·`6└ﻼ,6·`9└ﻼ,9·`12└ﻼ,12·`15└ﻼ,15·`18└ﻼ,18·`21└ﻼ,21·`24└ﻼ,┴ﻛ┘B 2026/11,0·`3└ﻼ,3·`6└ﻼ,6·`9└ﻼ,9·`12└ﻼ,12·`15└ﻼ,15·`18└ﻼ,18·`21└ﻼ,21·`24└ﻼ,┴ﻛ┘B 2026/12,0·`3└ﻼ,3·`6└ﻼ,6·`9└ﻼ,9·`12└ﻼ,12·`15└ﻼ,15·`18└ﻼ,18·`21└ﻼ,21·`24└ﻼ,┴ﻛ┘B 2027/1,0·`3└ﻼ,3·`6└ﻼ,6·`9└ﻼ,9·`12└ﻼ,12·`15└ﻼ,15·`18└ﻼ,18·`21└ﻼ,21·`24└ﻼ,┴ﻛ┘B 2027/2,0·`3└ﻼ,3·`6└ﻼ,6·`9└ﻼ,9·`12└ﻼ,12·`15└ﻼ,15·`18└ﻼ,18·`21└ﻼ,21·`24└ﻼ,┴ﻛ┘B 2027/3,0·`3└ﻼ,3·`6└ﻼ,6·`9└ﻼ,9·`12└ﻼ,12·`15└ﻼ,15·`18└ﻼ,18·`21└ﻼ,21·`24└ﻼ
0·`10٪,0,0,0,0,0,0,0,3,0·`10٪,0,0,0,0,0,0,0,4,0·`10٪,0,0,0,0,0,0,0,0,0·`10٪,0,0,0,0,0,0,0,0,0·`10٪,0,0,0,0,0,0,0,0,0·`10٪,0,0,0,0,0,0,0,0,0·`10٪,0,0,0,7,0,0,0,0,0·`10٪,0,0,0,7,6,4,2,0,0·`10٪,0,6,7,8,9,10,11,0,0·`10٪,0,12,10,8,6,8,9,0,0·`10٪,3,14,25,34,22,13,5,0,0·`10٪,0,0,0,0,0,0,0,4
10·`20٪,4,0,0,0,0,0,0,8,10·`20٪,2,0,0,0,0,0,0,6,10·`20٪,0,0,0,0,0,0,0,0,10·`20٪,0,0,0,0,0,0,0,0,10·`20٪,0,0,0,0,0,0,0,0,10·`20٪,0,0,0,0,0,0,0,0,10·`20٪,0,0,47,130,123,77,0,0,10·`20٪,0,0,44,141,124,77,0,0,10·`20٪,0,0,19,15,104,46,0,6,10·`20٪,0,0,10,67,141,231,0,0,10·`20٪,1,0,116,147,99,204,0,7,10·`20٪,5,0,0,0,0,0,0,8
20·`30٪,5,0,246,870,767,606,67,7,20·`30٪,0,0,330,861,731,597,62,4,20·`30٪,0,0,0,0,0,44,59,0,20·`30٪,0,0,0,0,0,0,41,2,20·`30٪,0,16,22,27,33,38,43,2,20·`30٪,0,23,45,45,44,44,43,0,20·`30٪,0,0,252,338,423,473,0,0,20·`30٪,0,0,123,311,346,511,0,0,20·`30٪,2,0,46,361,411,52,0,19,20·`30٪,0,0,10,346,488,291,0,3,20·`30٪,4,0,200,416,602,408,0,11,20·`30٪,4,0,236,520,641,652,0,7
30·`40٪,7,0,678,1516,1424,978,43,7,30·`40٪,0,0,581,1444,1257,1015,72,13,30·`40٪,0,0,467,744,1028,932,87,15,30·`40٪,0,0,76,270,464,658,65,1,30·`40٪,0,0,123,302,480,659,40,6,30·`40٪,0,0,369,1059,860,553,40,0,30·`40٪,0,0,343,1688,1258,536,0,0,30·`40٪,0,0,177,839,1323,429,0,0,30·`40٪,1,0,106,401,998,58,0,19,30·`40٪,0,0,149,579,909,298,0,10,30·`40٪,18,0,450,1161,977,712,0,6,30·`40٪,18,0,631,1511,1555,977,0,6
40·`50٪,8,0,611,1968,1587,1017,110,1,40·`50٪,0,0,600,1676,1662,1116,191,25,40·`50٪,0,0,553,1533,1362,999,144,12,40·`50٪,0,0,556,1543,1424,996,113,5,40·`50٪,0,0,473,1477,1401,723,29,9,40·`50٪,0,0,471,1379,1457,590,27,0,40·`50٪,0,0,427,1441,1364,599,0,0,40·`50٪,0,0,313,874,1262,540,0,0,40·`50٪,1,0,178,568,878,402,0,18,40·`50٪,17,0,184,644,758,575,0,9,40·`50٪,20,0,391,1271,1115,865,0,1,40·`50٪,21,0,624,1959,1584,1097,6,1
50·`60٪,12,0,655,1557,1750,1214,171,3,50·`60٪,0,0,794,1680,2068,1217,228,36,50·`60٪,0,0,706,1655,1762,1206,201,8,50·`60٪,0,0,819,1575,1605,1100,161,10,50·`60٪,0,0,534,1544,1387,757,18,12,50·`60٪,0,0,436,1115,1394,732,21,0,50·`60٪,0,0,383,1194,1526,743,20,0,50·`60٪,0,0,378,1060,1201,621,0,19,50·`60٪,1,0,171,695,918,365,0,26,50·`60٪,4,0,184,790,667,491,0,18,50·`60٪,17,0,313,1171,1143,815,0,23,50·`60٪,3,0,698,1610,1614,1033,9,18
60·`70٪,0,0,823,1481,1490,1122,92,34,60·`70٪,0,0,996,1733,1741,1166,250,47,60·`70٪,0,0,843,1593,1435,1036,225,4,60·`70٪,0,0,637,1627,1786,920,186,14,60·`70٪,0,0,456,980,1080,678,19,15,60·`70٪,0,0,309,1107,1221,641,20,0,60·`70٪,0,0,299,1098,1046,529,0,0,60·`70٪,0,0,297,1403,956,478,0,14,60·`70٪,1,0,195,888,856,287,0,35,60·`70٪,10,0,150,772,576,386,0,27,60·`70٪,13,0,235,1072,1054,731,0,40,60·`70٪,12,0,590,1449,1977,970,11,34
70·`80٪,0,0,693,1388,1469,1029,25,8,70·`80٪,0,78,547,943,1307,1115,303,48,70·`80٪,0,21,662,783,1035,866,225,19,70·`80٪,0,49,421,788,1068,798,231,18,70·`80٪,0,0,378,843,1053,540,89,18,70·`80٪,0,0,434,1174,1059,470,18,10,70·`80٪,1,0,409,1071,860,336,0,0,70·`80٪,0,0,414,982,890,335,0,10,70·`80٪,2,0,328,752,912,226,0,4,70·`80٪,13,0,188,754,643,335,0,4,70·`80٪,24,0,389,1079,965,648,0,16,70·`80٪,16,0,534,1288,1267,1053,0,8
80·`90٪,0,44,564,1011,1064,775,155,29,80·`90٪,0,10,470,889,959,802,221,90,80·`90٪,0,0,586,689,1020,834,244,26,80·`90٪,0,0,347,651,885,676,238,36,80·`90٪,0,0,222,614,837,483,14,37,80·`90٪,0,0,316,704,625,350,14,0,80·`90٪,1,0,373,721,719,285,0,0,80·`90٪,1,0,398,714,824,366,0,5,80·`90٪,3,0,196,664,968,184,0,7,80·`90٪,3,0,276,741,711,282,0,14,80·`90٪,24,0,420,1001,990,699,0,7,80·`90٪,25,0,551,986,848,731,0,28
90·`100٪,0,0,578,759,855,556,230,0,90·`100٪,0,0,525,696,877,488,163,0,90·`100٪,6,0,511,747,1005,602,174,12,90·`100٪,0,0,107,470,314,176,92,0,90·`100٪,0,0,107,470,563,198,82,0,90·`100٪,0,0,297,433,399,0,0,0,90·`100٪,8,0,411,601,478,233,0,26,90·`100٪,7,0,388,653,485,155,0,27,90·`100٪,4,0,21,389,632,142,0,22,90·`100٪,0,0,274,568,734,239,0,13,90·`100٪,0,0,606,652,937,546,0,8,90·`100٪,0,0,678,698,763,602,0,7
