3-2_(3√ﺫ-3√ﺫ)3√ﺫReliableRequirementTable_[MW],,,,,,,,,,,,,,,,,,,,,,,,,,,,,,,,,,,,,,,,,,,,,,,,,,,,,,,,,,,,,,,,,,,,,,,,,,,,,,,,,,,,,,,,,,,,,,,,,,,,,,,,,,,
≈k├C±٩ 2026/4,0·`3└ﻼ,3·`6└ﻼ,6·`9└ﻼ,9·`12└ﻼ,12·`15└ﻼ,15·`18└ﻼ,18·`21└ﻼ,21·`24└ﻼ,≈k├C±٩ 2026/5,0·`3└ﻼ,3·`6└ﻼ,6·`9└ﻼ,9·`12└ﻼ,12·`15└ﻼ,15·`18└ﻼ,18·`21└ﻼ,21·`24└ﻼ,≈k├C±٩ 2026/6,0·`3└ﻼ,3·`6└ﻼ,6·`9└ﻼ,9·`12└ﻼ,12·`15└ﻼ,15·`18└ﻼ,18·`21└ﻼ,21·`24└ﻼ,≈k├C±٩ 2026/7,0·`3└ﻼ,3·`6└ﻼ,6·`9└ﻼ,9·`12└ﻼ,12·`15└ﻼ,15·`18└ﻼ,18·`21└ﻼ,21·`24└ﻼ,≈k├C±٩ 2026/8,0·`3└ﻼ,3·`6└ﻼ,6·`9└ﻼ,9·`12└ﻼ,12·`15└ﻼ,15·`18└ﻼ,18·`21└ﻼ,21·`24└ﻼ,≈k├C±٩ 2026/9,0·`3└ﻼ,3·`6└ﻼ,6·`9└ﻼ,9·`12└ﻼ,12·`15└ﻼ,15·`18└ﻼ,18·`21└ﻼ,21·`24└ﻼ,≈k├C±٩ 2026/10,0·`3└ﻼ,3·`6└ﻼ,6·`9└ﻼ,9·`12└ﻼ,12·`15└ﻼ,15·`18└ﻼ,18·`21└ﻼ,21·`24└ﻼ,≈k├C±٩ 2026/11,0·`3└ﻼ,3·`6└ﻼ,6·`9└ﻼ,9·`12└ﻼ,12·`15└ﻼ,15·`18└ﻼ,18·`21└ﻼ,21·`24└ﻼ,≈k├C±٩ 2026/12,0·`3└ﻼ,3·`6└ﻼ,6·`9└ﻼ,9·`12└ﻼ,12·`15└ﻼ,15·`18└ﻼ,18·`21└ﻼ,21·`24└ﻼ,≈k├C±٩ 2027/1,0·`3└ﻼ,3·`6└ﻼ,6·`9└ﻼ,9·`12└ﻼ,12·`15└ﻼ,15·`18└ﻼ,18·`21└ﻼ,21·`24└ﻼ,≈k├C±٩ 2027/2,0·`3└ﻼ,3·`6└ﻼ,6·`9└ﻼ,9·`12└ﻼ,12·`15└ﻼ,15·`18└ﻼ,18·`21└ﻼ,21·`24└ﻼ,≈k├C±٩ 2027/3,0·`3└ﻼ,3·`6└ﻼ,6·`9└ﻼ,9·`12└ﻼ,12·`15└ﻼ,15·`18└ﻼ,18·`21└ﻼ,21·`24└ﻼ
0·`10٪,0,0,52,90,129,167,0,0,0·`10٪,0,0,0,0,0,0,0,0,0·`10٪,0,0,0,0,0,0,0,0,0·`10٪,0,0,0,0,0,0,0,0,0·`10٪,0,0,0,0,0,14,0,0,0·`10٪,0,0,0,0,0,57,0,0,0·`10٪,0,0,25,20,15,39,0,0,0·`10٪,0,0,17,21,24,78,0,0,0·`10٪,0,0,77,51,73,96,0,0,0·`10٪,0,0,77,51,98,144,0,0,0·`10٪,0,0,97,110,124,184,0,0,0·`10٪,0,0,3,47,92,183,0,0
10·`20٪,0,0,29,54,80,97,0,0,10·`20٪,0,0,0,0,0,0,0,0,10·`20٪,0,0,43,36,28,36,5,0,10·`20٪,0,0,0,0,0,37,0,0,10·`20٪,0,0,0,0,70,141,0,0,10·`20٪,0,0,0,0,71,142,0,0,10·`20٪,0,0,33,28,73,148,0,0,10·`20٪,0,0,10,7,5,44,0,0,10·`20٪,0,0,113,83,53,71,0,0,10·`20٪,0,0,114,77,76,120,26,7,10·`20٪,0,0,110,84,108,165,11,0,10·`20٪,0,0,59,58,103,142,0,0
20·`30٪,0,0,5,18,127,94,0,0,20·`30٪,0,0,0,0,0,46,0,0,20·`30٪,0,0,43,47,51,49,22,0,20·`30٪,0,0,0,0,32,49,0,0,20·`30٪,0,0,0,0,139,152,12,0,20·`30٪,0,0,0,0,112,110,46,17,20·`30٪,0,0,41,37,75,103,48,26,20·`30٪,0,0,0,11,15,10,75,26,20·`30٪,0,0,150,39,68,98,0,0,20·`30٪,0,0,151,102,54,95,51,50,20·`30٪,8,17,126,108,152,147,101,31,20·`30٪,0,0,28,75,113,101,0,0
30·`40٪,0,0,24,52,174,138,77,42,30·`40٪,0,0,0,0,0,47,0,0,30·`40٪,0,0,42,58,74,85,39,0,30·`40٪,0,0,0,124,184,144,28,0,30·`40٪,0,0,0,125,208,164,28,0,30·`40٪,0,0,0,78,153,77,63,22,30·`40٪,0,0,48,45,78,59,96,61,30·`40٪,0,0,0,14,25,27,104,44,30·`40٪,15,22,0,32,54,125,109,93,30·`40٪,31,35,106,86,101,116,129,93,30·`40٪,43,70,141,169,196,162,154,123,30·`40٪,0,0,15,92,169,146,100,73
40·`50٪,30,146,44,85,283,271,91,64,40·`50٪,0,0,0,0,0,60,22,0,40·`50٪,0,0,41,69,97,131,56,0,40·`50٪,0,0,0,121,160,187,47,0,40·`50٪,5,86,0,96,142,163,68,32,40·`50٪,6,19,0,61,123,102,81,27,40·`50٪,0,2,56,54,80,107,55,11,40·`50٪,0,62,0,18,35,99,72,34,40·`50٪,65,85,0,26,75,203,138,67,40·`50٪,55,85,61,69,136,226,143,68,40·`50٪,38,199,129,171,283,302,156,162,40·`50٪,37,42,39,116,283,286,161,112
50·`60٪,46,107,63,119,253,273,235,85,50·`60٪,22,51,0,0,142,216,25,8,50·`60٪,22,55,40,80,120,224,61,0,50·`60٪,10,100,99,117,175,231,65,0,50·`60٪,0,53,74,68,110,163,44,36,50·`60٪,12,19,62,84,93,143,44,26,50·`60٪,17,50,64,40,86,143,77,35,50·`60٪,112,116,0,22,64,143,40,25,50·`60٪,114,104,0,20,87,257,166,95,50·`60٪,62,110,17,89,171,252,164,42,50·`60٪,49,217,161,173,296,310,261,202,50·`60٪,49,122,63,141,262,341,256,192
60·`70٪,62,68,82,152,264,337,236,147,60·`70٪,18,24,0,0,216,206,96,55,60·`70٪,17,9,32,135,200,226,94,0,60·`70٪,0,61,99,147,189,212,94,42,60·`70٪,0,20,108,117,150,122,90,39,60·`70٪,18,20,121,108,137,167,84,64,60·`70٪,52,44,72,82,92,172,118,64,60·`70٪,99,80,0,25,93,175,50,39,60·`70٪,124,128,0,14,97,147,178,124,60·`70٪,77,159,18,109,200,204,186,81,60·`70٪,60,236,193,250,308,396,292,292,60·`70٪,61,129,88,165,242,396,328,272
70·`80٪,78,101,282,329,275,220,217,243,70·`80٪,13,31,0,191,194,196,157,102,70·`80٪,13,32,67,191,204,228,123,0,70·`80٪,0,58,99,177,213,235,135,42,70·`80٪,0,37,151,193,189,81,83,42,70·`80٪,23,53,67,61,96,131,168,190,70·`80٪,87,81,80,47,87,128,159,172,70·`80٪,110,68,0,116,144,130,208,206,70·`80٪,197,201,0,8,107,140,263,207,70·`80٪,197,298,35,102,176,155,264,120,70·`80٪,198,292,358,370,264,177,279,265,70·`80٪,171,163,354,367,265,162,313,255
80·`90٪,2,21,0,323,260,205,177,151,80·`90٪,9,33,0,193,216,239,218,80,80·`90٪,37,78,101,179,208,281,102,0,80·`90٪,0,53,196,215,236,257,99,67,80·`90٪,0,54,195,223,203,105,117,16,80·`90٪,29,86,55,15,81,96,169,125,80·`90٪,122,118,88,90,135,120,165,117,80·`90٪,122,118,0,120,195,84,180,180,80·`90٪,105,119,0,2,113,132,196,213,80·`90٪,6,202,53,96,139,133,251,141,80·`90٪,120,203,53,335,251,168,266,237,80·`90٪,0,179,56,391,227,150,302,238
90·`100٪,0,0,0,195,246,189,136,58,90·`100٪,0,0,0,195,222,178,133,85,90·`100٪,60,99,167,166,207,152,111,83,90·`100٪,0,50,289,253,217,143,139,91,90·`100٪,0,50,289,253,218,129,164,53,90·`100٪,87,159,83,54,65,113,170,61,90·`100٪,115,140,96,147,197,112,171,61,90·`100٪,115,140,0,0,214,110,2,41,90·`100٪,0,33,0,0,212,0,51,67,90·`100٪,0,53,0,63,69,113,238,256,90·`100٪,42,53,0,62,192,139,292,257,90·`100٪,0,0,0,62,190,138,292,259
±┐≈k 2026/4,0·`3└ﻼ,3·`6└ﻼ,6·`9└ﻼ,9·`12└ﻼ,12·`15└ﻼ,15·`18└ﻼ,18·`21└ﻼ,21·`24└ﻼ,±┐≈k 2026/5,0·`3└ﻼ,3·`6└ﻼ,6·`9└ﻼ,9·`12└ﻼ,12·`15└ﻼ,15·`18└ﻼ,18·`21└ﻼ,21·`24└ﻼ,±┐≈k 2026/6,0·`3└ﻼ,3·`6└ﻼ,6·`9└ﻼ,9·`12└ﻼ,12·`15└ﻼ,15·`18└ﻼ,18·`21└ﻼ,21·`24└ﻼ,±┐≈k 2026/7,0·`3└ﻼ,3·`6└ﻼ,6·`9└ﻼ,9·`12└ﻼ,12·`15└ﻼ,15·`18└ﻼ,18·`21└ﻼ,21·`24└ﻼ,±┐≈k 2026/8,0·`3└ﻼ,3·`6└ﻼ,6·`9└ﻼ,9·`12└ﻼ,12·`15└ﻼ,15·`18└ﻼ,18·`21└ﻼ,21·`24└ﻼ,±┐≈k 2026/9,0·`3└ﻼ,3·`6└ﻼ,6·`9└ﻼ,9·`12└ﻼ,12·`15└ﻼ,15·`18└ﻼ,18·`21└ﻼ,21·`24└ﻼ,±┐≈k 2026/10,0·`3└ﻼ,3·`6└ﻼ,6·`9└ﻼ,9·`12└ﻼ,12·`15└ﻼ,15·`18└ﻼ,18·`21└ﻼ,21·`24└ﻼ,±┐≈k 2026/11,0·`3└ﻼ,3·`6└ﻼ,6·`9└ﻼ,9·`12└ﻼ,12·`15└ﻼ,15·`18└ﻼ,18·`21└ﻼ,21·`24└ﻼ,±┐≈k 2026/12,0·`3└ﻼ,3·`6└ﻼ,6·`9└ﻼ,9·`12└ﻼ,12·`15└ﻼ,15·`18└ﻼ,18·`21└ﻼ,21·`24└ﻼ,±┐≈k 2027/1,0·`3└ﻼ,3·`6└ﻼ,6·`9└ﻼ,9·`12└ﻼ,12·`15└ﻼ,15·`18└ﻼ,18·`21└ﻼ,21·`24└ﻼ,±┐≈k 2027/2,0·`3└ﻼ,3·`6└ﻼ,6·`9└ﻼ,9·`12└ﻼ,12·`15└ﻼ,15·`18└ﻼ,18·`21└ﻼ,21·`24└ﻼ,±┐≈k 2027/3,0·`3└ﻼ,3·`6└ﻼ,6·`9└ﻼ,9·`12└ﻼ,12·`15└ﻼ,15·`18└ﻼ,18·`21└ﻼ,21·`24└ﻼ
0·`10٪,0,90,79,69,58,47,79,0,0·`10٪,0,5,21,37,52,68,88,0,0·`10٪,0,0,0,0,0,0,0,47,0·`10٪,0,0,0,0,0,0,24,30,0·`10٪,5,0,0,0,0,0,0,16,0·`10٪,20,0,0,16,41,19,64,47,0·`10٪,0,0,0,244,170,96,23,0,0·`10٪,0,0,0,24,130,237,121,0,0·`10٪,0,0,0,24,123,221,177,0,0·`10٪,16,0,0,0,0,221,177,0,0·`10٪,16,81,115,149,182,216,140,65,0·`10٪,0,104,91,78,66,53,81,0
10·`20٪,0,66,194,219,244,146,171,0,10·`20٪,0,24,48,72,237,156,166,0,10·`20٪,0,0,0,188,154,119,85,23,10·`20٪,0,0,0,197,97,136,49,24,10·`20٪,8,0,0,265,0,0,0,55,10·`20٪,23,0,0,265,137,94,63,36,10·`20٪,0,33,149,266,261,155,0,0,10·`20٪,0,81,62,44,136,228,0,0,10·`20٪,0,0,0,149,164,155,0,0,10·`20٪,16,0,0,0,0,184,0,14,10·`20٪,16,0,79,149,219,173,0,38,10·`20٪,0,66,62,59,56,28,0,0
20·`30٪,0,123,309,369,429,244,14,0,20·`30٪,0,43,76,108,422,244,120,0,20·`30٪,0,42,115,189,368,278,97,64,20·`30٪,2,0,0,207,132,56,74,26,20·`30٪,11,0,275,537,151,52,0,24,20·`30٪,26,0,280,490,330,170,62,25,20·`30٪,0,25,258,491,353,215,0,39,20·`30٪,0,14,15,76,210,219,0,0,20·`30٪,0,0,0,274,206,144,0,0,20·`30٪,16,0,0,0,0,146,0,9,20·`30٪,16,0,141,277,255,131,0,11,20·`30٪,0,151,129,40,171,3,0,0
30·`40٪,0,179,541,903,677,424,8,156,30·`40٪,0,161,505,849,619,452,74,163,30·`40٪,0,81,527,844,615,194,109,105,30·`40٪,9,88,300,512,619,182,100,38,30·`40٪,14,41,233,714,310,205,0,39,30·`40٪,29,0,275,715,460,136,55,37,30·`40٪,0,16,172,716,369,220,0,67,30·`40٪,0,0,54,312,285,166,0,0,30·`40٪,0,0,0,400,248,134,0,0,30·`40٪,17,0,13,156,298,108,0,4,30·`40٪,16,0,203,405,292,88,0,130,30·`40٪,0,237,196,155,286,44,0,148
40·`50٪,0,111,588,1074,1107,604,66,100,40·`50٪,0,163,544,1039,1135,659,133,97,40·`50٪,0,63,577,896,769,312,121,109,40·`50٪,16,108,401,1273,963,308,125,117,40·`50٪,18,0,191,1039,768,359,0,103,40·`50٪,31,0,270,649,590,103,49,77,40·`50٪,0,8,86,650,589,225,0,96,40·`50٪,0,0,92,452,329,113,0,0,40·`50٪,0,0,0,525,290,123,0,0,40·`50٪,17,0,115,510,612,164,0,59,40·`50٪,17,0,363,661,958,45,0,136,40·`50٪,0,104,364,758,1152,643,0,102
50·`60٪,14,169,793,1244,1193,605,124,228,50·`60٪,19,165,1063,1229,1170,715,118,223,50·`60٪,0,46,627,1191,600,498,90,148,50·`60٪,23,127,678,1082,554,500,25,213,50·`60٪,21,0,267,611,556,501,25,167,50·`60٪,30,0,264,583,410,113,42,116,50·`60٪,0,5,128,584,524,230,0,125,50·`60٪,0,0,62,592,406,61,0,0,50·`60٪,0,0,0,650,331,113,0,0,50·`60٪,17,0,131,498,604,220,0,115,50·`60٪,17,0,225,764,867,2,0,134,50·`60٪,15,167,705,1062,1248,793,0,234
60·`70٪,116,228,998,1392,1279,890,45,0,60·`70٪,133,167,1675,1559,1206,769,46,0,60·`70٪,0,28,904,752,461,199,44,95,60·`70٪,30,147,954,797,461,96,26,177,60·`70٪,24,0,160,349,475,356,26,145,60·`70٪,29,0,256,616,403,122,35,155,60·`70٪,0,2,170,617,460,235,0,154,60·`70٪,0,0,176,712,470,8,0,0,60·`70٪,0,0,100,715,376,103,0,0,60·`70٪,18,0,146,630,595,93,0,171,60·`70٪,17,0,180,868,986,94,0,132,60·`70٪,118,244,1046,1155,1345,943,0,183
70·`80٪,41,113,827,1541,1479,1176,0,0,70·`80٪,40,211,1012,1463,1280,823,38,0,70·`80٪,0,140,414,668,433,70,37,0,70·`80٪,38,167,819,753,368,85,28,141,70·`80٪,27,0,54,229,395,211,28,123,70·`80٪,27,1,373,649,527,212,29,195,70·`80٪,0,0,233,650,482,132,0,182,70·`80٪,0,0,290,832,534,15,0,183,70·`80٪,0,0,272,780,352,60,0,183,70·`80٪,18,0,295,673,470,60,0,226,70·`80٪,17,0,278,1172,1106,1039,0,243,70·`80٪,42,205,680,1640,1563,1244,0,132
80·`90٪,0,76,486,1798,1845,245,0,0,80·`90٪,0,256,349,1336,1146,396,29,0,80·`90٪,0,253,352,761,513,174,29,0,80·`90٪,0,187,683,828,382,103,0,105,80·`90٪,0,0,107,364,389,0,0,86,80·`90٪,0,0,489,750,652,43,0,240,80·`90٪,0,0,486,752,678,29,0,332,80·`90٪,0,0,549,757,696,23,0,235,80·`90٪,18,0,444,922,328,0,0,281,80·`90٪,18,0,444,717,326,0,0,280,80·`90٪,17,0,376,1861,1930,0,0,354,80·`90٪,0,166,314,1867,1940,249,0,81
90·`100٪,0,39,146,129,167,204,0,0,90·`100٪,0,13,249,1209,1011,241,0,0,90·`100٪,0,0,0,855,593,0,0,0,90·`100٪,0,0,123,903,621,0,0,69,90·`100٪,0,0,122,499,384,0,0,0,90·`100٪,0,0,0,777,607,11,0,0,90·`100٪,0,0,95,988,623,0,0,0,90·`100٪,0,0,192,109,26,0,0,0,90·`100٪,0,0,193,110,27,0,0,121,90·`100٪,0,0,194,0,0,0,0,120,90·`100٪,0,0,296,0,0,0,0,166,90·`100٪,0,127,183,239,224,209,0,30
±┐┴ﻼ 2026/4,0·`3└ﻼ,3·`6└ﻼ,6·`9└ﻼ,9·`12└ﻼ,12·`15└ﻼ,15·`18└ﻼ,18·`21└ﻼ,21·`24└ﻼ,±┐┴ﻼ 2026/5,0·`3└ﻼ,3·`6└ﻼ,6·`9└ﻼ,9·`12└ﻼ,12·`15└ﻼ,15·`18└ﻼ,18·`21└ﻼ,21·`24└ﻼ,±┐┴ﻼ 2026/6,0·`3└ﻼ,3·`6└ﻼ,6·`9└ﻼ,9·`12└ﻼ,12·`15└ﻼ,15·`18└ﻼ,18·`21└ﻼ,21·`24└ﻼ,±┐┴ﻼ 2026/7,0·`3└ﻼ,3·`6└ﻼ,6·`9└ﻼ,9·`12└ﻼ,12·`15└ﻼ,15·`18└ﻼ,18·`21└ﻼ,21·`24└ﻼ,±┐┴ﻼ 2026/8,0·`3└ﻼ,3·`6└ﻼ,6·`9└ﻼ,9·`12└ﻼ,12·`15└ﻼ,15·`18└ﻼ,18·`21└ﻼ,21·`24└ﻼ,±┐┴ﻼ 2026/9,0·`3└ﻼ,3·`6└ﻼ,6·`9└ﻼ,9·`12└ﻼ,12·`15└ﻼ,15·`18└ﻼ,18·`21└ﻼ,21·`24└ﻼ,±┐┴ﻼ 2026/10,0·`3└ﻼ,3·`6└ﻼ,6·`9└ﻼ,9·`12└ﻼ,12·`15└ﻼ,15·`18└ﻼ,18·`21└ﻼ,21·`24└ﻼ,±┐┴ﻼ 2026/11,0·`3└ﻼ,3·`6└ﻼ,6·`9└ﻼ,9·`12└ﻼ,12·`15└ﻼ,15·`18└ﻼ,18·`21└ﻼ,21·`24└ﻼ,±┐┴ﻼ 2026/12,0·`3└ﻼ,3·`6└ﻼ,6·`9└ﻼ,9·`12└ﻼ,12·`15└ﻼ,15·`18└ﻼ,18·`21└ﻼ,21·`24└ﻼ,±┐┴ﻼ 2027/1,0·`3└ﻼ,3·`6└ﻼ,6·`9└ﻼ,9·`12└ﻼ,12·`15└ﻼ,15·`18└ﻼ,18·`21└ﻼ,21·`24└ﻼ,±┐┴ﻼ 2027/2,0·`3└ﻼ,3·`6└ﻼ,6·`9└ﻼ,9·`12└ﻼ,12·`15└ﻼ,15·`18└ﻼ,18·`21└ﻼ,21·`24└ﻼ,±┐┴ﻼ 2027/3,0·`3└ﻼ,3·`6└ﻼ,6·`9└ﻼ,9·`12└ﻼ,12·`15└ﻼ,15·`18└ﻼ,18·`21└ﻼ,21·`24└ﻼ
0·`10٪,0,0,0,0,0,0,1,0,0·`10٪,0,3,9,16,22,57,1,0,0·`10٪,0,1,90,178,267,57,2,0,0·`10٪,0,0,109,245,271,195,4,0,0·`10٪,0,0,0,0,0,1,2,0,0·`10٪,0,0,0,33,289,128,3,0,0·`10٪,0,0,0,32,2,121,3,0,0·`10٪,0,2,17,32,2,110,0,0,0·`10٪,0,2,2,1,1,1,1,0,0·`10٪,0,1,81,155,244,1,0,0,0·`10٪,0,1,0,0,0,0,0,0,0·`10٪,0,1,1,1,1,1,1,0
10·`20٪,0,0,293,551,457,230,3,0,10·`20٪,0,18,287,552,367,195,23,0,10·`20٪,0,16,153,557,364,193,23,0,10·`20٪,0,0,250,384,355,289,23,0,10·`20٪,0,0,468,597,738,372,6,0,10·`20٪,0,0,275,408,541,273,6,0,10·`20٪,0,0,0,196,541,83,0,0,10·`20٪,0,0,0,67,483,67,0,0,10·`20٪,0,0,0,42,170,97,0,0,10·`20٪,0,0,228,1023,870,257,0,0,10·`20٪,0,0,259,451,817,0,0,0,10·`20٪,0,6,414,450,613,205,0,0
20·`30٪,0,0,507,1067,575,290,6,0,20·`30٪,0,32,471,1091,555,19,14,0,20·`30٪,0,31,457,656,344,331,36,0,20·`30٪,0,0,443,920,626,332,37,0,20·`30٪,0,0,598,1143,867,16,3,0,20·`30٪,0,0,649,361,590,45,0,0,20·`30٪,0,13,652,361,590,45,0,0,20·`30٪,0,0,0,101,590,23,0,0,20·`30٪,0,0,0,83,126,193,0,0,20·`30٪,0,0,9,1530,1639,383,0,0,20·`30٪,0,0,542,486,775,382,0,0,20·`30٪,0,22,632,1242,651,409,0,0
30·`40٪,0,0,721,979,693,476,8,0,30·`40٪,0,47,709,701,893,510,6,0,30·`40٪,0,46,739,693,813,933,50,0,30·`40٪,0,0,736,561,946,1162,52,0,30·`40٪,0,14,199,1015,1008,266,53,0,30·`40٪,0,0,422,466,509,552,0,0,30·`40٪,0,27,424,523,622,555,0,0,30·`40٪,0,0,0,136,590,558,0,0,30·`40٪,0,0,0,124,192,290,0,0,30·`40٪,0,0,17,137,1099,377,0,0,30·`40٪,0,0,825,943,605,307,0,0,30·`40٪,0,12,726,934,689,613,0,0
40·`50٪,0,0,357,891,764,836,10,0,40·`50٪,0,61,682,887,1231,1542,64,0,40·`50٪,0,61,713,883,1220,1535,64,0,40·`50٪,0,0,1029,806,1265,1992,66,0,40·`50٪,0,13,163,888,1612,516,103,0,40·`50٪,0,0,196,0,0,0,0,0,40·`50٪,0,40,196,425,654,500,0,0,40·`50٪,0,0,0,171,590,179,0,0,40·`50٪,0,0,0,165,259,280,0,0,40·`50٪,0,0,2,122,558,362,0,0,40·`50٪,0,0,1221,1064,907,778,0,0,40·`50٪,0,1,430,520,1046,1067,0,0
50·`60٪,0,0,765,1189,1243,1196,9,0,50·`60٪,0,76,241,726,945,1131,155,0,50·`60٪,0,76,775,1203,1180,1156,89,0,50·`60٪,0,91,1362,1079,880,1655,94,0,50·`60٪,0,12,486,745,1453,1430,153,0,50·`60٪,0,0,423,0,0,0,0,0,50·`60٪,0,28,247,467,686,446,0,0,50·`60٪,0,0,0,206,591,190,0,0,50·`60٪,0,0,0,205,325,271,0,0,50·`60٪,0,0,177,383,860,336,0,0,50·`60٪,0,0,1618,1177,1209,1250,0,0,50·`60٪,0,6,739,1033,1403,1520,0,0
60·`70٪,0,38,1394,1486,1723,1959,15,0,60·`70٪,0,39,661,1190,1403,1600,43,0,60·`70٪,0,38,836,1414,1153,1256,197,0,60·`70٪,0,137,1695,1353,1011,1319,203,0,60·`70٪,0,10,809,1132,1295,745,203,0,60·`70٪,0,0,651,0,0,0,0,0,60·`70٪,0,15,249,484,718,391,0,0,60·`70٪,0,0,0,241,591,200,0,0,60·`70٪,0,0,0,246,392,261,0,0,60·`70٪,0,0,353,916,1478,310,0,0,60·`70٪,0,0,1627,1696,1982,2268,0,0,60·`70٪,0,10,1409,1546,1760,1974,0,0
70·`80٪,0,26,317,1169,1571,2094,21,0,70·`80٪,0,70,2136,1653,1861,2069,36,0,70·`80٪,0,132,2121,1624,1539,1355,113,0,70·`80٪,0,183,2408,1775,1593,1412,0,0,70·`80٪,0,20,491,1520,1586,379,0,0,70·`80٪,0,0,0,0,0,0,0,0,70·`80٪,0,18,262,506,750,337,0,0,70·`80٪,0,0,0,276,591,211,0,0,70·`80٪,0,0,0,287,458,252,0,0,70·`80٪,0,0,529,743,957,284,0,0,70·`80٪,0,0,1143,1771,1459,1146,0,0,70·`80٪,0,15,987,1094,1593,2125,0,0
80·`90٪,0,106,286,852,1419,1047,27,0,80·`90٪,0,228,615,1155,1563,1970,29,0,80·`90٪,0,227,611,1879,1925,1971,29,0,80·`90٪,0,230,587,1909,1966,2024,0,0,80·`90٪,0,30,172,119,66,13,0,0,80·`90٪,0,13,0,0,0,0,0,0,80·`90٪,0,21,275,529,783,282,0,0,80·`90٪,0,0,0,310,591,222,0,0,80·`90٪,0,0,0,328,524,242,0,0,80·`90٪,0,0,704,879,832,258,0,0,80·`90٪,0,0,659,1401,1231,24,0,0,80·`90٪,0,26,565,995,1425,1013,0,0
90·`100٪,0,187,386,541,943,113,0,0,90·`100٪,0,146,384,535,940,113,0,0,90·`100٪,0,0,0,498,718,0,0,0,90·`100٪,0,0,0,0,678,0,0,0,90·`100٪,0,0,0,0,0,0,0,0,90·`100٪,0,35,0,0,0,0,0,0,90·`100٪,0,0,0,0,815,227,0,0,90·`100٪,0,0,0,93,591,232,0,0,90·`100٪,0,0,0,369,591,233,0,0,90·`100٪,0,0,0,1015,707,233,0,0,90·`100٪,0,0,70,1030,1004,19,0,0,90·`100٪,0,67,393,687,956,114,0,0
φ│¼½ 2026/4,0·`3└ﻼ,3·`6└ﻼ,6·`9└ﻼ,9·`12└ﻼ,12·`15└ﻼ,15·`18└ﻼ,18·`21└ﻼ,21·`24└ﻼ,φ│¼½ 2026/5,0·`3└ﻼ,3·`6└ﻼ,6·`9└ﻼ,9·`12└ﻼ,12·`15└ﻼ,15·`18└ﻼ,18·`21└ﻼ,21·`24└ﻼ,φ│¼½ 2026/6,0·`3└ﻼ,3·`6└ﻼ,6·`9└ﻼ,9·`12└ﻼ,12·`15└ﻼ,15·`18└ﻼ,18·`21└ﻼ,21·`24└ﻼ,φ│¼½ 2026/7,0·`3└ﻼ,3·`6└ﻼ,6·`9└ﻼ,9·`12└ﻼ,12·`15└ﻼ,15·`18└ﻼ,18·`21└ﻼ,21·`24└ﻼ,φ│¼½ 2026/8,0·`3└ﻼ,3·`6└ﻼ,6·`9└ﻼ,9·`12└ﻼ,12·`15└ﻼ,15·`18└ﻼ,18·`21└ﻼ,21·`24└ﻼ,φ│¼½ 2026/9,0·`3└ﻼ,3·`6└ﻼ,6·`9└ﻼ,9·`12└ﻼ,12·`15└ﻼ,15·`18└ﻼ,18·`21└ﻼ,21·`24└ﻼ,φ│¼½ 2026/10,0·`3└ﻼ,3·`6└ﻼ,6·`9└ﻼ,9·`12└ﻼ,12·`15└ﻼ,15·`18└ﻼ,18·`21└ﻼ,21·`24└ﻼ,φ│¼½ 2026/11,0·`3└ﻼ,3·`6└ﻼ,6·`9└ﻼ,9·`12└ﻼ,12·`15└ﻼ,15·`18└ﻼ,18·`21└ﻼ,21·`24└ﻼ,φ│¼½ 2026/12,0·`3└ﻼ,3·`6└ﻼ,6·`9└ﻼ,9·`12└ﻼ,12·`15└ﻼ,15·`18└ﻼ,18·`21└ﻼ,21·`24└ﻼ,φ│¼½ 2027/1,0·`3└ﻼ,3·`6└ﻼ,6·`9└ﻼ,9·`12└ﻼ,12·`15└ﻼ,15·`18└ﻼ,18·`21└ﻼ,21·`24└ﻼ,φ│¼½ 2027/2,0·`3└ﻼ,3·`6└ﻼ,6·`9└ﻼ,9·`12└ﻼ,12·`15└ﻼ,15·`18└ﻼ,18·`21└ﻼ,21·`24└ﻼ,φ│¼½ 2027/3,0·`3└ﻼ,3·`6└ﻼ,6·`9└ﻼ,9·`12└ﻼ,12·`15└ﻼ,15·`18└ﻼ,18·`21└ﻼ,21·`24└ﻼ
0·`10٪,0,73,101,160,220,124,28,0,0·`10٪,0,20,95,166,435,266,97,0,0·`10٪,0,18,95,449,434,268,102,0,0·`10٪,0,122,151,449,538,324,109,0,0·`10٪,0,144,135,127,119,110,102,0,0·`10٪,0,134,128,121,114,107,100,0,0·`10٪,0,42,56,193,18,40,62,0,0·`10٪,0,36,59,193,18,21,24,0,0·`10٪,0,11,116,193,136,80,24,0,0·`10٪,0,18,19,20,22,23,24,0,0·`10٪,0,48,46,45,43,42,40,0,0·`10٪,0,85,130,175,221,18,29,0
10·`20٪,0,0,113,325,218,112,5,0,10·`20٪,0,24,271,312,315,180,5,0,10·`20٪,0,19,229,521,485,181,2,0,10·`20٪,0,71,242,524,729,401,84,0,10·`20٪,4,114,378,260,149,179,87,6,10·`20٪,0,0,166,459,525,11,0,0,10·`20٪,0,29,111,487,524,130,0,0,10·`20٪,0,0,114,162,523,52,0,0,10·`20٪,0,0,74,152,395,73,0,0,10·`20٪,0,0,76,151,227,302,0,0,10·`20٪,0,0,73,632,450,269,0,0,10·`20٪,0,58,322,340,358,330,29,0
20·`30٪,0,0,362,348,300,252,23,0,20·`30٪,0,28,712,450,195,94,8,0,20·`30٪,6,20,711,592,535,93,5,6,20·`30٪,6,20,942,887,921,448,59,17,20·`30٪,6,85,621,1004,925,447,72,19,20·`30٪,0,0,204,797,590,130,0,18,20·`30٪,0,17,167,781,547,220,0,8,20·`30٪,0,0,169,335,454,83,0,0,20·`30٪,0,0,176,269,363,65,0,0,20·`30٪,2,0,33,211,261,329,0,2,20·`30٪,14,0,527,1078,752,427,0,13,20·`30٪,0,32,515,349,495,642,28,0
30·`40٪,0,0,664,495,626,758,41,10,30·`40٪,0,31,649,588,387,186,10,8,30·`40٪,11,25,779,859,788,171,7,13,30·`40٪,11,25,1113,1226,1364,496,35,7,30·`40٪,17,56,1051,1121,1372,715,58,68,30·`40٪,0,0,911,1120,1373,250,0,65,30·`40٪,0,4,295,875,571,310,0,66,30·`40٪,13,0,719,509,385,114,0,5,30·`40٪,4,0,277,285,331,58,0,0,30·`40٪,10,0,247,271,295,357,0,17,30·`40٪,18,0,789,956,843,640,0,22,30·`40٪,0,0,666,719,772,1093,28,0
40·`50٪,13,0,575,811,1046,1263,59,24,40·`50٪,25,34,822,1027,1469,1270,13,24,40·`50٪,32,31,847,1125,1668,828,10,23,40·`50٪,32,30,1102,1421,1593,797,10,6,40·`50٪,28,0,1105,1269,1264,612,56,54,40·`50٪,16,0,1334,1341,1199,369,0,50,40·`50٪,16,0,1320,969,619,400,0,51,40·`50٪,16,0,1269,915,561,145,0,12,40·`50٪,20,0,619,459,495,50,0,0,40·`50٪,17,0,220,786,1353,680,0,31,40·`50٪,23,0,707,834,1344,853,0,31,40·`50٪,13,0,571,809,1048,1543,10,40
50·`60٪,10,0,633,1313,1789,1408,77,40,50·`60٪,13,38,996,1627,1970,1408,21,41,50·`60٪,40,36,1098,1618,1746,981,20,56,50·`60٪,32,35,1091,1616,1945,834,20,54,50·`60٪,19,0,1159,1802,1155,509,55,47,50·`60٪,17,0,1379,1562,1026,489,0,47,50·`60٪,21,0,1421,1088,789,490,0,17,50·`60٪,35,0,889,1087,669,176,0,20,50·`60٪,35,0,530,1135,659,175,0,0,50·`60٪,25,0,305,1036,1556,526,0,18,50·`60٪,28,0,625,911,1113,894,0,42,50·`60٪,11,0,634,1014,1794,1474,15,20
60·`70٪,47,0,999,1479,2320,1555,95,60,60·`70٪,47,41,988,1781,2347,1500,29,60,60·`70٪,48,41,984,1347,959,658,30,38,60·`70٪,23,40,897,1316,958,623,31,39,60·`70٪,21,0,1429,1701,946,596,53,24,60·`70٪,18,0,1424,1447,946,311,0,15,60·`70٪,26,0,1522,1330,918,707,0,15,60·`70٪,54,0,814,1465,797,218,0,31,60·`70٪,51,0,441,1022,862,217,0,61,60·`70٪,32,0,809,1285,973,661,0,5,60·`70٪,32,0,856,989,1122,934,0,52,60·`70٪,53,0,855,1260,1863,1594,21,1
70·`80٪,51,0,1316,1645,1956,1703,113,63,70·`80٪,22,0,1086,1936,1963,1591,33,63,70·`80٪,3,0,931,1075,894,288,32,26,70·`80٪,34,0,702,1245,663,178,32,39,70·`80٪,33,0,1335,1601,894,456,17,39,70·`80٪,46,0,1270,1544,866,366,0,76,70·`80٪,31,0,1334,1494,1127,925,0,76,70·`80٪,72,0,985,1473,1205,936,0,61,70·`80٪,67,0,368,1115,1064,1013,0,42,70·`80٪,69,0,627,782,925,633,0,61,70·`80٪,69,0,1334,1454,1132,627,0,63,70·`80٪,72,0,1325,1689,1808,1715,0,83
80·`90٪,39,0,850,2274,1033,908,49,39,80·`90٪,39,0,619,2285,967,755,33,40,80·`90٪,39,0,878,1038,728,74,23,40,80·`90٪,45,0,735,1116,606,72,23,150,80·`90٪,45,0,1241,1634,833,420,22,157,80·`90٪,73,0,1116,1640,1030,420,0,154,80·`90٪,36,0,1146,1657,1150,803,0,42,80·`90٪,36,0,1157,1467,1136,550,0,35,80·`90٪,18,0,294,1468,1399,665,0,24,80·`90٪,44,0,445,660,876,324,0,93,80·`90٪,44,0,443,1333,1351,303,0,69,80·`90٪,36,0,855,1962,1002,906,0,70
90·`100٪,74,0,384,1409,810,239,0,98,90·`100٪,74,0,151,1478,828,178,63,98,90·`100٪,74,0,0,1000,562,295,27,85,90·`100٪,99,0,0,987,550,289,28,116,90·`100٪,99,0,1426,1545,772,384,0,116,90·`100٪,100,0,1326,1526,425,390,0,128,90·`100٪,41,0,1326,1540,1111,681,0,9,90·`100٪,42,0,1197,989,326,163,0,9,90·`100٪,45,0,390,927,566,317,0,6,90·`100٪,19,0,396,538,679,222,0,74,90·`100٪,19,0,398,600,848,243,0,74,90·`100٪,1,0,384,1359,851,239,0,80
≈k«¤ 2026/4,0·`3└ﻼ,3·`6└ﻼ,6·`9└ﻼ,9·`12└ﻼ,12·`15└ﻼ,15·`18└ﻼ,18·`21└ﻼ,21·`24└ﻼ,≈k«¤ 2026/5,0·`3└ﻼ,3·`6└ﻼ,6·`9└ﻼ,9·`12└ﻼ,12·`15└ﻼ,15·`18└ﻼ,18·`21└ﻼ,21·`24└ﻼ,≈k«¤ 2026/6,0·`3└ﻼ,3·`6└ﻼ,6·`9└ﻼ,9·`12└ﻼ,12·`15└ﻼ,15·`18└ﻼ,18·`21└ﻼ,21·`24└ﻼ,≈k«¤ 2026/7,0·`3└ﻼ,3·`6└ﻼ,6·`9└ﻼ,9·`12└ﻼ,12·`15└ﻼ,15·`18└ﻼ,18·`21└ﻼ,21·`24└ﻼ,≈k«¤ 2026/8,0·`3└ﻼ,3·`6└ﻼ,6·`9└ﻼ,9·`12└ﻼ,12·`15└ﻼ,15·`18└ﻼ,18·`21└ﻼ,21·`24└ﻼ,≈k«¤ 2026/9,0·`3└ﻼ,3·`6└ﻼ,6·`9└ﻼ,9·`12└ﻼ,12·`15└ﻼ,15·`18└ﻼ,18·`21└ﻼ,21·`24└ﻼ,≈k«¤ 2026/10,0·`3└ﻼ,3·`6└ﻼ,6·`9└ﻼ,9·`12└ﻼ,12·`15└ﻼ,15·`18└ﻼ,18·`21└ﻼ,21·`24└ﻼ,≈k«¤ 2026/11,0·`3└ﻼ,3·`6└ﻼ,6·`9└ﻼ,9·`12└ﻼ,12·`15└ﻼ,15·`18└ﻼ,18·`21└ﻼ,21·`24└ﻼ,≈k«¤ 2026/12,0·`3└ﻼ,3·`6└ﻼ,6·`9└ﻼ,9·`12└ﻼ,12·`15└ﻼ,15·`18└ﻼ,18·`21└ﻼ,21·`24└ﻼ,≈k«¤ 2027/1,0·`3└ﻼ,3·`6└ﻼ,6·`9└ﻼ,9·`12└ﻼ,12·`15└ﻼ,15·`18└ﻼ,18·`21└ﻼ,21·`24└ﻼ,≈k«¤ 2027/2,0·`3└ﻼ,3·`6└ﻼ,6·`9└ﻼ,9·`12└ﻼ,12·`15└ﻼ,15·`18└ﻼ,18·`21└ﻼ,21·`24└ﻼ,≈k«¤ 2027/3,0·`3└ﻼ,3·`6└ﻼ,6·`9└ﻼ,9·`12└ﻼ,12·`15└ﻼ,15·`18└ﻼ,18·`21└ﻼ,21·`24└ﻼ
0·`10٪,0,3,5,4,4,0,0,0,0·`10٪,0,3,0,0,0,0,0,0,0·`10٪,0,2,3,3,4,4,4,0,0·`10٪,0,0,0,0,0,0,5,0,0·`10٪,0,0,0,0,0,16,8,0,0·`10٪,1,8,4,4,5,5,0,0,0·`10٪,0,12,7,2,2,1,0,0,0·`10٪,0,5,8,2,13,23,36,0,0·`10٪,0,9,8,2,14,26,23,0,0·`10٪,0,9,8,14,20,26,23,0,0·`10٪,1,5,20,2,14,26,21,0,0·`10٪,1,3,3,2,6,10,0,0
10·`20٪,0,3,1,35,35,0,0,0,10·`20٪,0,3,0,0,0,0,0,0,10·`20٪,0,3,32,23,17,12,4,0,10·`20٪,0,0,0,0,0,33,8,0,10·`20٪,0,0,0,0,0,14,1,0,10·`20٪,6,7,6,6,6,6,2,0,10·`20٪,0,0,1,11,11,11,0,0,10·`20٪,0,0,5,11,11,11,0,0,10·`20٪,0,0,6,6,12,15,0,0,10·`20٪,0,0,7,11,14,34,0,0,10·`20٪,2,0,11,7,3,29,0,1,10·`20٪,4,4,11,7,2,7,12,0
20·`30٪,0,3,13,66,67,21,2,0,20·`30٪,0,3,64,47,31,22,0,0,20·`30٪,0,3,62,44,30,20,4,0,20·`30٪,0,0,64,22,11,22,10,0,20·`30٪,0,0,0,20,16,12,7,0,20·`30٪,10,6,8,16,13,10,2,1,20·`30٪,8,0,22,2,23,22,0,7,20·`30٪,0,0,2,30,24,19,0,7,20·`30٪,0,0,5,11,11,11,0,6,20·`30٪,0,0,7,8,9,42,0,1,20·`30٪,3,0,6,28,44,32,0,1,20·`30٪,4,5,7,24,45,32,0,0
30·`40٪,0,3,15,58,90,46,1,5,30·`40٪,0,3,40,37,51,26,1,5,30·`40٪,1,3,39,19,52,28,4,4,30·`40٪,0,0,57,41,9,11,12,7,30·`40٪,0,0,10,10,9,11,12,1,30·`40٪,15,5,10,14,18,22,2,5,30·`40٪,12,0,43,39,36,32,0,5,30·`40٪,0,0,10,24,15,7,0,3,30·`40٪,0,0,3,15,23,17,0,8,30·`40٪,0,0,4,9,15,17,0,5,30·`40٪,4,0,12,64,64,9,0,4,30·`40٪,4,2,29,56,13,23,0,5
40·`50٪,4,3,16,28,41,53,4,4,40·`50٪,4,3,16,28,40,52,4,4,40·`50٪,5,4,17,19,86,62,5,6,40·`50٪,0,0,49,60,13,22,11,7,40·`50٪,0,0,7,28,38,34,11,7,40·`50٪,20,5,12,29,20,52,2,6,40·`50٪,17,0,16,15,37,82,0,9,40·`50٪,3,0,17,18,21,15,0,9,40·`50٪,3,0,1,49,36,23,0,10,40·`50٪,0,0,1,10,21,13,0,10,40·`50٪,2,0,17,108,164,0,0,10,40·`50٪,4,0,25,57,35,13,0,0
50·`60٪,2,4,11,38,28,18,8,4,50·`60٪,2,4,12,18,25,29,8,4,50·`60٪,8,0,0,58,119,63,6,1,50·`60٪,4,0,42,79,47,34,10,1,50·`60٪,0,0,25,47,67,57,10,1,50·`60٪,16,4,14,44,63,83,2,8,50·`60٪,13,0,21,25,38,133,0,9,50·`60٪,3,0,16,19,26,23,0,6,50·`60٪,1,0,14,41,33,18,0,4,50·`60٪,1,0,6,29,27,9,0,4,50·`60٪,1,0,21,27,123,0,0,11,50·`60٪,2,0,21,26,31,39,0,0
60·`70٪,6,4,6,61,76,9,8,3,60·`70٪,6,4,7,51,74,6,3,3,60·`70٪,12,0,0,97,81,55,2,3,60·`70٪,7,0,34,98,81,46,3,5,60·`70٪,0,0,43,65,128,36,6,6,60·`70٪,13,3,16,59,17,49,4,9,60·`70٪,10,0,26,63,84,105,0,10,60·`70٪,4,0,15,19,31,32,0,11,60·`70٪,8,0,8,34,31,13,0,6,60·`70٪,8,0,11,18,16,5,0,6,60·`70٪,8,0,16,19,67,0,0,12,60·`70٪,6,0,4,13,65,65,0,0
70·`80٪,11,5,45,85,125,54,0,3,70·`80٪,6,5,44,83,123,41,2,3,70·`80٪,1,0,0,0,42,20,5,3,70·`80٪,1,0,26,80,68,21,5,9,70·`80٪,1,0,61,69,31,30,2,10,70·`80٪,9,2,62,67,21,14,7,10,70·`80٪,7,0,100,74,48,77,0,10,70·`80٪,4,0,14,19,36,40,0,18,70·`80٪,11,0,2,30,28,8,0,3,70·`80٪,11,0,11,7,4,1,0,3,70·`80٪,11,0,10,11,12,0,0,14,70·`80٪,10,0,0,0,100,119,0,0
80·`90٪,10,0,0,81,130,178,0,0,80·`90٪,10,0,0,79,127,175,2,7,80·`90٪,2,0,0,0,2,0,0,6,80·`90٪,2,0,19,62,54,0,0,12,80·`90٪,1,0,36,0,0,0,0,0,80·`90٪,1,0,37,45,11,14,4,0,80·`90٪,2,0,0,0,36,49,0,0,80·`90٪,2,0,13,19,18,5,0,25,80·`90٪,13,0,7,26,26,2,0,24,80·`90٪,13,0,21,24,27,11,0,24,80·`90٪,13,0,21,0,0,0,0,15,80·`90٪,14,0,0,0,3,229,0,0
90·`100٪,0,0,0,0,3,0,0,0,90·`100٪,0,0,0,0,2,0,0,11,90·`100٪,0,0,0,0,2,0,0,10,90·`100٪,0,0,11,44,77,0,0,16,90·`100٪,0,0,11,0,0,0,0,0,90·`100٪,0,0,12,23,1,1,1,0,90·`100٪,0,0,0,0,25,21,0,0,90·`100٪,4,0,12,18,25,21,0,31,90·`100٪,4,0,12,11,30,21,0,16,90·`100٪,4,0,12,19,30,21,0,16,90·`100٪,0,0,0,0,0,0,0,16,90·`100٪,0,0,0,0,0,0,0,0
├ﺿβﺱ 2026/4,0·`3└ﻼ,3·`6└ﻼ,6·`9└ﻼ,9·`12└ﻼ,12·`15└ﻼ,15·`18└ﻼ,18·`21└ﻼ,21·`24└ﻼ,├ﺿβﺱ 2026/5,0·`3└ﻼ,3·`6└ﻼ,6·`9└ﻼ,9·`12└ﻼ,12·`15└ﻼ,15·`18└ﻼ,18·`21└ﻼ,21·`24└ﻼ,├ﺿβﺱ 2026/6,0·`3└ﻼ,3·`6└ﻼ,6·`9└ﻼ,9·`12└ﻼ,12·`15└ﻼ,15·`18└ﻼ,18·`21└ﻼ,21·`24└ﻼ,├ﺿβﺱ 2026/7,0·`3└ﻼ,3·`6└ﻼ,6·`9└ﻼ,9·`12└ﻼ,12·`15└ﻼ,15·`18└ﻼ,18·`21└ﻼ,21·`24└ﻼ,├ﺿβﺱ 2026/8,0·`3└ﻼ,3·`6└ﻼ,6·`9└ﻼ,9·`12└ﻼ,12·`15└ﻼ,15·`18└ﻼ,18·`21└ﻼ,21·`24└ﻼ,├ﺿβﺱ 2026/9,0·`3└ﻼ,3·`6└ﻼ,6·`9└ﻼ,9·`12└ﻼ,12·`15└ﻼ,15·`18└ﻼ,18·`21└ﻼ,21·`24└ﻼ,├ﺿβﺱ 2026/10,0·`3└ﻼ,3·`6└ﻼ,6·`9└ﻼ,9·`12└ﻼ,12·`15└ﻼ,15·`18└ﻼ,18·`21└ﻼ,21·`24└ﻼ,├ﺿβﺱ 2026/11,0·`3└ﻼ,3·`6└ﻼ,6·`9└ﻼ,9·`12└ﻼ,12·`15└ﻼ,15·`18└ﻼ,18·`21└ﻼ,21·`24└ﻼ,├ﺿβﺱ 2026/12,0·`3└ﻼ,3·`6└ﻼ,6·`9└ﻼ,9·`12└ﻼ,12·`15└ﻼ,15·`18└ﻼ,18·`21└ﻼ,21·`24└ﻼ,├ﺿβﺱ 2027/1,0·`3└ﻼ,3·`6└ﻼ,6·`9└ﻼ,9·`12└ﻼ,12·`15└ﻼ,15·`18└ﻼ,18·`21└ﻼ,21·`24└ﻼ,├ﺿβﺱ 2027/2,0·`3└ﻼ,3·`6└ﻼ,6·`9└ﻼ,9·`12└ﻼ,12·`15└ﻼ,15·`18└ﻼ,18·`21└ﻼ,21·`24└ﻼ,├ﺿβﺱ 2027/3,0·`3└ﻼ,3·`6└ﻼ,6·`9└ﻼ,9·`12└ﻼ,12·`15└ﻼ,15·`18└ﻼ,18·`21└ﻼ,21·`24└ﻼ
0·`10٪,0,0,0,0,0,0,17,0,0·`10٪,0,4,7,9,12,15,18,0,0·`10٪,0,4,4,3,97,56,15,0,0·`10٪,0,12,9,6,100,61,21,0,0·`10٪,0,12,16,21,25,26,26,0,0·`10٪,0,12,30,47,90,10,30,0,0·`10٪,0,43,73,102,123,12,32,0,0·`10٪,0,35,68,102,123,12,29,0,0·`10٪,0,0,0,0,0,18,27,0,0·`10٪,0,0,0,0,0,17,27,0,0·`10٪,0,0,0,0,0,16,24,0,0·`10٪,0,0,0,0,0,16,19,0
10·`20٪,0,0,0,0,0,0,3,0,10·`20٪,0,18,57,96,104,99,19,0,10·`20٪,0,18,69,119,146,36,18,0,10·`20٪,0,13,44,75,106,38,13,0,10·`20٪,0,4,23,42,62,40,18,0,10·`20٪,0,7,4,2,29,56,18,2,10·`20٪,0,0,89,255,117,54,25,0,10·`20٪,0,0,91,104,142,54,0,0,10·`20٪,0,0,0,0,0,50,0,0,10·`20٪,0,0,0,0,0,20,0,0,10·`20٪,0,0,0,0,0,20,0,1,10·`20٪,0,0,0,0,0,20,11,5
20·`30٪,0,32,90,149,207,105,2,4,20·`30٪,0,32,108,183,196,183,21,0,20·`30٪,0,32,134,235,196,15,20,0,20·`30٪,0,21,27,86,227,15,4,0,20·`30٪,1,14,71,200,192,93,12,6,20·`30٪,2,0,7,80,52,126,12,5,20·`30٪,0,0,106,407,266,125,18,4,20·`30٪,0,0,113,107,162,57,0,5,20·`30٪,0,0,0,0,71,82,0,1,20·`30٪,0,0,0,0,72,22,0,0,20·`30٪,0,0,0,0,68,25,0,4,20·`30٪,0,7,20,32,44,24,3,6
30·`40٪,0,13,146,278,410,251,2,11,30·`40٪,0,13,76,140,203,266,23,11,30·`40٪,0,13,44,76,331,139,23,15,30·`40٪,0,29,9,35,278,86,34,0,30·`40٪,2,25,120,358,323,146,0,6,30·`40٪,2,0,10,158,76,196,8,5,30·`40٪,0,0,123,559,377,196,11,3,30·`40٪,0,0,136,109,181,60,0,9,30·`40٪,0,0,4,217,482,12,0,3,30·`40٪,0,0,0,0,119,24,0,0,30·`40٪,0,0,0,0,287,29,0,6,30·`40٪,0,9,113,194,274,254,17,7
40·`50٪,9,48,207,391,488,373,1,10,40·`50٪,0,22,184,345,507,372,25,13,40·`50٪,0,22,40,297,465,230,22,13,40·`50٪,0,37,134,231,329,33,29,7,40·`50٪,11,35,180,344,485,207,0,6,40·`50٪,11,0,13,236,99,283,5,6,40·`50٪,0,0,140,711,468,62,3,1,40·`50٪,0,0,158,111,200,62,0,10,40·`50٪,0,0,28,67,616,147,0,11,40·`50٪,0,0,0,0,167,37,0,13,40·`50٪,2,0,0,0,505,33,0,12,40·`50٪,6,11,205,356,503,374,30,12
50·`60٪,16,82,268,503,739,265,14,8,50·`60٪,0,78,266,634,1001,250,27,7,50·`60٪,0,77,213,518,824,264,20,8,50·`60٪,0,28,155,616,830,266,24,16,50·`60٪,17,46,239,329,646,269,0,16,50·`60٪,17,0,15,314,658,369,17,15,50·`60٪,5,0,156,863,559,326,0,2,50·`60٪,6,0,181,113,219,325,0,5,50·`60٪,6,0,95,138,751,431,0,5,50·`60٪,19,0,56,135,214,50,0,17,50·`60٪,19,0,112,418,723,122,0,9,50·`60٪,15,12,298,517,736,126,14,9
60·`70٪,2,7,520,556,883,265,11,28,60·`70٪,6,79,520,904,903,485,29,24,60·`70٪,3,20,676,897,850,370,19,21,60·`70٪,6,20,22,917,865,378,19,22,60·`70٪,6,56,274,491,651,381,0,21,60·`70٪,6,0,18,349,458,148,0,21,60·`70٪,9,0,173,1016,1019,190,0,3,60·`70٪,9,0,203,1014,1093,47,0,8,60·`70٪,8,0,162,1015,1152,74,0,8,60·`70٪,1,0,150,541,519,291,0,19,60·`70٪,0,0,312,598,885,15,0,28,60·`70٪,11,14,519,541,881,266,0,27
70·`80٪,18,81,420,804,1036,50,0,10,70·`80٪,20,80,420,1070,1031,401,0,19,70·`80٪,20,80,603,747,891,475,0,19,70·`80٪,17,49,214,679,905,491,0,29,70·`80٪,6,20,349,679,586,493,0,29,70·`80٪,6,0,21,353,415,0,0,35,70·`80٪,12,0,190,209,1351,219,0,32,70·`80٪,12,0,226,818,1410,25,0,32,70·`80٪,0,0,230,409,1293,38,0,35,70·`80٪,0,0,244,946,749,245,0,35,70·`80٪,0,0,241,913,758,0,0,34,70·`80٪,7,0,739,923,977,46,0,13
80·`90٪,4,42,530,1239,404,222,0,16,80·`90٪,4,45,531,1237,743,317,0,13,80·`90٪,8,9,529,505,570,257,0,18,80·`90٪,3,40,538,540,301,301,0,36,80·`90٪,0,54,337,412,275,302,0,35,80·`90٪,0,0,23,90,275,0,0,30,80·`90٪,15,0,0,115,305,0,0,21,80·`90٪,14,0,65,639,988,2,0,21,80·`90٪,0,0,66,277,919,2,0,34,80·`90٪,0,0,69,695,646,4,0,34,80·`90٪,0,0,232,501,593,0,0,30,80·`90٪,0,0,541,1597,432,220,0,15
90·`100٪,0,3,72,140,208,394,0,1,90·`100٪,14,9,33,451,455,459,0,13,90·`100٪,6,6,232,459,249,38,0,13,90·`100٪,0,6,216,426,269,112,0,24,90·`100٪,0,0,0,198,61,111,0,23,90·`100٪,0,0,0,198,59,0,0,23,90·`100٪,17,0,0,0,0,0,0,34,90·`100٪,17,0,0,459,567,0,0,2,90·`100٪,0,0,114,446,544,0,0,16,90·`100٪,0,0,115,444,543,0,0,34,90·`100٪,0,0,0,446,323,0,0,8,90·`100٪,0,0,0,505,417,394,0,8
φ│┌∞ 2026/4,0·`3└ﻼ,3·`6└ﻼ,6·`9└ﻼ,9·`12└ﻼ,12·`15└ﻼ,15·`18└ﻼ,18·`21└ﻼ,21·`24└ﻼ,φ│┌∞ 2026/5,0·`3└ﻼ,3·`6└ﻼ,6·`9└ﻼ,9·`12└ﻼ,12·`15└ﻼ,15·`18└ﻼ,18·`21└ﻼ,21·`24└ﻼ,φ│┌∞ 2026/6,0·`3└ﻼ,3·`6└ﻼ,6·`9└ﻼ,9·`12└ﻼ,12·`15└ﻼ,15·`18└ﻼ,18·`21└ﻼ,21·`24└ﻼ,φ│┌∞ 2026/7,0·`3└ﻼ,3·`6└ﻼ,6·`9└ﻼ,9·`12└ﻼ,12·`15└ﻼ,15·`18└ﻼ,18·`21└ﻼ,21·`24└ﻼ,φ│┌∞ 2026/8,0·`3└ﻼ,3·`6└ﻼ,6·`9└ﻼ,9·`12└ﻼ,12·`15└ﻼ,15·`18└ﻼ,18·`21└ﻼ,21·`24└ﻼ,φ│┌∞ 2026/9,0·`3└ﻼ,3·`6└ﻼ,6·`9└ﻼ,9·`12└ﻼ,12·`15└ﻼ,15·`18└ﻼ,18·`21└ﻼ,21·`24└ﻼ,φ│┌∞ 2026/10,0·`3└ﻼ,3·`6└ﻼ,6·`9└ﻼ,9·`12└ﻼ,12·`15└ﻼ,15·`18└ﻼ,18·`21└ﻼ,21·`24└ﻼ,φ│┌∞ 2026/11,0·`3└ﻼ,3·`6└ﻼ,6·`9└ﻼ,9·`12└ﻼ,12·`15└ﻼ,15·`18└ﻼ,18·`21└ﻼ,21·`24└ﻼ,φ│┌∞ 2026/12,0·`3└ﻼ,3·`6└ﻼ,6·`9└ﻼ,9·`12└ﻼ,12·`15└ﻼ,15·`18└ﻼ,18·`21└ﻼ,21·`24└ﻼ,φ│┌∞ 2027/1,0·`3└ﻼ,3·`6└ﻼ,6·`9└ﻼ,9·`12└ﻼ,12·`15└ﻼ,15·`18└ﻼ,18·`21└ﻼ,21·`24└ﻼ,φ│┌∞ 2027/2,0·`3└ﻼ,3·`6└ﻼ,6·`9└ﻼ,9·`12└ﻼ,12·`15└ﻼ,15·`18└ﻼ,18·`21└ﻼ,21·`24└ﻼ,φ│┌∞ 2027/3,0·`3└ﻼ,3·`6└ﻼ,6·`9└ﻼ,9·`12└ﻼ,12·`15└ﻼ,15·`18└ﻼ,18·`21└ﻼ,21·`24└ﻼ
0·`10٪,0,6,9,11,14,17,19,0,0·`10٪,0,7,13,18,24,29,35,0,0·`10٪,0,10,15,19,24,29,34,0,0·`10٪,0,11,9,8,7,5,4,0,0·`10٪,0,11,13,15,17,19,21,0,0·`10٪,0,10,13,16,18,21,24,0,0·`10٪,0,10,6,2,9,16,24,0,0·`10٪,0,9,5,2,3,4,5,0,0·`10٪,0,0,0,2,5,9,12,0,0·`10٪,0,6,6,7,8,8,9,0,0·`10٪,0,7,7,6,6,6,6,0,0·`10٪,0,7,8,9,9,10,11,0
10·`20٪,0,12,17,124,176,228,29,0,10·`20٪,0,9,67,71,135,267,21,0,10·`20٪,0,11,110,127,144,81,13,0,10·`20٪,0,16,108,163,135,112,3,0,10·`20٪,0,0,102,54,127,113,26,0,10·`20٪,0,0,13,166,319,207,0,0,10·`20٪,0,0,20,259,295,85,0,0,10·`20٪,0,0,19,259,291,78,0,0,10·`20٪,0,0,0,17,12,47,0,0,10·`20٪,0,0,40,94,36,40,0,0,10·`20٪,0,0,11,278,199,120,0,0,10·`20٪,0,0,0,277,248,218,25,0
20·`30٪,0,17,26,92,180,280,38,0,20·`30٪,0,12,122,123,291,323,8,0,20·`30٪,0,13,205,241,263,134,4,0,20·`30٪,0,21,207,319,263,270,2,0,20·`30٪,0,0,190,225,259,222,31,7,20·`30٪,0,0,68,517,583,310,0,0,20·`30٪,0,0,35,516,580,153,0,0,20·`30٪,0,0,34,516,580,152,0,0,20·`30٪,0,0,45,32,19,85,0,0,20·`30٪,0,0,74,83,65,71,0,0,20·`30٪,0,0,15,244,151,234,0,1,20·`30٪,0,0,0,170,276,127,40,0
30·`40٪,0,23,35,60,379,332,48,7,30·`40٪,0,14,176,437,377,379,20,0,30·`40٪,0,15,300,481,453,426,20,3,30·`40٪,0,27,305,474,451,427,14,9,30·`40٪,1,0,279,253,292,331,36,9,30·`40٪,3,0,123,467,610,277,0,1,30·`40٪,3,0,49,141,373,71,0,1,30·`40٪,0,0,48,343,401,71,0,0,30·`40٪,0,0,0,36,22,123,0,0,30·`40٪,4,0,61,72,93,102,0,0,30·`40٪,4,0,19,210,217,153,0,9,30·`40٪,9,0,0,63,194,144,55,10
40·`50٪,16,29,44,84,423,476,27,1,40·`50٪,4,16,266,738,609,431,50,11,40·`50٪,5,17,328,885,834,430,29,7,40·`50٪,7,32,325,880,834,427,23,9,40·`50٪,9,0,368,432,495,291,41,3,40·`50٪,9,0,178,417,637,347,0,9,40·`50٪,9,0,63,129,416,37,0,4,40·`50٪,4,0,62,263,345,55,0,0,40·`50٪,0,0,0,41,24,104,0,0,40·`50٪,7,0,49,61,122,89,0,0,40·`50٪,5,0,23,175,283,134,0,4,40·`50٪,5,0,0,0,148,465,34,20
50·`60٪,5,34,136,167,467,383,19,24,50·`60٪,5,18,355,1038,851,708,81,6,50·`60٪,1,19,357,798,853,703,38,6,50·`60٪,13,37,345,798,843,699,31,19,50·`60٪,17,0,457,610,762,252,46,16,50·`60٪,17,0,233,425,761,418,0,10,50·`60٪,17,0,77,116,459,3,0,7,50·`60٪,12,0,76,182,289,39,0,0,50·`60٪,0,0,0,45,158,85,0,0,50·`60٪,11,0,36,50,150,160,0,4,50·`60٪,1,0,27,141,349,205,0,31,50·`60٪,6,0,0,0,102,422,24,31
60·`70٪,6,40,229,250,272,90,0,9,60·`70٪,7,20,304,746,710,363,58,9,60·`70٪,13,21,340,769,707,367,48,10,60·`70٪,17,16,492,745,772,539,44,14,60·`70٪,31,0,546,466,386,195,51,28,60·`70٪,46,0,288,531,391,0,0,12,60·`70٪,46,0,92,208,593,21,0,10,60·`70٪,20,0,90,159,229,23,0,11,60·`70٪,2,0,0,31,223,66,0,7,60·`70٪,15,0,23,39,291,230,0,15,60·`70٪,15,0,31,107,416,275,0,29,60·`70٪,19,0,0,0,164,379,14,0
70·`80٪,4,46,252,375,262,77,0,6,70·`80٪,8,32,252,625,414,219,36,30,70·`80٪,11,32,323,740,443,251,59,27,70·`80٪,14,17,435,692,702,379,56,35,70·`80٪,14,0,112,165,218,137,56,40,70·`80٪,27,0,237,462,244,0,0,13,70·`80٪,22,0,106,246,83,0,0,13,70·`80٪,29,0,104,95,169,7,0,3,70·`80٪,3,0,0,17,288,47,0,27,70·`80٪,16,0,10,28,432,385,0,27,70·`80٪,16,0,36,73,482,436,0,27,70·`80٪,21,0,0,0,226,478,4,0
80·`90٪,3,52,275,499,253,64,0,3,80·`90٪,9,44,274,505,333,75,13,52,80·`90٪,8,44,414,783,301,153,4,44,80·`90٪,8,17,159,302,329,0,0,57,80·`90٪,8,0,0,113,51,0,0,53,80·`90٪,8,0,186,392,97,0,0,55,80·`90٪,33,0,120,284,79,0,0,52,80·`90٪,33,0,118,166,214,29,0,15,80·`90٪,1,0,0,63,197,27,0,0,80·`90٪,0,0,0,67,105,256,0,0,80·`90٪,0,0,40,80,307,0,0,0,80·`90٪,0,0,0,0,0,0,0,0
90·`100٪,2,0,0,0,0,0,0,4,90·`100٪,14,5,0,0,0,0,0,51,90·`100٪,14,3,30,56,82,0,0,49,90·`100٪,13,18,0,0,0,0,0,47,90·`100٪,3,0,0,62,0,0,0,48,90·`100٪,0,0,134,323,0,0,0,48,90·`100٪,0,0,135,322,0,0,0,66,90·`100٪,0,0,132,124,125,127,0,28,90·`100٪,0,0,0,109,118,126,0,0,90·`100٪,0,0,0,106,68,127,0,0,90·`100٪,0,0,44,88,131,0,0,0,90·`100٪,0,0,0,0,0,0,0,0
└l┌∞ 2026/4,0·`3└ﻼ,3·`6└ﻼ,6·`9└ﻼ,9·`12└ﻼ,12·`15└ﻼ,15·`18└ﻼ,18·`21└ﻼ,21·`24└ﻼ,└l┌∞ 2026/5,0·`3└ﻼ,3·`6└ﻼ,6·`9└ﻼ,9·`12└ﻼ,12·`15└ﻼ,15·`18└ﻼ,18·`21└ﻼ,21·`24└ﻼ,└l┌∞ 2026/6,0·`3└ﻼ,3·`6└ﻼ,6·`9└ﻼ,9·`12└ﻼ,12·`15└ﻼ,15·`18└ﻼ,18·`21└ﻼ,21·`24└ﻼ,└l┌∞ 2026/7,0·`3└ﻼ,3·`6└ﻼ,6·`9└ﻼ,9·`12└ﻼ,12·`15└ﻼ,15·`18└ﻼ,18·`21└ﻼ,21·`24└ﻼ,└l┌∞ 2026/8,0·`3└ﻼ,3·`6└ﻼ,6·`9└ﻼ,9·`12└ﻼ,12·`15└ﻼ,15·`18└ﻼ,18·`21└ﻼ,21·`24└ﻼ,└l┌∞ 2026/9,0·`3└ﻼ,3·`6└ﻼ,6·`9└ﻼ,9·`12└ﻼ,12·`15└ﻼ,15·`18└ﻼ,18·`21└ﻼ,21·`24└ﻼ,└l┌∞ 2026/10,0·`3└ﻼ,3·`6└ﻼ,6·`9└ﻼ,9·`12└ﻼ,12·`15└ﻼ,15·`18└ﻼ,18·`21└ﻼ,21·`24└ﻼ,└l┌∞ 2026/11,0·`3└ﻼ,3·`6└ﻼ,6·`9└ﻼ,9·`12└ﻼ,12·`15└ﻼ,15·`18└ﻼ,18·`21└ﻼ,21·`24└ﻼ,└l┌∞ 2026/12,0·`3└ﻼ,3·`6└ﻼ,6·`9└ﻼ,9·`12└ﻼ,12·`15└ﻼ,15·`18└ﻼ,18·`21└ﻼ,21·`24└ﻼ,└l┌∞ 2027/1,0·`3└ﻼ,3·`6└ﻼ,6·`9└ﻼ,9·`12└ﻼ,12·`15└ﻼ,15·`18└ﻼ,18·`21└ﻼ,21·`24└ﻼ,└l┌∞ 2027/2,0·`3└ﻼ,3·`6└ﻼ,6·`9└ﻼ,9·`12└ﻼ,12·`15└ﻼ,15·`18└ﻼ,18·`21└ﻼ,21·`24└ﻼ,└l┌∞ 2027/3,0·`3└ﻼ,3·`6└ﻼ,6·`9└ﻼ,9·`12└ﻼ,12·`15└ﻼ,15·`18└ﻼ,18·`21└ﻼ,21·`24└ﻼ
0·`10٪,0,41,23,5,11,17,24,0,0·`10٪,0,41,26,10,17,24,31,0,0·`10٪,0,7,11,14,20,27,33,0,0·`10٪,0,1,2,10,19,27,47,0,0·`10٪,1,20,2,10,19,27,61,1,0·`10٪,1,27,15,24,34,43,62,0,0·`10٪,2,1,4,7,9,12,58,0,0·`10٪,0,3,3,6,9,12,17,0,0·`10٪,0,79,64,49,33,17,2,0,0·`10٪,0,75,65,47,28,10,25,0,0·`10٪,0,71,67,48,30,12,26,0,0·`10٪,0,40,32,24,16,8,26,0
10·`20٪,3,21,52,84,156,91,26,2,10·`20٪,2,19,67,151,148,75,3,0,10·`20٪,0,11,75,133,142,72,2,2,10·`20٪,0,25,90,152,130,140,42,12,10·`20٪,8,17,75,106,127,149,44,8,10·`20٪,6,5,115,175,162,148,44,0,10·`20٪,10,0,43,30,13,49,17,0,10·`20٪,0,0,43,30,12,49,0,0,10·`20٪,0,0,61,89,78,40,0,0,10·`20٪,0,0,54,92,130,10,0,0,10·`20٪,0,0,61,95,129,80,31,8,10·`20٪,2,35,33,32,31,29,28,2
20·`30٪,3,27,54,177,160,97,1,6,20·`30٪,4,17,96,174,171,118,10,15,20·`30٪,3,11,125,173,134,78,22,14,20·`30٪,0,15,159,200,151,118,30,20,20·`30٪,15,14,159,168,178,135,38,20,20·`30٪,10,5,124,198,175,117,27,16,20·`30٪,18,0,60,125,111,115,19,10,20·`30٪,17,0,60,121,111,84,0,21,20·`30٪,9,0,0,130,124,26,0,20,20·`30٪,1,0,43,69,231,10,0,20,20·`30٪,0,0,55,65,229,90,4,12,20·`30٪,4,34,82,130,185,42,1,9
30·`40٪,2,15,161,307,261,104,15,10,30·`40٪,2,20,125,230,195,161,21,21,30·`40٪,10,18,132,247,127,106,21,19,30·`40٪,12,23,136,249,172,95,27,30,30·`40٪,21,8,112,344,197,181,36,31,30·`40٪,14,8,95,221,207,130,42,31,30·`40٪,18,0,77,219,206,180,4,21,30·`40٪,5,0,77,213,206,186,0,9,30·`40٪,13,0,0,213,75,35,0,9,30·`40٪,13,0,32,113,71,30,0,16,30·`40٪,0,0,50,97,99,100,23,15,30·`40٪,6,34,150,307,245,182,32,15
40·`50٪,21,33,253,473,362,251,52,2,40·`50٪,19,29,206,256,254,251,24,18,40·`50٪,17,15,144,188,161,134,21,20,40·`50٪,17,19,147,200,167,133,27,26,40·`50٪,28,9,66,274,204,226,59,30,40·`50٪,19,9,65,186,310,243,72,30,40·`50٪,19,0,75,184,219,245,38,26,40·`50٪,9,0,76,175,222,288,0,24,40·`50٪,17,0,0,163,71,44,0,24,40·`50٪,25,0,20,87,62,82,0,39,40·`50٪,0,0,44,170,70,54,43,20,40·`50٪,19,34,219,403,328,253,39,19
50·`60٪,1,0,206,415,552,349,65,33,50·`60٪,20,2,181,283,542,352,58,26,50·`60٪,18,12,127,170,193,215,37,23,50·`60٪,23,14,171,243,181,210,32,28,50·`60٪,14,9,82,251,218,211,46,21,50·`60٪,8,9,80,150,413,242,71,43,50·`60٪,2,0,73,149,408,240,72,25,50·`60٪,12,0,74,137,409,244,0,25,50·`60٪,21,0,0,112,66,53,0,22,50·`60٪,37,0,0,62,90,118,0,39,50·`60٪,39,0,39,242,92,52,62,39,50·`60٪,32,0,197,422,572,351,52,54
60·`70٪,12,0,158,391,593,327,62,39,60·`70٪,22,21,157,356,630,267,95,28,60·`70٪,20,21,111,152,194,190,92,12,60·`70٪,29,20,195,285,241,198,97,15,60·`70٪,19,14,131,286,233,238,73,34,60·`70٪,18,8,117,157,389,245,86,25,60·`70٪,0,0,72,158,401,207,90,33,60·`70٪,16,0,72,164,384,199,0,33,60·`70٪,26,0,0,90,62,63,0,33,60·`70٪,53,0,0,82,118,153,0,16,60·`70٪,53,0,33,315,113,97,41,16,60·`70٪,43,0,225,441,599,303,22,40
70·`80٪,20,0,140,366,727,306,67,36,70·`80٪,25,11,183,365,718,235,101,33,70·`80٪,24,16,105,193,413,201,65,12,70·`80٪,30,19,329,374,420,206,120,20,70·`80٪,30,19,223,321,419,264,110,20,70·`80٪,29,7,153,197,408,248,96,48,70·`80٪,0,0,70,197,394,191,52,49,70·`80٪,12,0,71,191,409,128,0,49,70·`80٪,13,0,0,68,104,74,0,25,70·`80٪,36,0,0,82,134,127,0,15,70·`80٪,35,0,69,193,185,186,19,15,70·`80٪,12,0,252,492,731,286,39,36
80·`90٪,29,0,122,376,692,286,53,17,80·`90٪,29,45,210,375,673,266,107,16,80·`90٪,25,43,93,397,304,211,105,23,80·`90٪,29,47,142,494,507,214,142,19,80·`90٪,29,6,216,494,461,324,113,48,80·`90٪,39,4,221,401,427,300,106,37,80·`90٪,0,0,94,280,431,176,14,71,80·`90٪,0,0,0,281,434,110,0,37,80·`90٪,27,0,0,75,146,100,0,25,80·`90٪,35,0,0,77,124,100,0,24,80·`90٪,35,0,105,71,98,126,30,24,80·`90٪,2,0,122,174,702,302,27,19
90·`100٪,37,0,0,0,258,311,39,40,90·`100٪,33,14,55,100,415,297,91,36,90·`100٪,2,13,42,242,278,315,90,11,90·`100٪,50,15,19,192,594,380,91,49,90·`100٪,50,3,49,95,502,383,67,77,90·`100٪,49,4,33,62,502,408,46,77,90·`100٪,0,0,0,53,39,24,9,94,90·`100٪,0,0,0,70,111,73,0,27,90·`100٪,0,0,0,69,113,127,0,25,90·`100٪,0,0,0,70,114,127,0,48,90·`100٪,0,0,0,0,0,65,33,48,90·`100٪,31,0,0,0,265,319,53,48
┴ﻛ┘B 2026/4,0·`3└ﻼ,3·`6└ﻼ,6·`9└ﻼ,9·`12└ﻼ,12·`15└ﻼ,15·`18└ﻼ,18·`21└ﻼ,21·`24└ﻼ,┴ﻛ┘B 2026/5,0·`3└ﻼ,3·`6└ﻼ,6·`9└ﻼ,9·`12└ﻼ,12·`15└ﻼ,15·`18└ﻼ,18·`21└ﻼ,21·`24└ﻼ,┴ﻛ┘B 2026/6,0·`3└ﻼ,3·`6└ﻼ,6·`9└ﻼ,9·`12└ﻼ,12·`15└ﻼ,15·`18└ﻼ,18·`21└ﻼ,21·`24└ﻼ,┴ﻛ┘B 2026/7,0·`3└ﻼ,3·`6└ﻼ,6·`9└ﻼ,9·`12└ﻼ,12·`15└ﻼ,15·`18└ﻼ,18·`21└ﻼ,21·`24└ﻼ,┴ﻛ┘B 2026/8,0·`3└ﻼ,3·`6└ﻼ,6·`9└ﻼ,9·`12└ﻼ,12·`15└ﻼ,15·`18└ﻼ,18·`21└ﻼ,21·`24└ﻼ,┴ﻛ┘B 2026/9,0·`3└ﻼ,3·`6└ﻼ,6·`9└ﻼ,9·`12└ﻼ,12·`15└ﻼ,15·`18└ﻼ,18·`21└ﻼ,21·`24└ﻼ,┴ﻛ┘B 2026/10,0·`3└ﻼ,3·`6└ﻼ,6·`9└ﻼ,9·`12└ﻼ,12·`15└ﻼ,15·`18└ﻼ,18·`21└ﻼ,21·`24└ﻼ,┴ﻛ┘B 2026/11,0·`3└ﻼ,3·`6└ﻼ,6·`9└ﻼ,9·`12└ﻼ,12·`15└ﻼ,15·`18└ﻼ,18·`21└ﻼ,21·`24└ﻼ,┴ﻛ┘B 2026/12,0·`3└ﻼ,3·`6└ﻼ,6·`9└ﻼ,9·`12└ﻼ,12·`15└ﻼ,15·`18└ﻼ,18·`21└ﻼ,21·`24└ﻼ,┴ﻛ┘B 2027/1,0·`3└ﻼ,3·`6└ﻼ,6·`9└ﻼ,9·`12└ﻼ,12·`15└ﻼ,15·`18└ﻼ,18·`21└ﻼ,21·`24└ﻼ,┴ﻛ┘B 2027/2,0·`3└ﻼ,3·`6└ﻼ,6·`9└ﻼ,9·`12└ﻼ,12·`15└ﻼ,15·`18└ﻼ,18·`21└ﻼ,21·`24└ﻼ,┴ﻛ┘B 2027/3,0·`3└ﻼ,3·`6└ﻼ,6·`9└ﻼ,9·`12└ﻼ,12·`15└ﻼ,15·`18└ﻼ,18·`21└ﻼ,21·`24└ﻼ
0·`10٪,0,9,6,3,10,16,18,0,0·`10٪,0,0,0,51,1,6,10,0,0·`10٪,0,0,0,104,3,0,0,0,0·`10٪,0,0,0,35,23,12,1,0,0·`10٪,0,0,0,0,0,0,5,0,0·`10٪,0,0,0,0,0,0,6,0,0·`10٪,0,0,36,36,31,25,20,0,0·`10٪,0,0,37,36,31,26,20,0,0·`10٪,0,0,0,36,33,29,26,0,0·`10٪,0,39,6,6,5,0,0,0,0·`10٪,1,7,12,18,23,2,0,0,0·`10٪,0,14,17,20,23,1,12,0
10·`20٪,9,0,221,76,170,557,14,0,10·`20٪,8,0,228,162,226,126,72,0,10·`20٪,0,0,238,317,396,437,0,0,10·`20٪,0,0,450,434,443,224,55,0,10·`20٪,0,0,539,492,445,229,61,0,10·`20٪,0,0,553,499,446,234,9,0,10·`20٪,0,0,278,230,296,362,0,0,10·`20٪,0,0,278,230,296,362,0,0,10·`20٪,0,0,25,78,402,31,0,2,10·`20٪,0,0,139,280,422,644,0,0,10·`20٪,3,0,118,241,423,518,0,0,10·`20٪,10,0,222,274,339,310,14,0
20·`30٪,19,0,554,1078,1064,1099,11,1,20·`30٪,7,0,620,1237,1125,1014,135,0,20·`30٪,0,0,630,1396,1283,714,135,1,20·`30٪,0,0,455,542,533,581,109,0,20·`30٪,0,0,872,641,611,497,116,0,20·`30٪,0,0,877,651,585,440,12,0,20·`30٪,0,0,1084,1067,1050,551,0,0,20·`30٪,0,0,447,883,1173,551,0,0,20·`30٪,16,0,66,283,771,262,0,18,20·`30٪,0,0,271,837,885,490,0,14,20·`30٪,6,0,405,843,1032,600,0,14,20·`30٪,18,0,408,846,1070,1096,16,4
30·`40٪,28,0,1029,1897,1705,1254,7,29,30·`40٪,7,0,1017,1822,1705,1241,32,24,30·`40٪,0,0,635,1814,1386,925,184,21,30·`40٪,0,0,1090,1398,1168,938,172,11,30·`40٪,0,0,1313,791,778,765,172,2,30·`40٪,0,0,1151,802,724,647,15,0,30·`40٪,0,0,1285,1828,1493,982,0,0,30·`40٪,0,0,536,1471,1493,758,0,0,30·`40٪,10,0,107,469,1397,407,0,29,30·`40٪,8,0,404,985,943,336,0,35,30·`40٪,8,0,449,987,1015,718,0,36,30·`40٪,26,0,1038,1910,1723,1282,18,36
40·`50٪,38,0,1816,2547,1962,1102,156,28,40·`50٪,7,0,1698,2319,1939,1462,117,25,40·`50٪,0,0,1728,2232,1763,1268,179,11,40·`50٪,0,0,1726,2253,1784,757,155,6,40·`50٪,0,0,1754,2449,1770,639,154,2,40·`50٪,0,0,1424,1447,1470,1267,19,0,40·`50٪,0,0,1486,1998,1726,1413,0,0,40·`50٪,0,0,625,1481,1663,965,0,0,40·`50٪,4,0,148,656,1065,314,0,17,40·`50٪,8,0,491,1132,1000,260,0,15,40·`50٪,8,0,493,1130,999,836,0,25,40·`50٪,8,0,1827,2554,1948,1296,20,29
50·`60٪,47,0,1745,2339,1939,1138,305,94,50·`60٪,6,0,1674,2355,1948,1684,202,25,50·`60٪,0,0,1741,2299,2013,1400,175,1,50·`60٪,0,0,1878,2590,2208,1032,227,1,50·`60٪,10,0,1827,2590,2197,683,227,2,50·`60٪,0,0,1333,2089,1988,1888,22,4,50·`60٪,0,0,1117,2167,1959,1893,0,4,50·`60٪,0,0,570,1492,1832,1923,0,35,50·`60٪,4,0,30,498,733,222,0,17,50·`60٪,8,0,366,881,877,260,0,0,50·`60٪,20,0,412,711,802,699,0,15,50·`60٪,33,0,1132,1654,1872,1310,24,60
60·`70٪,57,0,1673,2130,1843,1443,229,43,60·`70٪,6,0,1650,2391,2027,1668,228,22,60·`70٪,0,0,1754,2365,2062,1759,227,5,60·`70٪,11,0,2030,2927,2633,1306,300,2,60·`70٪,0,0,1900,2731,2624,726,301,2,60·`70٪,0,0,1242,2730,2620,759,25,16,60·`70٪,0,0,942,1599,1917,885,0,20,60·`70٪,0,0,668,1778,1996,1288,0,21,60·`70٪,4,0,47,637,674,129,0,17,60·`70٪,7,0,396,826,753,260,0,0,60·`70٪,32,0,331,646,718,561,0,5,60·`70٪,58,0,881,1346,1814,1508,27,44
70·`80٪,20,0,960,1351,1746,1749,217,7,70·`80٪,5,0,1434,1815,1807,1799,303,19,70·`80٪,0,0,1463,1796,1957,2117,459,8,70·`80٪,0,0,1149,2534,2226,1919,462,2,70·`80٪,0,0,303,2212,2066,1920,464,2,70·`80٪,0,0,508,2204,1546,627,28,28,70·`80٪,0,0,768,1096,1566,664,0,28,70·`80٪,0,0,766,1623,1722,1067,0,28,70·`80٪,5,0,63,775,753,271,0,17,70·`80٪,7,0,426,1038,780,260,0,0,70·`80٪,19,0,398,581,779,681,0,7,70·`80٪,20,0,860,1308,1757,1906,0,8
80·`90٪,22,0,821,927,1477,1956,205,0,80·`90٪,5,0,1376,1567,1749,1930,377,16,80·`90٪,5,0,1354,1551,1495,1572,377,11,80·`90٪,0,0,1044,1487,1487,937,387,117,80·`90٪,0,0,270,1492,1491,864,238,117,80·`90٪,0,0,398,1486,1495,372,31,78,80·`90٪,0,0,481,1059,1450,439,0,32,80·`90٪,0,0,215,1468,1448,845,0,32,80·`90٪,5,0,80,1250,832,414,0,17,80·`90٪,7,0,611,1249,1107,964,0,0,80·`90٪,4,0,620,715,840,964,0,0,80·`90٪,14,0,839,1405,1698,1956,0,0
90·`100٪,12,0,604,818,1042,862,61,0,90·`100٪,27,0,1317,1319,1469,955,146,14,90·`100٪,5,0,1246,1307,1387,1019,63,15,90·`100٪,0,0,939,956,488,209,70,47,90·`100٪,0,0,291,631,423,215,0,47,90·`100٪,0,0,288,632,375,117,34,47,90·`100٪,0,0,195,457,384,274,0,1,90·`100٪,0,0,189,1132,971,247,0,1,90·`100٪,0,0,105,943,1869,233,0,17,90·`100٪,6,0,105,1271,1873,1657,0,0,90·`100٪,2,0,455,1273,1792,1353,0,0,90·`100٪,12,0,599,1502,1639,1331,0,0
