3-2_(1σ-1σ)1σReliableRequirementTable_3σCap_[MW],,,,,,,,,,,,,,,,,,,,,,,,,,,,,,,,,,,,,,,,,,,,,,,,,,,,,,,,,,,,,,,,,,,,,,,,,,,,,,,,,,,,,,,,,,,,,,,,,,,,,,,,,,,
北海道 2026/4,0〜3時,3〜6時,6〜9時,9〜12時,12〜15時,15〜18時,18〜21時,21〜24時,北海道 2026/5,0〜3時,3〜6時,6〜9時,9〜12時,12〜15時,15〜18時,18〜21時,21〜24時,北海道 2026/6,0〜3時,3〜6時,6〜9時,9〜12時,12〜15時,15〜18時,18〜21時,21〜24時,北海道 2026/7,0〜3時,3〜6時,6〜9時,9〜12時,12〜15時,15〜18時,18〜21時,21〜24時,北海道 2026/8,0〜3時,3〜6時,6〜9時,9〜12時,12〜15時,15〜18時,18〜21時,21〜24時,北海道 2026/9,0〜3時,3〜6時,6〜9時,9〜12時,12〜15時,15〜18時,18〜21時,21〜24時,北海道 2026/10,0〜3時,3〜6時,6〜9時,9〜12時,12〜15時,15〜18時,18〜21時,21〜24時,北海道 2026/11,0〜3時,3〜6時,6〜9時,9〜12時,12〜15時,15〜18時,18〜21時,21〜24時,北海道 2026/12,0〜3時,3〜6時,6〜9時,9〜12時,12〜15時,15〜18時,18〜21時,21〜24時,北海道 2027/1,0〜3時,3〜6時,6〜9時,9〜12時,12〜15時,15〜18時,18〜21時,21〜24時,北海道 2027/2,0〜3時,3〜6時,6〜9時,9〜12時,12〜15時,15〜18時,18〜21時,21〜24時,北海道 2027/3,0〜3時,3〜6時,6〜9時,9〜12時,12〜15時,15〜18時,18〜21時,21〜24時
0〜10%,,,,,,,,,0〜10%,,,,,,,,,0〜10%,,,,,,,,,0〜10%,,,,,,,,,0〜10%,,,,,,,,,0〜10%,,,,,,,,,0〜10%,,,,,,,,,0〜10%,,,,,,,,,0〜10%,,,,,,,,,0〜10%,,,,,,,,,0〜10%,,,,,,,,,0〜10%,,,,,,,,
10〜20%,,,,,,,,,10〜20%,,,,,,,,,10〜20%,,,,,,,,,10〜20%,,,,,,,,,10〜20%,,,,,,,,,10〜20%,,,,,,,,,10〜20%,,,,,,,,,10〜20%,,,,,,,,,10〜20%,,,,,,,,,10〜20%,,,,,,,,,10〜20%,,,,,,,,,10〜20%,,,,,,,,
20〜30%,,,,,,,,,20〜30%,,,,,,,,,20〜30%,,,,,,,,,20〜30%,,,,,,,,,20〜30%,,,,,,,,,20〜30%,,,,,,,,,20〜30%,,,,,,,,,20〜30%,,,,,,,,,20〜30%,,,,,,,,,20〜30%,,,,,,,,,20〜30%,,,,,,,,,20〜30%,,,,,,,,
30〜40%,,,,,,,,,30〜40%,,,,,,,,,30〜40%,,,,,,,,,30〜40%,,,,,,,,,30〜40%,,,,,,,,,30〜40%,,,,,,,,,30〜40%,,,,,,,,,30〜40%,,,,,,,,,30〜40%,,,,,,,,,30〜40%,,,,,,,,,30〜40%,,,,,,,,,30〜40%,,,,,,,,
40〜50%,,,,,,,,,40〜50%,,,,,,,,,40〜50%,,,,,,,,,40〜50%,,,,,,,,,40〜50%,,,,,,,,,40〜50%,,,,,,,,,40〜50%,,,,,,,,,40〜50%,,,,,,,,,40〜50%,,,,,,,,,40〜50%,,,,,,,,,40〜50%,,,,,,,,,40〜50%,,,,,,,,
50〜60%,,,,,,,,,50〜60%,,,,,,,,,50〜60%,,,,,,,,,50〜60%,,,,,,,,,50〜60%,,,,,,,,,50〜60%,,,,,,,,,50〜60%,,,,,,,,,50〜60%,,,,,,,,,50〜60%,,,,,,,,,50〜60%,,,,,,,,,50〜60%,,,,,,,,,50〜60%,,,,,,,,
60〜70%,,,,,,,,,60〜70%,,,,,,,,,60〜70%,,,,,,,,,60〜70%,,,,,,,,,60〜70%,,,,,,,,,60〜70%,,,,,,,,,60〜70%,,,,,,,,,60〜70%,,,,,,,,,60〜70%,,,,,,,,,60〜70%,,,,,,,,,60〜70%,,,,,,,,,60〜70%,,,,,,,,
70〜80%,,,,,,,,,70〜80%,,,,,,,,,70〜80%,,,,,,,,,70〜80%,,,,,,,,,70〜80%,,,,,,,,,70〜80%,,,,,,,,,70〜80%,,,,,,,,,70〜80%,,,,,,,,,70〜80%,,,,,,,,,70〜80%,,,,,,,,,70〜80%,,,,,,,,,70〜80%,,,,,,,,
80〜90%,,,,,,,,,80〜90%,,,,,,,,,80〜90%,,,,,,,,,80〜90%,,,,,,,,,80〜90%,,,,,,,,,80〜90%,,,,,,,,,80〜90%,,,,,,,,,80〜90%,,,,,,,,,80〜90%,,,,,,,,,80〜90%,,,,,,,,,80〜90%,,,,,,,,,80〜90%,,,,,,,,
90〜100%,,,,,,,,,90〜100%,,,,,,,,,90〜100%,,,,,,,,,90〜100%,,,,,,,,,90〜100%,,,,,,,,,90〜100%,,,,,,,,,90〜100%,,,,,,,,,90〜100%,,,,,,,,,90〜100%,,,,,,,,,90〜100%,,,,,,,,,90〜100%,,,,,,,,,90〜100%,,,,,,,,
東北 2026/4,0〜3時,3〜6時,6〜9時,9〜12時,12〜15時,15〜18時,18〜21時,21〜24時,東北 2026/5,0〜3時,3〜6時,6〜9時,9〜12時,12〜15時,15〜18時,18〜21時,21〜24時,東北 2026/6,0〜3時,3〜6時,6〜9時,9〜12時,12〜15時,15〜18時,18〜21時,21〜24時,東北 2026/7,0〜3時,3〜6時,6〜9時,9〜12時,12〜15時,15〜18時,18〜21時,21〜24時,東北 2026/8,0〜3時,3〜6時,6〜9時,9〜12時,12〜15時,15〜18時,18〜21時,21〜24時,東北 2026/9,0〜3時,3〜6時,6〜9時,9〜12時,12〜15時,15〜18時,18〜21時,21〜24時,東北 2026/10,0〜3時,3〜6時,6〜9時,9〜12時,12〜15時,15〜18時,18〜21時,21〜24時,東北 2026/11,0〜3時,3〜6時,6〜9時,9〜12時,12〜15時,15〜18時,18〜21時,21〜24時,東北 2026/12,0〜3時,3〜6時,6〜9時,9〜12時,12〜15時,15〜18時,18〜21時,21〜24時,東北 2027/1,0〜3時,3〜6時,6〜9時,9〜12時,12〜15時,15〜18時,18〜21時,21〜24時,東北 2027/2,0〜3時,3〜6時,6〜9時,9〜12時,12〜15時,15〜18時,18〜21時,21〜24時,東北 2027/3,0〜3時,3〜6時,6〜9時,9〜12時,12〜15時,15〜18時,18〜21時,21〜24時
0〜10%,,,,,,,,,0〜10%,,,,,,,,,0〜10%,,,,,,,,,0〜10%,,,,,,,,,0〜10%,,,,,,,,,0〜10%,,,,,,,,,0〜10%,,,,,,,,,0〜10%,,,,,,,,,0〜10%,,,,,,,,,0〜10%,,,,,,,,,0〜10%,,,,,,,,,0〜10%,,,,,,,,
10〜20%,,,,,,,,,10〜20%,,,,,,,,,10〜20%,,,,,,,,,10〜20%,,,,,,,,,10〜20%,,,,,,,,,10〜20%,,,,,,,,,10〜20%,,,,,,,,,10〜20%,,,,,,,,,10〜20%,,,,,,,,,10〜20%,,,,,,,,,10〜20%,,,,,,,,,10〜20%,,,,,,,,
20〜30%,,,,,,,,,20〜30%,,,,,,,,,20〜30%,,,,,,,,,20〜30%,,,,,,,,,20〜30%,,,,,,,,,20〜30%,,,,,,,,,20〜30%,,,,,,,,,20〜30%,,,,,,,,,20〜30%,,,,,,,,,20〜30%,,,,,,,,,20〜30%,,,,,,,,,20〜30%,,,,,,,,
30〜40%,,,,,,,,,30〜40%,,,,,,,,,30〜40%,,,,,,,,,30〜40%,,,,,,,,,30〜40%,,,,,,,,,30〜40%,,,,,,,,,30〜40%,,,,,,,,,30〜40%,,,,,,,,,30〜40%,,,,,,,,,30〜40%,,,,,,,,,30〜40%,,,,,,,,,30〜40%,,,,,,,,
40〜50%,,,,,,,,,40〜50%,,,,,,,,,40〜50%,,,,,,,,,40〜50%,,,,,,,,,40〜50%,,,,,,,,,40〜50%,,,,,,,,,40〜50%,,,,,,,,,40〜50%,,,,,,,,,40〜50%,,,,,,,,,40〜50%,,,,,,,,,40〜50%,,,,,,,,,40〜50%,,,,,,,,
50〜60%,,,,,,,,,50〜60%,,,,,,,,,50〜60%,,,,,,,,,50〜60%,,,,,,,,,50〜60%,,,,,,,,,50〜60%,,,,,,,,,50〜60%,,,,,,,,,50〜60%,,,,,,,,,50〜60%,,,,,,,,,50〜60%,,,,,,,,,50〜60%,,,,,,,,,50〜60%,,,,,,,,
60〜70%,,,,,,,,,60〜70%,,,,,,,,,60〜70%,,,,,,,,,60〜70%,,,,,,,,,60〜70%,,,,,,,,,60〜70%,,,,,,,,,60〜70%,,,,,,,,,60〜70%,,,,,,,,,60〜70%,,,,,,,,,60〜70%,,,,,,,,,60〜70%,,,,,,,,,60〜70%,,,,,,,,
70〜80%,,,,,,,,,70〜80%,,,,,,,,,70〜80%,,,,,,,,,70〜80%,,,,,,,,,70〜80%,,,,,,,,,70〜80%,,,,,,,,,70〜80%,,,,,,,,,70〜80%,,,,,,,,,70〜80%,,,,,,,,,70〜80%,,,,,,,,,70〜80%,,,,,,,,,70〜80%,,,,,,,,
80〜90%,,,,,,,,,80〜90%,,,,,,,,,80〜90%,,,,,,,,,80〜90%,,,,,,,,,80〜90%,,,,,,,,,80〜90%,,,,,,,,,80〜90%,,,,,,,,,80〜90%,,,,,,,,,80〜90%,,,,,,,,,80〜90%,,,,,,,,,80〜90%,,,,,,,,,80〜90%,,,,,,,,
90〜100%,,,,,,,,,90〜100%,,,,,,,,,90〜100%,,,,,,,,,90〜100%,,,,,,,,,90〜100%,,,,,,,,,90〜100%,,,,,,,,,90〜100%,,,,,,,,,90〜100%,,,,,,,,,90〜100%,,,,,,,,,90〜100%,,,,,,,,,90〜100%,,,,,,,,,90〜100%,,,,,,,,
東京 2026/4,0〜3時,3〜6時,6〜9時,9〜12時,12〜15時,15〜18時,18〜21時,21〜24時,東京 2026/5,0〜3時,3〜6時,6〜9時,9〜12時,12〜15時,15〜18時,18〜21時,21〜24時,東京 2026/6,0〜3時,3〜6時,6〜9時,9〜12時,12〜15時,15〜18時,18〜21時,21〜24時,東京 2026/7,0〜3時,3〜6時,6〜9時,9〜12時,12〜15時,15〜18時,18〜21時,21〜24時,東京 2026/8,0〜3時,3〜6時,6〜9時,9〜12時,12〜15時,15〜18時,18〜21時,21〜24時,東京 2026/9,0〜3時,3〜6時,6〜9時,9〜12時,12〜15時,15〜18時,18〜21時,21〜24時,東京 2026/10,0〜3時,3〜6時,6〜9時,9〜12時,12〜15時,15〜18時,18〜21時,21〜24時,東京 2026/11,0〜3時,3〜6時,6〜9時,9〜12時,12〜15時,15〜18時,18〜21時,21〜24時,東京 2026/12,0〜3時,3〜6時,6〜9時,9〜12時,12〜15時,15〜18時,18〜21時,21〜24時,東京 2027/1,0〜3時,3〜6時,6〜9時,9〜12時,12〜15時,15〜18時,18〜21時,21〜24時,東京 2027/2,0〜3時,3〜6時,6〜9時,9〜12時,12〜15時,15〜18時,18〜21時,21〜24時,東京 2027/3,0〜3時,3〜6時,6〜9時,9〜12時,12〜15時,15〜18時,18〜21時,21〜24時
0〜10%,0,6,0,0,0,0,0,0,0〜10%,0,0,0,0,0,0,0,0,0〜10%,0,0,0,0,0,0,0,0,0〜10%,0,0,0,0,0,0,0,0,0〜10%,0,0,0,0,0,0,0,0,0〜10%,0,0,0,0,20,0,0,0,0〜10%,0,0,0,0,0,0,0,0,0〜10%,0,0,0,0,0,0,0,0,0〜10%,0,0,0,0,0,0,0,0,0〜10%,0,0,0,0,0,0,1,0,0〜10%,0,0,0,0,0,0,0,0,0〜10%,0,0,0,0,0,0,0,0
10〜20%,0,10,126,234,251,22,0,0,10〜20%,0,0,0,0,296,78,4,0,10〜20%,0,0,0,0,293,121,4,0,10〜20%,0,0,41,75,110,97,0,0,10〜20%,0,0,0,0,0,0,0,0,10〜20%,0,0,119,139,94,59,0,0,10〜20%,0,0,0,0,17,0,0,0,10〜20%,0,0,0,0,12,0,0,0,10〜20%,0,0,0,0,0,0,0,0,10〜20%,0,0,0,0,0,0,0,0,10〜20%,0,0,14,307,0,0,0,0,10〜20%,0,0,0,307,0,0,0,0
20〜30%,0,14,270,1007,766,64,0,0,20〜30%,0,0,516,993,728,221,29,0,20〜30%,0,0,414,947,380,204,25,0,20〜30%,0,0,244,340,330,181,27,0,20〜30%,0,0,106,439,554,0,0,0,20〜30%,0,0,192,231,828,167,0,0,20〜30%,0,7,31,56,81,105,0,0,20〜30%,0,0,0,258,199,32,0,0,20〜30%,0,0,0,0,370,129,0,0,20〜30%,0,0,0,195,278,13,0,0,20〜30%,0,2,83,298,275,28,0,0,20〜30%,0,0,0,586,0,0,0,0
30〜40%,0,17,426,1328,704,244,0,0,30〜40%,0,0,431,1340,621,406,11,0,30〜40%,0,0,366,858,791,453,13,0,30〜40%,0,0,512,736,818,663,54,0,30〜40%,0,0,92,410,321,0,0,0,30〜40%,0,0,235,590,402,221,0,0,30〜40%,0,15,46,77,475,213,0,0,30〜40%,0,0,50,731,199,244,0,0,30〜40%,0,0,0,0,220,338,0,0,30〜40%,0,0,0,219,250,43,0,0,30〜40%,0,0,275,578,881,267,0,0,30〜40%,0,12,222,1435,1150,691,0,0
40〜50%,0,20,242,723,1191,562,10,0,40〜50%,0,0,275,1064,1091,705,1,0,40〜50%,0,0,600,1094,937,702,2,0,40〜50%,0,11,495,898,1060,1145,80,0,40〜50%,0,0,496,584,577,472,0,0,40〜50%,0,0,279,949,535,501,0,0,40〜50%,0,23,61,98,547,576,0,0,40〜50%,0,0,43,1035,273,45,0,0,40〜50%,0,0,20,179,276,237,0,0,40〜50%,0,0,0,114,222,72,0,0,40〜50%,0,0,228,473,1607,588,0,0,40〜50%,0,4,229,953,1471,288,0,0
50〜60%,0,23,67,535,967,225,0,0,50〜60%,0,0,260,787,1315,316,140,0,50〜60%,0,0,377,727,1033,427,73,0,50〜60%,0,12,362,584,569,750,71,0,50〜60%,0,51,914,1280,964,43,0,0,50〜60%,0,37,907,1606,1568,423,0,0,50〜60%,0,20,55,1413,1349,50,0,0,50〜60%,0,0,36,1340,991,93,0,0,50〜60%,0,0,4,843,610,288,0,0,50〜60%,0,0,0,123,194,102,0,0,50〜60%,0,0,182,775,1228,558,0,0,50〜60%,0,6,126,613,1113,232,0,0
60〜70%,0,26,279,730,587,444,0,0,60〜70%,0,0,287,673,792,201,0,0,60〜70%,0,0,242,328,890,113,0,0,60〜70%,0,14,313,270,515,418,0,0,60〜70%,0,33,491,1360,820,48,0,0,60〜70%,0,41,762,1410,895,345,0,0,60〜70%,0,17,50,1405,881,211,0,0,60〜70%,0,0,28,281,722,53,0,0,60〜70%,0,0,0,386,212,253,0,0,60〜70%,0,0,38,102,166,131,0,0,60〜70%,0,0,135,1087,829,380,0,0,60〜70%,0,8,333,1114,756,398,0,0
70〜80%,0,74,491,908,950,992,0,0,70〜80%,0,72,141,147,153,747,0,0,70〜80%,0,26,64,377,748,91,0,0,70〜80%,0,8,249,463,461,87,0,0,70〜80%,0,7,641,2050,356,53,0,0,70〜80%,0,29,617,1587,655,266,0,0,70〜80%,0,1,149,1398,413,142,0,0,70〜80%,0,0,21,87,453,14,0,0,70〜80%,0,0,0,216,471,187,0,0,70〜80%,0,0,25,81,138,161,0,0,70〜80%,0,0,89,1618,429,202,0,0,70〜80%,0,6,540,1071,945,819,0,0
80〜90%,0,0,0,487,881,582,0,0,80〜90%,0,0,0,0,0,390,0,0,80〜90%,0,39,105,93,82,70,0,0,80〜90%,0,30,50,44,8,90,0,0,80〜90%,0,4,791,1577,818,58,0,0,80〜90%,0,25,762,1765,977,188,0,0,80〜90%,0,0,248,485,411,73,0,0,80〜90%,0,0,13,325,77,59,0,0,80〜90%,0,0,0,46,26,60,0,0,80〜90%,0,0,12,111,209,60,0,0,80〜90%,0,0,0,912,30,24,0,0,80〜90%,0,5,93,369,645,495,0,0
90〜100%,0,0,0,0,0,171,0,0,90〜100%,0,0,0,0,0,186,0,0,90〜100%,0,53,123,158,0,0,0,0,90〜100%,0,32,8,66,58,22,0,0,90〜100%,0,31,74,66,58,21,0,0,90〜100%,0,48,136,98,104,110,0,0,90〜100%,0,0,0,390,192,0,0,0,90〜100%,0,0,6,173,82,29,0,0,90〜100%,0,0,0,0,82,30,0,0,90〜100%,0,0,0,0,281,30,0,0,90〜100%,0,0,0,68,41,13,0,0,90〜100%,0,0,0,0,0,171,0,0
中部 2026/4,0〜3時,3〜6時,6〜9時,9〜12時,12〜15時,15〜18時,18〜21時,21〜24時,中部 2026/5,0〜3時,3〜6時,6〜9時,9〜12時,12〜15時,15〜18時,18〜21時,21〜24時,中部 2026/6,0〜3時,3〜6時,6〜9時,9〜12時,12〜15時,15〜18時,18〜21時,21〜24時,中部 2026/7,0〜3時,3〜6時,6〜9時,9〜12時,12〜15時,15〜18時,18〜21時,21〜24時,中部 2026/8,0〜3時,3〜6時,6〜9時,9〜12時,12〜15時,15〜18時,18〜21時,21〜24時,中部 2026/9,0〜3時,3〜6時,6〜9時,9〜12時,12〜15時,15〜18時,18〜21時,21〜24時,中部 2026/10,0〜3時,3〜6時,6〜9時,9〜12時,12〜15時,15〜18時,18〜21時,21〜24時,中部 2026/11,0〜3時,3〜6時,6〜9時,9〜12時,12〜15時,15〜18時,18〜21時,21〜24時,中部 2026/12,0〜3時,3〜6時,6〜9時,9〜12時,12〜15時,15〜18時,18〜21時,21〜24時,中部 2027/1,0〜3時,3〜6時,6〜9時,9〜12時,12〜15時,15〜18時,18〜21時,21〜24時,中部 2027/2,0〜3時,3〜6時,6〜9時,9〜12時,12〜15時,15〜18時,18〜21時,21〜24時,中部 2027/3,0〜3時,3〜6時,6〜9時,9〜12時,12〜15時,15〜18時,18〜21時,21〜24時
0〜10%,0,11,16,15,15,14,13,0,0〜10%,0,0,0,0,0,0,11,0,0〜10%,0,11,13,15,16,18,18,0,0〜10%,0,11,12,13,13,14,14,0,0〜10%,0,1,4,7,10,13,15,0,0〜10%,0,6,9,10,11,13,14,0,0〜10%,0,0,79,129,37,24,12,0,0〜10%,0,0,0,0,0,0,0,0,0〜10%,0,0,0,0,0,0,0,0,0〜10%,0,0,0,0,0,0,9,0,0〜10%,0,22,23,20,17,14,11,0,0〜10%,0,18,17,16,16,15,14,0
10〜20%,0,13,21,42,63,63,3,0,10〜20%,0,0,0,0,0,72,0,0,10〜20%,0,0,65,117,148,74,16,0,10〜20%,0,0,227,81,30,14,16,0,10〜20%,0,0,36,165,91,49,14,7,10〜20%,0,0,28,255,286,78,0,0,10〜20%,0,0,68,195,269,34,0,0,10〜20%,0,0,0,0,0,0,0,0,10〜20%,0,0,0,0,0,0,0,0,10〜20%,0,0,0,0,0,135,0,0,10〜20%,0,0,12,446,326,102,0,0,10〜20%,0,0,175,258,176,94,15,0
20〜30%,0,23,180,167,290,78,3,0,20〜30%,0,0,185,240,295,131,0,0,20〜30%,4,0,116,218,280,212,15,0,20〜30%,0,0,330,149,48,15,14,0,20〜30%,0,0,288,323,172,85,12,2,20〜30%,0,0,47,349,430,105,0,1,20〜30%,0,0,57,300,371,43,0,18,20〜30%,0,0,54,0,0,0,0,9,20〜30%,0,0,73,0,0,0,0,9,20〜30%,0,0,40,16,83,151,0,0,20〜30%,0,0,149,941,273,159,0,0,20〜30%,0,0,113,669,588,80,15,0
30〜40%,0,0,225,708,348,186,4,0,30〜40%,0,0,282,320,635,357,0,0,30〜40%,10,0,167,320,726,225,14,0,30〜40%,10,0,553,217,65,16,13,0,30〜40%,0,0,558,500,407,122,10,7,30〜40%,5,0,451,513,574,132,0,4,30〜40%,5,1,185,385,515,53,0,4,30〜40%,9,0,52,493,327,78,0,7,30〜40%,0,0,78,518,276,0,0,0,30〜40%,0,0,177,549,927,157,0,0,30〜40%,0,0,260,572,440,25,0,0,30〜40%,0,0,209,468,873,128,15,0
40〜50%,0,0,329,912,1495,294,4,0,40〜50%,18,0,379,808,1237,530,0,7,40〜50%,27,0,407,722,1442,533,12,7,40〜50%,27,0,748,480,82,17,12,11,40〜50%,24,0,598,798,831,158,8,19,40〜50%,1,0,384,830,825,158,0,27,40〜50%,0,0,314,1013,840,62,0,14,40〜50%,13,0,278,784,676,123,0,5,40〜50%,0,0,83,357,513,6,0,0,40〜50%,0,0,19,377,1327,139,0,0,40〜50%,0,0,125,521,1292,157,0,0,40〜50%,0,0,108,296,1482,137,10,0
50〜60%,20,0,414,859,1228,898,34,0,50〜60%,22,0,655,813,1347,719,0,6,50〜60%,27,0,647,816,1217,485,11,19,50〜60%,36,0,465,742,813,175,10,22,50〜60%,13,0,293,1130,688,130,6,15,50〜60%,14,0,346,1077,943,185,0,22,50〜60%,0,0,337,1219,887,134,0,22,50〜60%,0,0,463,1220,934,221,0,24,50〜60%,0,0,87,196,744,11,0,0,50〜60%,0,0,171,504,1047,156,0,0,50〜60%,9,0,277,748,1276,256,0,0,50〜60%,11,0,285,434,1202,776,15,0
60〜70%,35,0,650,1066,1193,785,37,4,60〜70%,27,0,450,812,1199,714,0,4,60〜70%,20,0,418,1005,1154,436,10,0,60〜70%,0,0,332,976,854,300,9,23,60〜70%,29,0,152,884,669,268,7,14,60〜70%,29,0,170,970,768,186,0,4,60〜70%,0,0,141,1162,733,94,0,3,60〜70%,0,0,265,1311,705,258,0,0,60〜70%,0,0,117,308,608,0,0,0,60〜70%,0,0,14,964,590,189,0,0,60〜70%,21,0,294,975,853,636,0,0,60〜70%,42,0,668,958,1068,631,17,0
70〜80%,33,0,378,1273,1157,573,30,12,70〜80%,26,0,199,966,1047,545,0,0,70〜80%,7,0,262,873,1090,419,8,0,70〜80%,0,0,308,850,885,426,8,19,70〜80%,2,0,269,671,761,405,7,3,70〜80%,0,0,239,459,680,188,0,2,70〜80%,0,0,155,773,768,54,0,8,70〜80%,0,0,67,930,476,296,0,0,70〜80%,0,0,28,421,473,0,0,0,70〜80%,0,0,168,703,518,313,0,0,70〜80%,24,0,312,971,742,448,0,0,70〜80%,27,0,170,1134,933,424,0,4
80〜90%,0,0,281,1434,648,360,24,20,80〜90%,0,0,133,498,427,376,0,0,80〜90%,0,0,222,616,287,229,7,0,80〜90%,0,0,277,443,213,122,7,25,80〜90%,47,0,241,458,302,168,8,45,80〜90%,0,0,235,352,177,0,0,8,80〜90%,0,0,116,384,185,0,0,13,80〜90%,0,0,0,549,277,0,0,0,80〜90%,0,0,0,346,161,0,0,0,80〜90%,0,0,171,479,357,0,0,0,80〜90%,0,0,127,574,360,0,0,0,80〜90%,0,0,100,1011,523,244,0,18
90〜100%,0,0,0,446,277,264,0,27,90〜100%,0,0,0,117,104,140,0,0,90〜100%,0,0,217,295,283,136,0,0,90〜100%,0,0,218,121,168,102,0,26,90〜100%,29,0,253,165,254,91,0,60,90〜100%,0,0,0,69,0,0,0,81,90〜100%,0,0,0,0,0,0,0,18,90〜100%,0,0,0,0,0,0,0,0,90〜100%,0,0,0,0,0,0,0,0,90〜100%,0,0,0,0,0,0,0,0,90〜100%,0,0,0,377,0,0,0,26,90〜100%,0,0,0,363,314,346,0,31
北陸 2026/4,0〜3時,3〜6時,6〜9時,9〜12時,12〜15時,15〜18時,18〜21時,21〜24時,北陸 2026/5,0〜3時,3〜6時,6〜9時,9〜12時,12〜15時,15〜18時,18〜21時,21〜24時,北陸 2026/6,0〜3時,3〜6時,6〜9時,9〜12時,12〜15時,15〜18時,18〜21時,21〜24時,北陸 2026/7,0〜3時,3〜6時,6〜9時,9〜12時,12〜15時,15〜18時,18〜21時,21〜24時,北陸 2026/8,0〜3時,3〜6時,6〜9時,9〜12時,12〜15時,15〜18時,18〜21時,21〜24時,北陸 2026/9,0〜3時,3〜6時,6〜9時,9〜12時,12〜15時,15〜18時,18〜21時,21〜24時,北陸 2026/10,0〜3時,3〜6時,6〜9時,9〜12時,12〜15時,15〜18時,18〜21時,21〜24時,北陸 2026/11,0〜3時,3〜6時,6〜9時,9〜12時,12〜15時,15〜18時,18〜21時,21〜24時,北陸 2026/12,0〜3時,3〜6時,6〜9時,9〜12時,12〜15時,15〜18時,18〜21時,21〜24時,北陸 2027/1,0〜3時,3〜6時,6〜9時,9〜12時,12〜15時,15〜18時,18〜21時,21〜24時,北陸 2027/2,0〜3時,3〜6時,6〜9時,9〜12時,12〜15時,15〜18時,18〜21時,21〜24時,北陸 2027/3,0〜3時,3〜6時,6〜9時,9〜12時,12〜15時,15〜18時,18〜21時,21〜24時
0〜10%,0,2,2,3,3,0,0,0,0〜10%,0,0,0,0,0,0,0,0,0〜10%,0,0,0,0,0,0,0,0,0〜10%,0,1,1,1,1,1,1,0,0〜10%,0,1,2,3,4,5,1,0,0〜10%,0,1,5,4,3,2,1,0,0〜10%,0,1,7,1,2,3,0,0,0〜10%,0,0,0,0,0,4,2,0,0〜10%,0,1,1,1,4,6,2,0,0〜10%,0,1,1,5,6,7,2,0,0〜10%,0,2,3,4,5,6,2,0,0〜10%,0,0,0,0,0,0,0,0
10〜20%,0,3,4,3,2,0,0,0,10〜20%,0,3,18,9,0,0,0,0,10〜20%,0,0,0,0,0,0,0,0,10〜20%,0,1,1,1,9,7,3,0,10〜20%,0,1,9,16,12,7,2,0,10〜20%,1,4,9,5,9,14,2,0,10〜20%,0,9,3,15,1,5,0,0,10〜20%,0,0,0,0,0,5,0,0,10〜20%,0,0,5,10,8,7,0,0,10〜20%,0,0,5,10,2,14,0,0,10〜20%,0,0,1,19,19,14,0,1,10〜20%,1,1,2,2,3,3,4,0
20〜30%,0,3,12,27,40,21,1,0,20〜30%,0,3,25,15,12,15,0,0,20〜30%,0,0,0,0,0,0,2,0,20〜30%,0,2,2,1,6,7,3,0,20〜30%,0,1,15,19,8,8,2,0,20〜30%,1,8,18,27,23,4,2,1,20〜30%,0,9,20,13,13,5,0,0,20〜30%,0,0,0,0,0,17,0,0,20〜30%,0,0,8,7,5,4,0,0,20〜30%,0,0,2,4,6,9,0,0,20〜30%,0,0,6,12,10,7,0,1,20〜30%,2,0,8,14,10,14,0,0
30〜40%,1,4,7,7,20,5,3,2,30〜40%,1,4,20,21,35,19,0,5,30〜40%,1,0,0,0,49,4,6,2,30〜40%,0,2,7,16,4,7,2,2,30〜40%,0,6,11,17,4,8,2,2,30〜40%,3,12,22,33,43,17,2,1,30〜40%,0,27,5,30,17,23,0,0,30〜40%,0,0,0,15,14,10,0,0,30〜40%,0,0,7,16,10,7,0,0,30〜40%,0,0,3,5,5,5,0,0,30〜40%,1,0,8,13,10,7,0,1,30〜40%,1,0,5,6,7,8,0,2
40〜50%,1,5,46,55,65,39,0,3,40〜50%,1,4,60,26,57,75,0,5,40〜50%,1,4,15,18,79,23,11,1,40〜50%,0,1,12,30,51,20,9,4,40〜50%,0,0,12,38,50,14,9,2,40〜50%,4,0,18,33,48,18,4,2,40〜50%,0,0,6,36,53,23,0,0,40〜50%,0,0,1,12,35,16,0,0,40〜50%,0,0,6,20,31,20,0,4,40〜50%,0,0,2,23,23,5,0,4,40〜50%,2,0,10,16,17,5,0,4,40〜50%,1,0,19,14,9,16,0,3
50〜60%,1,5,21,50,60,24,0,3,50〜60%,1,4,7,85,79,45,3,4,50〜60%,1,0,49,74,116,92,15,1,50〜60%,4,1,8,62,128,51,13,4,50〜60%,4,0,5,53,121,18,10,2,50〜60%,4,0,16,39,23,7,6,6,50〜60%,4,0,25,50,42,12,0,4,50〜60%,0,0,19,51,40,21,0,4,50〜60%,0,0,0,15,6,1,0,4,50〜60%,0,0,5,43,23,2,0,4,50〜60%,3,0,12,31,47,0,0,4,50〜60%,1,0,5,50,17,0,0,0
60〜70%,1,1,1,46,68,10,0,3,60〜70%,1,4,7,66,85,15,3,3,60〜70%,0,0,16,113,98,60,3,2,60〜70%,7,1,10,68,71,8,8,9,60〜70%,19,0,21,78,59,11,15,7,60〜70%,10,0,14,32,21,15,2,7,60〜70%,9,0,12,34,6,1,0,6,60〜70%,10,0,13,24,16,14,0,7,60〜70%,0,0,0,33,5,5,0,2,60〜70%,0,0,7,67,25,5,0,2,60〜70%,1,0,20,63,0,0,0,2,60〜70%,1,0,2,102,15,0,0,0
70〜80%,2,1,18,71,56,38,0,4,70〜80%,0,1,21,49,77,32,3,9,70〜80%,0,0,8,55,97,26,2,2,70〜80%,4,0,11,35,59,21,0,11,70〜80%,7,0,0,11,24,0,0,11,70〜80%,15,0,15,19,23,14,6,11,70〜80%,10,0,27,51,47,24,0,4,70〜80%,4,0,0,48,58,26,0,10,70〜80%,5,0,0,3,4,5,0,1,70〜80%,5,0,13,48,26,9,0,3,70〜80%,5,0,27,38,0,0,0,0,70〜80%,1,0,13,138,13,0,0,0
80〜90%,0,0,15,96,0,0,0,4,80〜90%,0,1,18,42,41,2,3,11,80〜90%,0,0,13,10,7,4,1,2,80〜90%,4,0,0,14,0,0,0,12,80〜90%,10,0,0,1,0,0,0,2,80〜90%,9,0,1,16,6,4,3,2,80〜90%,4,0,9,89,51,0,0,0,80〜90%,1,0,0,3,31,17,0,9,80〜90%,5,0,0,7,31,15,0,8,80〜90%,5,0,14,29,26,5,0,8,80〜90%,5,0,34,13,0,0,0,0,80〜90%,2,0,33,59,0,0,0,0
90〜100%,0,0,0,0,0,0,0,3,90〜100%,0,2,9,7,5,3,1,8,90〜100%,0,0,19,0,0,0,0,12,90〜100%,0,0,0,1,0,0,0,15,90〜100%,21,0,0,17,0,0,0,0,90〜100%,21,0,0,0,0,3,1,0,90〜100%,21,0,0,0,0,0,0,0,90〜100%,0,0,0,0,4,21,0,17,90〜100%,0,0,0,17,22,6,0,0,90〜100%,0,0,9,11,9,6,0,0,90〜100%,0,0,0,20,0,0,0,0,90〜100%,0,0,0,0,0,0,0,0
関西 2026/4,0〜3時,3〜6時,6〜9時,9〜12時,12〜15時,15〜18時,18〜21時,21〜24時,関西 2026/5,0〜3時,3〜6時,6〜9時,9〜12時,12〜15時,15〜18時,18〜21時,21〜24時,関西 2026/6,0〜3時,3〜6時,6〜9時,9〜12時,12〜15時,15〜18時,18〜21時,21〜24時,関西 2026/7,0〜3時,3〜6時,6〜9時,9〜12時,12〜15時,15〜18時,18〜21時,21〜24時,関西 2026/8,0〜3時,3〜6時,6〜9時,9〜12時,12〜15時,15〜18時,18〜21時,21〜24時,関西 2026/9,0〜3時,3〜6時,6〜9時,9〜12時,12〜15時,15〜18時,18〜21時,21〜24時,関西 2026/10,0〜3時,3〜6時,6〜9時,9〜12時,12〜15時,15〜18時,18〜21時,21〜24時,関西 2026/11,0〜3時,3〜6時,6〜9時,9〜12時,12〜15時,15〜18時,18〜21時,21〜24時,関西 2026/12,0〜3時,3〜6時,6〜9時,9〜12時,12〜15時,15〜18時,18〜21時,21〜24時,関西 2027/1,0〜3時,3〜6時,6〜9時,9〜12時,12〜15時,15〜18時,18〜21時,21〜24時,関西 2027/2,0〜3時,3〜6時,6〜9時,9〜12時,12〜15時,15〜18時,18〜21時,21〜24時,関西 2027/3,0〜3時,3〜6時,6〜9時,9〜12時,12〜15時,15〜18時,18〜21時,21〜24時
0〜10%,0,0,0,0,0,0,9,0,0〜10%,0,0,0,0,0,0,10,0,0〜10%,0,8,10,13,15,18,11,0,0〜10%,0,0,0,0,0,0,12,0,0〜10%,0,0,0,0,0,0,12,0,0〜10%,0,0,0,0,0,15,12,0,0〜10%,0,1,2,19,25,15,12,0,0〜10%,0,0,0,0,0,12,11,0,0〜10%,0,0,0,0,0,10,12,0,0〜10%,0,0,0,0,0,8,13,0,0〜10%,0,0,0,0,0,11,13,0,0〜10%,0,0,0,0,0,16,13,0
10〜20%,0,0,0,0,0,0,5,0,10〜20%,0,0,0,0,0,0,1,0,10〜20%,0,8,9,10,11,12,7,0,10〜20%,0,12,32,51,69,42,11,0,10〜20%,0,10,10,11,12,12,13,0,10〜20%,0,0,0,0,0,25,12,0,10〜20%,0,0,7,37,52,25,10,0,10〜20%,0,0,0,0,0,24,0,0,10〜20%,0,0,0,0,0,1,0,2,10〜20%,0,0,0,0,0,24,0,2,10〜20%,0,0,0,0,0,36,0,2,10〜20%,0,0,0,0,0,11,10,4
20〜30%,0,0,0,0,24,22,4,3,20〜30%,0,0,0,0,13,8,3,0,20〜30%,0,8,7,7,6,25,1,0,20〜30%,0,6,46,82,245,1,4,0,20〜30%,0,5,16,26,62,33,5,6,20〜30%,0,0,0,0,0,72,7,4,20〜30%,0,0,13,54,79,39,1,8,20〜30%,0,0,0,0,0,29,0,6,20〜30%,0,0,0,0,251,48,0,2,20〜30%,0,0,0,0,137,40,0,2,20〜30%,0,0,0,0,0,23,0,6,20〜30%,0,0,0,0,218,9,7,4
30〜40%,0,7,31,54,78,12,5,5,30〜40%,0,7,42,77,112,147,0,5,30〜40%,0,9,28,48,217,145,6,8,30〜40%,0,5,58,111,164,92,1,0,30〜40%,2,1,21,41,205,136,4,6,30〜40%,1,0,0,0,0,118,1,4,30〜40%,0,0,18,71,107,83,0,2,30〜40%,0,0,0,0,0,12,0,10,30〜40%,0,0,0,195,456,27,0,5,30〜40%,0,0,0,53,202,56,0,2,30〜40%,0,0,14,122,226,77,0,9,30〜40%,0,0,33,73,426,132,12,2
40〜50%,0,1,30,154,545,135,6,13,40〜50%,0,7,80,153,505,340,0,15,40〜50%,0,5,177,348,519,265,6,6,40〜50%,0,32,28,98,169,239,11,0,40〜50%,6,5,55,120,424,200,2,6,40〜50%,4,0,30,94,219,220,4,5,40〜50%,0,0,24,89,134,124,0,1,40〜50%,0,0,0,0,130,132,0,11,40〜50%,0,0,0,395,205,16,0,16,40〜50%,0,0,42,69,267,72,0,11,40〜50%,0,0,51,160,299,75,0,11,40〜50%,0,0,57,136,586,135,6,12
50〜60%,0,5,29,254,749,184,7,9,50〜60%,0,6,146,152,710,82,0,10,50〜60%,0,8,162,211,515,312,7,5,50〜60%,0,28,230,295,373,310,12,8,50〜60%,6,4,89,228,323,222,5,5,50〜60%,5,0,36,135,275,240,0,5,50〜60%,2,0,29,207,239,233,0,8,50〜60%,2,0,0,160,100,78,0,11,50〜60%,0,0,33,221,133,76,0,11,50〜60%,3,0,52,85,333,88,0,19,50〜60%,2,0,88,199,371,90,0,9,50〜60%,0,0,80,200,712,188,0,9
60〜70%,1,5,45,368,674,333,0,8,60〜70%,5,6,58,359,865,340,0,17,60〜70%,5,11,156,354,510,358,8,19,60〜70%,8,20,51,399,577,380,10,19,60〜70%,7,4,124,293,447,325,2,10,60〜70%,5,0,44,193,435,167,0,8,60〜70%,2,0,35,233,403,239,0,4,60〜70%,0,0,32,99,268,25,0,8,60〜70%,0,0,64,158,301,9,0,9,60〜70%,2,0,48,211,382,132,0,17,60〜70%,2,0,146,220,569,304,0,13,60〜70%,2,0,113,162,582,356,0,12
70〜80%,6,8,217,482,565,365,0,13,70〜80%,3,7,221,566,1020,244,0,18,70〜80%,7,7,213,496,345,199,0,13,70〜80%,8,10,159,503,500,226,0,25,70〜80%,8,3,160,233,384,235,0,24,70〜80%,0,0,92,242,384,242,0,17,70〜80%,3,0,238,263,190,269,0,18,70〜80%,0,0,36,164,206,5,0,20,70〜80%,4,0,100,126,174,15,0,20,70〜80%,2,0,10,229,203,44,0,19,70〜80%,3,0,205,347,270,309,0,16,70〜80%,0,0,145,331,367,395,0,19
80〜90%,0,6,191,582,608,540,0,17,80〜90%,4,0,379,591,592,376,0,20,80〜90%,8,0,282,434,488,319,0,20,80〜90%,0,7,243,327,424,64,0,32,80〜90%,0,3,58,234,321,6,0,31,80〜90%,0,0,69,252,332,0,0,22,80〜90%,3,0,105,273,230,0,0,22,80〜90%,0,0,111,226,229,0,0,26,80〜90%,18,0,85,100,232,0,0,30,80〜90%,2,0,42,68,292,27,0,9,80〜90%,0,0,114,106,93,282,0,0,80〜90%,0,0,160,545,488,430,0,15
90〜100%,0,3,60,216,254,461,0,0,90〜100%,9,0,86,175,314,364,0,15,90〜100%,4,0,21,169,172,107,0,21,90〜100%,0,0,13,163,171,0,0,19,90〜100%,0,0,0,267,173,117,0,19,90〜100%,0,0,0,256,142,0,0,16,90〜100%,3,0,0,15,0,0,0,2,90〜100%,0,0,0,0,0,0,0,8,90〜100%,2,0,81,150,201,0,0,10,90〜100%,1,0,100,123,282,0,0,3,90〜100%,0,0,0,252,186,255,0,0,90〜100%,0,0,59,285,375,459,0,0
中国 2026/4,0〜3時,3〜6時,6〜9時,9〜12時,12〜15時,15〜18時,18〜21時,21〜24時,中国 2026/5,0〜3時,3〜6時,6〜9時,9〜12時,12〜15時,15〜18時,18〜21時,21〜24時,中国 2026/6,0〜3時,3〜6時,6〜9時,9〜12時,12〜15時,15〜18時,18〜21時,21〜24時,中国 2026/7,0〜3時,3〜6時,6〜9時,9〜12時,12〜15時,15〜18時,18〜21時,21〜24時,中国 2026/8,0〜3時,3〜6時,6〜9時,9〜12時,12〜15時,15〜18時,18〜21時,21〜24時,中国 2026/9,0〜3時,3〜6時,6〜9時,9〜12時,12〜15時,15〜18時,18〜21時,21〜24時,中国 2026/10,0〜3時,3〜6時,6〜9時,9〜12時,12〜15時,15〜18時,18〜21時,21〜24時,中国 2026/11,0〜3時,3〜6時,6〜9時,9〜12時,12〜15時,15〜18時,18〜21時,21〜24時,中国 2026/12,0〜3時,3〜6時,6〜9時,9〜12時,12〜15時,15〜18時,18〜21時,21〜24時,中国 2027/1,0〜3時,3〜6時,6〜9時,9〜12時,12〜15時,15〜18時,18〜21時,21〜24時,中国 2027/2,0〜3時,3〜6時,6〜9時,9〜12時,12〜15時,15〜18時,18〜21時,21〜24時,中国 2027/3,0〜3時,3〜6時,6〜9時,9〜12時,12〜15時,15〜18時,18〜21時,21〜24時
0〜10%,,,,,,,,,0〜10%,,,,,,,,,0〜10%,,,,,,,,,0〜10%,,,,,,,,,0〜10%,,,,,,,,,0〜10%,,,,,,,,,0〜10%,,,,,,,,,0〜10%,,,,,,,,,0〜10%,,,,,,,,,0〜10%,,,,,,,,,0〜10%,,,,,,,,,0〜10%,,,,,,,,
10〜20%,,,,,,,,,10〜20%,,,,,,,,,10〜20%,,,,,,,,,10〜20%,,,,,,,,,10〜20%,,,,,,,,,10〜20%,,,,,,,,,10〜20%,,,,,,,,,10〜20%,,,,,,,,,10〜20%,,,,,,,,,10〜20%,,,,,,,,,10〜20%,,,,,,,,,10〜20%,,,,,,,,
20〜30%,,,,,,,,,20〜30%,,,,,,,,,20〜30%,,,,,,,,,20〜30%,,,,,,,,,20〜30%,,,,,,,,,20〜30%,,,,,,,,,20〜30%,,,,,,,,,20〜30%,,,,,,,,,20〜30%,,,,,,,,,20〜30%,,,,,,,,,20〜30%,,,,,,,,,20〜30%,,,,,,,,
30〜40%,,,,,,,,,30〜40%,,,,,,,,,30〜40%,,,,,,,,,30〜40%,,,,,,,,,30〜40%,,,,,,,,,30〜40%,,,,,,,,,30〜40%,,,,,,,,,30〜40%,,,,,,,,,30〜40%,,,,,,,,,30〜40%,,,,,,,,,30〜40%,,,,,,,,,30〜40%,,,,,,,,
40〜50%,,,,,,,,,40〜50%,,,,,,,,,40〜50%,,,,,,,,,40〜50%,,,,,,,,,40〜50%,,,,,,,,,40〜50%,,,,,,,,,40〜50%,,,,,,,,,40〜50%,,,,,,,,,40〜50%,,,,,,,,,40〜50%,,,,,,,,,40〜50%,,,,,,,,,40〜50%,,,,,,,,
50〜60%,,,,,,,,,50〜60%,,,,,,,,,50〜60%,,,,,,,,,50〜60%,,,,,,,,,50〜60%,,,,,,,,,50〜60%,,,,,,,,,50〜60%,,,,,,,,,50〜60%,,,,,,,,,50〜60%,,,,,,,,,50〜60%,,,,,,,,,50〜60%,,,,,,,,,50〜60%,,,,,,,,
60〜70%,,,,,,,,,60〜70%,,,,,,,,,60〜70%,,,,,,,,,60〜70%,,,,,,,,,60〜70%,,,,,,,,,60〜70%,,,,,,,,,60〜70%,,,,,,,,,60〜70%,,,,,,,,,60〜70%,,,,,,,,,60〜70%,,,,,,,,,60〜70%,,,,,,,,,60〜70%,,,,,,,,
70〜80%,,,,,,,,,70〜80%,,,,,,,,,70〜80%,,,,,,,,,70〜80%,,,,,,,,,70〜80%,,,,,,,,,70〜80%,,,,,,,,,70〜80%,,,,,,,,,70〜80%,,,,,,,,,70〜80%,,,,,,,,,70〜80%,,,,,,,,,70〜80%,,,,,,,,,70〜80%,,,,,,,,
80〜90%,,,,,,,,,80〜90%,,,,,,,,,80〜90%,,,,,,,,,80〜90%,,,,,,,,,80〜90%,,,,,,,,,80〜90%,,,,,,,,,80〜90%,,,,,,,,,80〜90%,,,,,,,,,80〜90%,,,,,,,,,80〜90%,,,,,,,,,80〜90%,,,,,,,,,80〜90%,,,,,,,,
90〜100%,,,,,,,,,90〜100%,,,,,,,,,90〜100%,,,,,,,,,90〜100%,,,,,,,,,90〜100%,,,,,,,,,90〜100%,,,,,,,,,90〜100%,,,,,,,,,90〜100%,,,,,,,,,90〜100%,,,,,,,,,90〜100%,,,,,,,,,90〜100%,,,,,,,,,90〜100%,,,,,,,,
四国 2026/4,0〜3時,3〜6時,6〜9時,9〜12時,12〜15時,15〜18時,18〜21時,21〜24時,四国 2026/5,0〜3時,3〜6時,6〜9時,9〜12時,12〜15時,15〜18時,18〜21時,21〜24時,四国 2026/6,0〜3時,3〜6時,6〜9時,9〜12時,12〜15時,15〜18時,18〜21時,21〜24時,四国 2026/7,0〜3時,3〜6時,6〜9時,9〜12時,12〜15時,15〜18時,18〜21時,21〜24時,四国 2026/8,0〜3時,3〜6時,6〜9時,9〜12時,12〜15時,15〜18時,18〜21時,21〜24時,四国 2026/9,0〜3時,3〜6時,6〜9時,9〜12時,12〜15時,15〜18時,18〜21時,21〜24時,四国 2026/10,0〜3時,3〜6時,6〜9時,9〜12時,12〜15時,15〜18時,18〜21時,21〜24時,四国 2026/11,0〜3時,3〜6時,6〜9時,9〜12時,12〜15時,15〜18時,18〜21時,21〜24時,四国 2026/12,0〜3時,3〜6時,6〜9時,9〜12時,12〜15時,15〜18時,18〜21時,21〜24時,四国 2027/1,0〜3時,3〜6時,6〜9時,9〜12時,12〜15時,15〜18時,18〜21時,21〜24時,四国 2027/2,0〜3時,3〜6時,6〜9時,9〜12時,12〜15時,15〜18時,18〜21時,21〜24時,四国 2027/3,0〜3時,3〜6時,6〜9時,9〜12時,12〜15時,15〜18時,18〜21時,21〜24時
0〜10%,,,,,,,,,0〜10%,,,,,,,,,0〜10%,,,,,,,,,0〜10%,,,,,,,,,0〜10%,,,,,,,,,0〜10%,,,,,,,,,0〜10%,,,,,,,,,0〜10%,,,,,,,,,0〜10%,,,,,,,,,0〜10%,,,,,,,,,0〜10%,,,,,,,,,0〜10%,,,,,,,,
10〜20%,,,,,,,,,10〜20%,,,,,,,,,10〜20%,,,,,,,,,10〜20%,,,,,,,,,10〜20%,,,,,,,,,10〜20%,,,,,,,,,10〜20%,,,,,,,,,10〜20%,,,,,,,,,10〜20%,,,,,,,,,10〜20%,,,,,,,,,10〜20%,,,,,,,,,10〜20%,,,,,,,,
20〜30%,,,,,,,,,20〜30%,,,,,,,,,20〜30%,,,,,,,,,20〜30%,,,,,,,,,20〜30%,,,,,,,,,20〜30%,,,,,,,,,20〜30%,,,,,,,,,20〜30%,,,,,,,,,20〜30%,,,,,,,,,20〜30%,,,,,,,,,20〜30%,,,,,,,,,20〜30%,,,,,,,,
30〜40%,,,,,,,,,30〜40%,,,,,,,,,30〜40%,,,,,,,,,30〜40%,,,,,,,,,30〜40%,,,,,,,,,30〜40%,,,,,,,,,30〜40%,,,,,,,,,30〜40%,,,,,,,,,30〜40%,,,,,,,,,30〜40%,,,,,,,,,30〜40%,,,,,,,,,30〜40%,,,,,,,,
40〜50%,,,,,,,,,40〜50%,,,,,,,,,40〜50%,,,,,,,,,40〜50%,,,,,,,,,40〜50%,,,,,,,,,40〜50%,,,,,,,,,40〜50%,,,,,,,,,40〜50%,,,,,,,,,40〜50%,,,,,,,,,40〜50%,,,,,,,,,40〜50%,,,,,,,,,40〜50%,,,,,,,,
50〜60%,,,,,,,,,50〜60%,,,,,,,,,50〜60%,,,,,,,,,50〜60%,,,,,,,,,50〜60%,,,,,,,,,50〜60%,,,,,,,,,50〜60%,,,,,,,,,50〜60%,,,,,,,,,50〜60%,,,,,,,,,50〜60%,,,,,,,,,50〜60%,,,,,,,,,50〜60%,,,,,,,,
60〜70%,,,,,,,,,60〜70%,,,,,,,,,60〜70%,,,,,,,,,60〜70%,,,,,,,,,60〜70%,,,,,,,,,60〜70%,,,,,,,,,60〜70%,,,,,,,,,60〜70%,,,,,,,,,60〜70%,,,,,,,,,60〜70%,,,,,,,,,60〜70%,,,,,,,,,60〜70%,,,,,,,,
70〜80%,,,,,,,,,70〜80%,,,,,,,,,70〜80%,,,,,,,,,70〜80%,,,,,,,,,70〜80%,,,,,,,,,70〜80%,,,,,,,,,70〜80%,,,,,,,,,70〜80%,,,,,,,,,70〜80%,,,,,,,,,70〜80%,,,,,,,,,70〜80%,,,,,,,,,70〜80%,,,,,,,,
80〜90%,,,,,,,,,80〜90%,,,,,,,,,80〜90%,,,,,,,,,80〜90%,,,,,,,,,80〜90%,,,,,,,,,80〜90%,,,,,,,,,80〜90%,,,,,,,,,80〜90%,,,,,,,,,80〜90%,,,,,,,,,80〜90%,,,,,,,,,80〜90%,,,,,,,,,80〜90%,,,,,,,,
90〜100%,,,,,,,,,90〜100%,,,,,,,,,90〜100%,,,,,,,,,90〜100%,,,,,,,,,90〜100%,,,,,,,,,90〜100%,,,,,,,,,90〜100%,,,,,,,,,90〜100%,,,,,,,,,90〜100%,,,,,,,,,90〜100%,,,,,,,,,90〜100%,,,,,,,,,90〜100%,,,,,,,,
九州 2026/4,0〜3時,3〜6時,6〜9時,9〜12時,12〜15時,15〜18時,18〜21時,21〜24時,九州 2026/5,0〜3時,3〜6時,6〜9時,9〜12時,12〜15時,15〜18時,18〜21時,21〜24時,九州 2026/6,0〜3時,3〜6時,6〜9時,9〜12時,12〜15時,15〜18時,18〜21時,21〜24時,九州 2026/7,0〜3時,3〜6時,6〜9時,9〜12時,12〜15時,15〜18時,18〜21時,21〜24時,九州 2026/8,0〜3時,3〜6時,6〜9時,9〜12時,12〜15時,15〜18時,18〜21時,21〜24時,九州 2026/9,0〜3時,3〜6時,6〜9時,9〜12時,12〜15時,15〜18時,18〜21時,21〜24時,九州 2026/10,0〜3時,3〜6時,6〜9時,9〜12時,12〜15時,15〜18時,18〜21時,21〜24時,九州 2026/11,0〜3時,3〜6時,6〜9時,9〜12時,12〜15時,15〜18時,18〜21時,21〜24時,九州 2026/12,0〜3時,3〜6時,6〜9時,9〜12時,12〜15時,15〜18時,18〜21時,21〜24時,九州 2027/1,0〜3時,3〜6時,6〜9時,9〜12時,12〜15時,15〜18時,18〜21時,21〜24時,九州 2027/2,0〜3時,3〜6時,6〜9時,9〜12時,12〜15時,15〜18時,18〜21時,21〜24時,九州 2027/3,0〜3時,3〜6時,6〜9時,9〜12時,12〜15時,15〜18時,18〜21時,21〜24時
0〜10%,,,,,,,,,0〜10%,,,,,,,,,0〜10%,,,,,,,,,0〜10%,,,,,,,,,0〜10%,,,,,,,,,0〜10%,,,,,,,,,0〜10%,,,,,,,,,0〜10%,,,,,,,,,0〜10%,,,,,,,,,0〜10%,,,,,,,,,0〜10%,,,,,,,,,0〜10%,,,,,,,,
10〜20%,,,,,,,,,10〜20%,,,,,,,,,10〜20%,,,,,,,,,10〜20%,,,,,,,,,10〜20%,,,,,,,,,10〜20%,,,,,,,,,10〜20%,,,,,,,,,10〜20%,,,,,,,,,10〜20%,,,,,,,,,10〜20%,,,,,,,,,10〜20%,,,,,,,,,10〜20%,,,,,,,,
20〜30%,,,,,,,,,20〜30%,,,,,,,,,20〜30%,,,,,,,,,20〜30%,,,,,,,,,20〜30%,,,,,,,,,20〜30%,,,,,,,,,20〜30%,,,,,,,,,20〜30%,,,,,,,,,20〜30%,,,,,,,,,20〜30%,,,,,,,,,20〜30%,,,,,,,,,20〜30%,,,,,,,,
30〜40%,,,,,,,,,30〜40%,,,,,,,,,30〜40%,,,,,,,,,30〜40%,,,,,,,,,30〜40%,,,,,,,,,30〜40%,,,,,,,,,30〜40%,,,,,,,,,30〜40%,,,,,,,,,30〜40%,,,,,,,,,30〜40%,,,,,,,,,30〜40%,,,,,,,,,30〜40%,,,,,,,,
40〜50%,,,,,,,,,40〜50%,,,,,,,,,40〜50%,,,,,,,,,40〜50%,,,,,,,,,40〜50%,,,,,,,,,40〜50%,,,,,,,,,40〜50%,,,,,,,,,40〜50%,,,,,,,,,40〜50%,,,,,,,,,40〜50%,,,,,,,,,40〜50%,,,,,,,,,40〜50%,,,,,,,,
50〜60%,,,,,,,,,50〜60%,,,,,,,,,50〜60%,,,,,,,,,50〜60%,,,,,,,,,50〜60%,,,,,,,,,50〜60%,,,,,,,,,50〜60%,,,,,,,,,50〜60%,,,,,,,,,50〜60%,,,,,,,,,50〜60%,,,,,,,,,50〜60%,,,,,,,,,50〜60%,,,,,,,,
60〜70%,,,,,,,,,60〜70%,,,,,,,,,60〜70%,,,,,,,,,60〜70%,,,,,,,,,60〜70%,,,,,,,,,60〜70%,,,,,,,,,60〜70%,,,,,,,,,60〜70%,,,,,,,,,60〜70%,,,,,,,,,60〜70%,,,,,,,,,60〜70%,,,,,,,,,60〜70%,,,,,,,,
70〜80%,,,,,,,,,70〜80%,,,,,,,,,70〜80%,,,,,,,,,70〜80%,,,,,,,,,70〜80%,,,,,,,,,70〜80%,,,,,,,,,70〜80%,,,,,,,,,70〜80%,,,,,,,,,70〜80%,,,,,,,,,70〜80%,,,,,,,,,70〜80%,,,,,,,,,70〜80%,,,,,,,,
80〜90%,,,,,,,,,80〜90%,,,,,,,,,80〜90%,,,,,,,,,80〜90%,,,,,,,,,80〜90%,,,,,,,,,80〜90%,,,,,,,,,80〜90%,,,,,,,,,80〜90%,,,,,,,,,80〜90%,,,,,,,,,80〜90%,,,,,,,,,80〜90%,,,,,,,,,80〜90%,,,,,,,,
90〜100%,,,,,,,,,90〜100%,,,,,,,,,90〜100%,,,,,,,,,90〜100%,,,,,,,,,90〜100%,,,,,,,,,90〜100%,,,,,,,,,90〜100%,,,,,,,,,90〜100%,,,,,,,,,90〜100%,,,,,,,,,90〜100%,,,,,,,,,90〜100%,,,,,,,,,90〜100%,,,,,,,,
