3-2_(1σ-3σ)1σRequirementTable_3σReliableCap_[MW],,,,,,,,,,,,,,,,,,,,,,,,,,,,,,,,,,,,,,,,,,,,,,,,,,,,,,,,,,,,,,,,,,,,,,,,,,,,,,,,,,,,,,,,,,,,,,,,,,,,,,,,,,,
北海道 2026/4,0〜3時,3〜6時,6〜9時,9〜12時,12〜15時,15〜18時,18〜21時,21〜24時,北海道 2026/5,0〜3時,3〜6時,6〜9時,9〜12時,12〜15時,15〜18時,18〜21時,21〜24時,北海道 2026/6,0〜3時,3〜6時,6〜9時,9〜12時,12〜15時,15〜18時,18〜21時,21〜24時,北海道 2026/7,0〜3時,3〜6時,6〜9時,9〜12時,12〜15時,15〜18時,18〜21時,21〜24時,北海道 2026/8,0〜3時,3〜6時,6〜9時,9〜12時,12〜15時,15〜18時,18〜21時,21〜24時,北海道 2026/9,0〜3時,3〜6時,6〜9時,9〜12時,12〜15時,15〜18時,18〜21時,21〜24時,北海道 2026/10,0〜3時,3〜6時,6〜9時,9〜12時,12〜15時,15〜18時,18〜21時,21〜24時,北海道 2026/11,0〜3時,3〜6時,6〜9時,9〜12時,12〜15時,15〜18時,18〜21時,21〜24時,北海道 2026/12,0〜3時,3〜6時,6〜9時,9〜12時,12〜15時,15〜18時,18〜21時,21〜24時,北海道 2027/1,0〜3時,3〜6時,6〜9時,9〜12時,12〜15時,15〜18時,18〜21時,21〜24時,北海道 2027/2,0〜3時,3〜6時,6〜9時,9〜12時,12〜15時,15〜18時,18〜21時,21〜24時,北海道 2027/3,0〜3時,3〜6時,6〜9時,9〜12時,12〜15時,15〜18時,18〜21時,21〜24時
0〜10%,,,,,,,,,0〜10%,,,,,,,,,0〜10%,,,,,,,,,0〜10%,,,,,,,,,0〜10%,,,,,,,,,0〜10%,,,,,,,,,0〜10%,,,,,,,,,0〜10%,,,,,,,,,0〜10%,,,,,,,,,0〜10%,,,,,,,,,0〜10%,,,,,,,,,0〜10%,,,,,,,,
10〜20%,,,,,,,,,10〜20%,,,,,,,,,10〜20%,,,,,,,,,10〜20%,,,,,,,,,10〜20%,,,,,,,,,10〜20%,,,,,,,,,10〜20%,,,,,,,,,10〜20%,,,,,,,,,10〜20%,,,,,,,,,10〜20%,,,,,,,,,10〜20%,,,,,,,,,10〜20%,,,,,,,,
20〜30%,,,,,,,,,20〜30%,,,,,,,,,20〜30%,,,,,,,,,20〜30%,,,,,,,,,20〜30%,,,,,,,,,20〜30%,,,,,,,,,20〜30%,,,,,,,,,20〜30%,,,,,,,,,20〜30%,,,,,,,,,20〜30%,,,,,,,,,20〜30%,,,,,,,,,20〜30%,,,,,,,,
30〜40%,,,,,,,,,30〜40%,,,,,,,,,30〜40%,,,,,,,,,30〜40%,,,,,,,,,30〜40%,,,,,,,,,30〜40%,,,,,,,,,30〜40%,,,,,,,,,30〜40%,,,,,,,,,30〜40%,,,,,,,,,30〜40%,,,,,,,,,30〜40%,,,,,,,,,30〜40%,,,,,,,,
40〜50%,,,,,,,,,40〜50%,,,,,,,,,40〜50%,,,,,,,,,40〜50%,,,,,,,,,40〜50%,,,,,,,,,40〜50%,,,,,,,,,40〜50%,,,,,,,,,40〜50%,,,,,,,,,40〜50%,,,,,,,,,40〜50%,,,,,,,,,40〜50%,,,,,,,,,40〜50%,,,,,,,,
50〜60%,,,,,,,,,50〜60%,,,,,,,,,50〜60%,,,,,,,,,50〜60%,,,,,,,,,50〜60%,,,,,,,,,50〜60%,,,,,,,,,50〜60%,,,,,,,,,50〜60%,,,,,,,,,50〜60%,,,,,,,,,50〜60%,,,,,,,,,50〜60%,,,,,,,,,50〜60%,,,,,,,,
60〜70%,,,,,,,,,60〜70%,,,,,,,,,60〜70%,,,,,,,,,60〜70%,,,,,,,,,60〜70%,,,,,,,,,60〜70%,,,,,,,,,60〜70%,,,,,,,,,60〜70%,,,,,,,,,60〜70%,,,,,,,,,60〜70%,,,,,,,,,60〜70%,,,,,,,,,60〜70%,,,,,,,,
70〜80%,,,,,,,,,70〜80%,,,,,,,,,70〜80%,,,,,,,,,70〜80%,,,,,,,,,70〜80%,,,,,,,,,70〜80%,,,,,,,,,70〜80%,,,,,,,,,70〜80%,,,,,,,,,70〜80%,,,,,,,,,70〜80%,,,,,,,,,70〜80%,,,,,,,,,70〜80%,,,,,,,,
80〜90%,,,,,,,,,80〜90%,,,,,,,,,80〜90%,,,,,,,,,80〜90%,,,,,,,,,80〜90%,,,,,,,,,80〜90%,,,,,,,,,80〜90%,,,,,,,,,80〜90%,,,,,,,,,80〜90%,,,,,,,,,80〜90%,,,,,,,,,80〜90%,,,,,,,,,80〜90%,,,,,,,,
90〜100%,,,,,,,,,90〜100%,,,,,,,,,90〜100%,,,,,,,,,90〜100%,,,,,,,,,90〜100%,,,,,,,,,90〜100%,,,,,,,,,90〜100%,,,,,,,,,90〜100%,,,,,,,,,90〜100%,,,,,,,,,90〜100%,,,,,,,,,90〜100%,,,,,,,,,90〜100%,,,,,,,,
東北 2026/4,0〜3時,3〜6時,6〜9時,9〜12時,12〜15時,15〜18時,18〜21時,21〜24時,東北 2026/5,0〜3時,3〜6時,6〜9時,9〜12時,12〜15時,15〜18時,18〜21時,21〜24時,東北 2026/6,0〜3時,3〜6時,6〜9時,9〜12時,12〜15時,15〜18時,18〜21時,21〜24時,東北 2026/7,0〜3時,3〜6時,6〜9時,9〜12時,12〜15時,15〜18時,18〜21時,21〜24時,東北 2026/8,0〜3時,3〜6時,6〜9時,9〜12時,12〜15時,15〜18時,18〜21時,21〜24時,東北 2026/9,0〜3時,3〜6時,6〜9時,9〜12時,12〜15時,15〜18時,18〜21時,21〜24時,東北 2026/10,0〜3時,3〜6時,6〜9時,9〜12時,12〜15時,15〜18時,18〜21時,21〜24時,東北 2026/11,0〜3時,3〜6時,6〜9時,9〜12時,12〜15時,15〜18時,18〜21時,21〜24時,東北 2026/12,0〜3時,3〜6時,6〜9時,9〜12時,12〜15時,15〜18時,18〜21時,21〜24時,東北 2027/1,0〜3時,3〜6時,6〜9時,9〜12時,12〜15時,15〜18時,18〜21時,21〜24時,東北 2027/2,0〜3時,3〜6時,6〜9時,9〜12時,12〜15時,15〜18時,18〜21時,21〜24時,東北 2027/3,0〜3時,3〜6時,6〜9時,9〜12時,12〜15時,15〜18時,18〜21時,21〜24時
0〜10%,,,,,,,,,0〜10%,,,,,,,,,0〜10%,,,,,,,,,0〜10%,,,,,,,,,0〜10%,,,,,,,,,0〜10%,,,,,,,,,0〜10%,,,,,,,,,0〜10%,,,,,,,,,0〜10%,,,,,,,,,0〜10%,,,,,,,,,0〜10%,,,,,,,,,0〜10%,,,,,,,,
10〜20%,,,,,,,,,10〜20%,,,,,,,,,10〜20%,,,,,,,,,10〜20%,,,,,,,,,10〜20%,,,,,,,,,10〜20%,,,,,,,,,10〜20%,,,,,,,,,10〜20%,,,,,,,,,10〜20%,,,,,,,,,10〜20%,,,,,,,,,10〜20%,,,,,,,,,10〜20%,,,,,,,,
20〜30%,,,,,,,,,20〜30%,,,,,,,,,20〜30%,,,,,,,,,20〜30%,,,,,,,,,20〜30%,,,,,,,,,20〜30%,,,,,,,,,20〜30%,,,,,,,,,20〜30%,,,,,,,,,20〜30%,,,,,,,,,20〜30%,,,,,,,,,20〜30%,,,,,,,,,20〜30%,,,,,,,,
30〜40%,,,,,,,,,30〜40%,,,,,,,,,30〜40%,,,,,,,,,30〜40%,,,,,,,,,30〜40%,,,,,,,,,30〜40%,,,,,,,,,30〜40%,,,,,,,,,30〜40%,,,,,,,,,30〜40%,,,,,,,,,30〜40%,,,,,,,,,30〜40%,,,,,,,,,30〜40%,,,,,,,,
40〜50%,,,,,,,,,40〜50%,,,,,,,,,40〜50%,,,,,,,,,40〜50%,,,,,,,,,40〜50%,,,,,,,,,40〜50%,,,,,,,,,40〜50%,,,,,,,,,40〜50%,,,,,,,,,40〜50%,,,,,,,,,40〜50%,,,,,,,,,40〜50%,,,,,,,,,40〜50%,,,,,,,,
50〜60%,,,,,,,,,50〜60%,,,,,,,,,50〜60%,,,,,,,,,50〜60%,,,,,,,,,50〜60%,,,,,,,,,50〜60%,,,,,,,,,50〜60%,,,,,,,,,50〜60%,,,,,,,,,50〜60%,,,,,,,,,50〜60%,,,,,,,,,50〜60%,,,,,,,,,50〜60%,,,,,,,,
60〜70%,,,,,,,,,60〜70%,,,,,,,,,60〜70%,,,,,,,,,60〜70%,,,,,,,,,60〜70%,,,,,,,,,60〜70%,,,,,,,,,60〜70%,,,,,,,,,60〜70%,,,,,,,,,60〜70%,,,,,,,,,60〜70%,,,,,,,,,60〜70%,,,,,,,,,60〜70%,,,,,,,,
70〜80%,,,,,,,,,70〜80%,,,,,,,,,70〜80%,,,,,,,,,70〜80%,,,,,,,,,70〜80%,,,,,,,,,70〜80%,,,,,,,,,70〜80%,,,,,,,,,70〜80%,,,,,,,,,70〜80%,,,,,,,,,70〜80%,,,,,,,,,70〜80%,,,,,,,,,70〜80%,,,,,,,,
80〜90%,,,,,,,,,80〜90%,,,,,,,,,80〜90%,,,,,,,,,80〜90%,,,,,,,,,80〜90%,,,,,,,,,80〜90%,,,,,,,,,80〜90%,,,,,,,,,80〜90%,,,,,,,,,80〜90%,,,,,,,,,80〜90%,,,,,,,,,80〜90%,,,,,,,,,80〜90%,,,,,,,,
90〜100%,,,,,,,,,90〜100%,,,,,,,,,90〜100%,,,,,,,,,90〜100%,,,,,,,,,90〜100%,,,,,,,,,90〜100%,,,,,,,,,90〜100%,,,,,,,,,90〜100%,,,,,,,,,90〜100%,,,,,,,,,90〜100%,,,,,,,,,90〜100%,,,,,,,,,90〜100%,,,,,,,,
東京 2026/4,0〜3時,3〜6時,6〜9時,9〜12時,12〜15時,15〜18時,18〜21時,21〜24時,東京 2026/5,0〜3時,3〜6時,6〜9時,9〜12時,12〜15時,15〜18時,18〜21時,21〜24時,東京 2026/6,0〜3時,3〜6時,6〜9時,9〜12時,12〜15時,15〜18時,18〜21時,21〜24時,東京 2026/7,0〜3時,3〜6時,6〜9時,9〜12時,12〜15時,15〜18時,18〜21時,21〜24時,東京 2026/8,0〜3時,3〜6時,6〜9時,9〜12時,12〜15時,15〜18時,18〜21時,21〜24時,東京 2026/9,0〜3時,3〜6時,6〜9時,9〜12時,12〜15時,15〜18時,18〜21時,21〜24時,東京 2026/10,0〜3時,3〜6時,6〜9時,9〜12時,12〜15時,15〜18時,18〜21時,21〜24時,東京 2026/11,0〜3時,3〜6時,6〜9時,9〜12時,12〜15時,15〜18時,18〜21時,21〜24時,東京 2026/12,0〜3時,3〜6時,6〜9時,9〜12時,12〜15時,15〜18時,18〜21時,21〜24時,東京 2027/1,0〜3時,3〜6時,6〜9時,9〜12時,12〜15時,15〜18時,18〜21時,21〜24時,東京 2027/2,0〜3時,3〜6時,6〜9時,9〜12時,12〜15時,15〜18時,18〜21時,21〜24時,東京 2027/3,0〜3時,3〜6時,6〜9時,9〜12時,12〜15時,15〜18時,18〜21時,21〜24時
0〜10%,0,0,0,0,0,0,0,0,0〜10%,0,0,0,0,0,0,0,0,0〜10%,0,0,0,0,162,0,0,0,0〜10%,0,0,0,237,232,75,0,0,0〜10%,0,0,0,0,0,0,0,0,0〜10%,0,0,0,0,129,0,0,0,0〜10%,0,0,0,0,0,0,0,0,0〜10%,0,0,0,0,0,0,0,0,0〜10%,0,0,0,0,0,0,0,0,0〜10%,0,0,0,143,219,0,0,0,0〜10%,0,0,0,0,0,0,0,0,0〜10%,0,0,0,0,0,0,0,0
10〜20%,0,0,0,0,116,3,3,0,10〜20%,0,0,0,0,57,31,5,0,10〜20%,0,0,0,0,90,47,5,0,10〜20%,0,0,56,194,79,7,3,0,10〜20%,0,0,370,567,495,31,6,0,10〜20%,0,0,0,0,285,40,6,0,10〜20%,0,0,0,0,199,0,0,0,10〜20%,0,0,0,0,75,0,0,0,10〜20%,0,0,0,0,0,0,0,0,10〜20%,0,0,0,679,608,181,0,0,10〜20%,0,0,1,300,380,0,0,0,10〜20%,0,0,0,0,0,0,0,0
20〜30%,0,0,0,589,303,157,6,0,20〜30%,0,0,95,568,388,19,14,0,20〜30%,0,0,0,296,207,117,27,0,20〜30%,0,0,0,285,200,114,29,0,20〜30%,0,0,0,724,654,16,3,0,20〜30%,0,0,0,0,326,45,0,0,20〜30%,0,13,121,228,336,0,0,0,20〜30%,0,0,0,0,347,0,0,0,20〜30%,0,0,0,0,126,46,0,0,20〜30%,0,0,0,1288,1145,64,0,0,20〜30%,0,0,60,486,606,32,0,0,20〜30%,0,0,0,464,0,0,0,0
30〜40%,0,0,0,822,490,252,8,0,30〜40%,0,0,146,701,578,293,6,0,30〜40%,0,0,142,565,278,166,50,0,30〜40%,0,0,0,561,239,109,52,0,30〜40%,0,0,0,607,414,70,53,0,30〜40%,0,0,0,0,296,149,0,0,30〜40%,0,20,93,174,256,125,0,0,30〜40%,0,0,0,0,240,250,0,0,30〜40%,0,0,0,0,192,290,0,0,30〜40%,0,0,0,137,336,269,0,0,30〜40%,0,0,0,919,605,212,0,0,30〜40%,0,0,0,934,490,123,0,0
40〜50%,0,0,0,891,672,348,10,0,40〜50%,0,0,0,697,209,145,64,0,40〜50%,0,0,0,766,350,215,64,0,40〜50%,0,0,0,806,279,104,66,0,40〜50%,0,0,0,490,416,207,103,0,40〜50%,0,0,0,0,0,0,0,0,40〜50%,0,27,65,120,176,90,0,0,40〜50%,0,0,0,171,134,44,0,0,40〜50%,0,0,0,0,177,237,0,0,40〜50%,0,0,0,122,222,93,0,0,40〜50%,0,0,0,1064,835,391,0,0,40〜50%,0,0,0,520,524,69,0,0
50〜60%,0,0,0,62,412,34,9,0,50〜60%,0,0,0,160,565,354,143,0,50〜60%,0,0,0,688,536,232,56,0,50〜60%,0,0,0,575,312,378,45,0,50〜60%,0,0,0,0,111,168,153,0,50〜60%,0,0,0,0,0,0,0,0,50〜60%,0,28,37,66,96,54,0,0,50〜60%,0,0,0,206,143,190,0,0,50〜60%,0,0,0,0,138,271,0,0,50〜60%,0,0,0,300,608,94,0,0,50〜60%,0,0,0,1177,1209,1010,0,0,50〜60%,0,0,0,912,655,343,0,0
60〜70%,0,0,0,42,151,382,15,0,60〜70%,0,0,0,0,439,141,43,0,60〜70%,0,0,0,562,351,207,172,0,60〜70%,0,0,0,212,340,190,176,0,60〜70%,0,0,0,0,377,129,203,0,60〜70%,0,0,0,0,0,0,0,0,60〜70%,0,6,9,13,16,19,0,0,60〜70%,0,0,0,104,152,200,0,0,60〜70%,0,0,0,0,98,162,0,0,60〜70%,0,0,0,59,1429,95,0,0,60〜70%,0,0,0,1348,1628,1630,0,0,60〜70%,0,0,0,598,787,616,0,0
70〜80%,0,16,19,23,26,29,21,0,70〜80%,0,0,0,0,314,129,36,0,70〜80%,0,0,0,436,166,137,108,0,70〜80%,0,0,0,234,368,121,0,0,70〜80%,0,0,0,0,643,188,0,0,70〜80%,0,0,0,0,0,0,0,0,70〜80%,0,9,60,112,163,217,0,0,70〜80%,0,0,0,152,140,128,0,0,70〜80%,0,0,0,0,0,18,0,0,70〜80%,0,0,0,0,0,77,0,0,70〜80%,0,0,0,1135,1450,1146,0,0,70〜80%,0,7,63,285,398,511,0,0
80〜90%,0,28,34,41,47,54,27,0,80〜90%,0,0,0,0,189,117,29,0,80〜90%,0,0,0,311,232,153,29,0,80〜90%,0,0,0,256,191,125,0,0,80〜90%,0,0,0,0,66,9,0,0,80〜90%,0,13,0,0,0,0,0,0,80〜90%,0,11,111,211,311,282,0,0,80〜90%,0,0,0,201,128,56,0,0,80〜90%,0,0,0,0,0,58,0,0,80〜90%,0,0,0,0,0,58,0,0,80〜90%,0,0,0,0,201,24,0,0,80〜90%,0,13,96,175,235,295,0,0
90〜100%,0,39,49,59,69,79,0,0,90〜100%,0,0,0,0,64,105,0,0,90〜100%,0,0,0,0,1,0,0,0,90〜100%,0,0,0,0,0,0,0,0,90〜100%,0,0,0,0,0,0,0,0,90〜100%,0,34,0,0,0,0,0,0,90〜100%,0,0,0,0,0,201,0,0,90〜100%,0,0,0,0,0,193,0,0,90〜100%,0,0,0,0,0,206,0,0,90〜100%,0,0,0,0,0,206,0,0,90〜100%,0,0,0,0,79,18,0,0,90〜100%,0,50,45,65,72,80,0,0
中部 2026/4,0〜3時,3〜6時,6〜9時,9〜12時,12〜15時,15〜18時,18〜21時,21〜24時,中部 2026/5,0〜3時,3〜6時,6〜9時,9〜12時,12〜15時,15〜18時,18〜21時,21〜24時,中部 2026/6,0〜3時,3〜6時,6〜9時,9〜12時,12〜15時,15〜18時,18〜21時,21〜24時,中部 2026/7,0〜3時,3〜6時,6〜9時,9〜12時,12〜15時,15〜18時,18〜21時,21〜24時,中部 2026/8,0〜3時,3〜6時,6〜9時,9〜12時,12〜15時,15〜18時,18〜21時,21〜24時,中部 2026/9,0〜3時,3〜6時,6〜9時,9〜12時,12〜15時,15〜18時,18〜21時,21〜24時,中部 2026/10,0〜3時,3〜6時,6〜9時,9〜12時,12〜15時,15〜18時,18〜21時,21〜24時,中部 2026/11,0〜3時,3〜6時,6〜9時,9〜12時,12〜15時,15〜18時,18〜21時,21〜24時,中部 2026/12,0〜3時,3〜6時,6〜9時,9〜12時,12〜15時,15〜18時,18〜21時,21〜24時,中部 2027/1,0〜3時,3〜6時,6〜9時,9〜12時,12〜15時,15〜18時,18〜21時,21〜24時,中部 2027/2,0〜3時,3〜6時,6〜9時,9〜12時,12〜15時,15〜18時,18〜21時,21〜24時,中部 2027/3,0〜3時,3〜6時,6〜9時,9〜12時,12〜15時,15〜18時,18〜21時,21〜24時
0〜10%,0,0,0,0,185,0,0,0,0〜10%,0,0,0,36,301,0,0,0,0〜10%,0,0,0,345,319,0,0,0,0〜10%,0,0,57,354,451,0,0,0,0〜10%,0,0,0,0,0,0,0,0,0〜10%,0,0,0,0,0,0,0,0,0〜10%,0,0,0,158,0,0,0,0,0〜10%,0,0,0,159,0,0,0,0,0〜10%,0,0,0,153,0,0,0,0,0〜10%,0,0,0,0,0,0,0,0,0〜10%,0,0,0,0,0,0,0,0,0〜10%,0,0,0,0,186,0,0,0
10〜20%,0,0,0,0,218,0,0,0,10〜20%,0,0,0,138,315,0,0,0,10〜20%,0,0,0,268,350,0,0,0,10〜20%,0,0,174,278,383,0,0,0,10〜20%,0,0,0,189,149,0,0,0,10〜20%,0,0,56,104,152,0,0,0,10〜20%,0,29,73,110,147,0,0,0,10〜20%,0,0,0,155,147,0,0,0,10〜20%,0,0,0,126,210,0,0,0,10〜20%,0,0,0,0,0,133,0,0,10〜20%,0,0,0,360,234,109,0,0,10〜20%,0,0,0,41,193,0,0,0
20〜30%,0,0,0,65,300,0,0,0,20〜30%,0,6,123,239,195,0,0,0,20〜30%,0,0,94,192,380,0,0,0,20〜30%,0,0,290,390,489,0,0,0,20〜30%,0,0,121,402,424,0,0,0,20〜30%,0,0,74,210,277,0,0,1,20〜30%,0,17,131,167,236,0,0,3,20〜30%,0,0,0,152,138,0,0,0,20〜30%,0,0,0,269,150,0,0,0,20〜30%,0,0,0,0,0,118,0,0,20〜30%,0,0,0,977,527,0,0,0,20〜30%,0,1,117,232,201,170,0,0
30〜40%,0,0,0,210,626,0,0,0,30〜40%,0,0,70,341,387,0,0,0,30〜40%,5,0,69,355,411,0,0,0,30〜40%,0,0,391,733,595,0,0,0,30〜40%,0,0,289,380,517,0,0,0,30〜40%,0,0,92,247,402,0,0,4,30〜40%,0,4,188,250,326,0,0,7,30〜40%,0,0,0,351,128,0,0,0,30〜40%,0,0,0,285,278,0,0,0,30〜40%,0,0,0,0,0,102,0,0,30〜40%,0,0,219,795,819,0,0,0,30〜40%,0,0,116,262,593,333,26,0
40〜50%,0,0,0,356,865,433,1,0,40〜50%,12,0,220,443,867,0,0,0,40〜50%,21,0,166,518,870,0,0,0,40〜50%,21,0,235,645,740,34,0,0,40〜50%,15,0,160,562,415,0,0,0,40〜50%,3,0,322,594,283,0,0,7,40〜50%,8,0,246,333,420,0,0,11,40〜50%,8,0,192,551,195,0,0,5,40〜50%,0,0,0,459,407,0,0,0,40〜50%,0,0,0,0,1102,87,0,4,40〜50%,0,0,34,614,1344,0,0,3,40〜50%,0,0,116,292,984,497,10,8
50〜60%,0,0,0,502,905,524,17,15,50〜60%,13,0,370,599,828,378,0,22,50〜60%,24,0,364,437,613,124,0,20,50〜60%,24,0,143,556,496,82,0,23,50〜60%,8,0,83,721,64,0,0,5,50〜60%,16,0,215,864,157,0,0,16,50〜60%,15,0,218,872,67,0,0,15,50〜60%,27,0,152,952,612,0,0,17,50〜60%,0,0,0,1135,573,0,0,0,50〜60%,0,0,0,296,1002,71,0,6,50〜60%,0,0,54,708,406,0,0,3,50〜60%,0,0,115,322,659,381,15,20
60〜70%,42,0,274,609,944,614,54,44,60〜70%,36,0,191,383,788,771,0,44,60〜70%,27,0,112,357,356,0,0,25,60〜70%,5,0,0,625,262,0,0,24,60〜70%,18,0,79,223,0,0,0,14,60〜70%,18,0,0,622,31,0,0,15,60〜70%,21,0,141,726,36,0,0,15,60〜70%,46,0,137,1075,0,0,0,23,60〜70%,0,0,160,1002,0,0,0,52,60〜70%,10,0,0,776,733,126,0,5,60〜70%,15,0,75,401,311,0,0,3,60〜70%,39,0,115,387,516,610,21,1
70〜80%,37,0,0,752,950,520,90,51,70〜80%,13,0,0,478,859,0,0,59,70〜80%,3,0,0,526,314,0,0,2,70〜80%,22,0,0,520,0,0,0,29,70〜80%,29,0,75,0,0,0,0,33,70〜80%,44,0,0,0,0,0,0,62,70〜80%,27,0,0,0,0,0,0,61,70〜80%,65,0,1,0,0,0,0,46,70〜80%,59,0,0,0,0,0,0,36,70〜80%,66,0,0,465,464,180,0,11,70〜80%,43,0,95,260,217,0,0,3,70〜80%,45,0,0,350,359,278,0,78
80〜90%,37,0,0,895,613,331,49,39,80〜90%,38,0,0,470,0,0,0,33,80〜90%,38,0,0,0,0,0,0,20,80〜90%,39,0,0,0,0,0,0,105,80〜90%,40,0,71,0,0,0,0,151,80〜90%,57,0,0,0,0,0,0,149,80〜90%,33,0,0,0,0,0,0,42,80〜90%,33,0,0,0,0,0,0,25,80〜90%,14,0,0,0,0,0,0,20,80〜90%,39,0,114,154,194,234,0,93,80〜90%,25,0,116,119,123,0,0,9,80〜90%,0,0,0,112,184,146,0,53
90〜100%,12,0,0,0,0,0,0,96,90〜100%,19,0,0,0,0,0,0,95,90〜100%,21,0,0,0,0,0,0,80,90〜100%,44,0,0,0,0,0,0,54,90〜100%,69,0,66,0,0,0,0,116,90〜100%,71,0,0,0,0,0,0,128,90〜100%,41,0,0,0,0,90,0,9,90〜100%,26,0,0,0,0,0,0,4,90〜100%,35,0,0,0,0,0,0,4,90〜100%,13,0,0,0,0,0,0,18,90〜100%,7,0,0,0,29,0,0,15,90〜100%,0,0,0,0,10,14,0,28
北陸 2026/4,0〜3時,3〜6時,6〜9時,9〜12時,12〜15時,15〜18時,18〜21時,21〜24時,北陸 2026/5,0〜3時,3〜6時,6〜9時,9〜12時,12〜15時,15〜18時,18〜21時,21〜24時,北陸 2026/6,0〜3時,3〜6時,6〜9時,9〜12時,12〜15時,15〜18時,18〜21時,21〜24時,北陸 2026/7,0〜3時,3〜6時,6〜9時,9〜12時,12〜15時,15〜18時,18〜21時,21〜24時,北陸 2026/8,0〜3時,3〜6時,6〜9時,9〜12時,12〜15時,15〜18時,18〜21時,21〜24時,北陸 2026/9,0〜3時,3〜6時,6〜9時,9〜12時,12〜15時,15〜18時,18〜21時,21〜24時,北陸 2026/10,0〜3時,3〜6時,6〜9時,9〜12時,12〜15時,15〜18時,18〜21時,21〜24時,北陸 2026/11,0〜3時,3〜6時,6〜9時,9〜12時,12〜15時,15〜18時,18〜21時,21〜24時,北陸 2026/12,0〜3時,3〜6時,6〜9時,9〜12時,12〜15時,15〜18時,18〜21時,21〜24時,北陸 2027/1,0〜3時,3〜6時,6〜9時,9〜12時,12〜15時,15〜18時,18〜21時,21〜24時,北陸 2027/2,0〜3時,3〜6時,6〜9時,9〜12時,12〜15時,15〜18時,18〜21時,21〜24時,北陸 2027/3,0〜3時,3〜6時,6〜9時,9〜12時,12〜15時,15〜18時,18〜21時,21〜24時
0〜10%,0,0,0,0,4,0,0,0,0〜10%,0,0,0,0,0,0,0,0,0〜10%,0,0,0,0,0,0,0,0,0〜10%,0,0,0,0,0,0,0,0,0〜10%,0,0,0,0,0,2,0,0,0〜10%,0,0,1,0,0,0,0,0,0〜10%,0,0,0,1,0,0,0,0,0〜10%,0,0,0,1,0,0,0,0,0〜10%,0,0,0,1,0,0,0,0,0〜10%,0,0,0,0,0,0,0,0,0〜10%,0,0,0,0,0,0,0,0,0〜10%,0,0,0,0,0,0,0,0
10〜20%,0,0,0,0,3,0,0,0,10〜20%,0,0,0,0,0,0,0,0,10〜20%,0,0,0,0,0,0,0,0,10〜20%,0,0,0,0,0,0,0,0,10〜20%,0,0,0,0,0,6,1,0,10〜20%,0,7,6,5,6,6,2,0,10〜20%,0,0,0,4,0,0,0,0,10〜20%,0,0,0,0,0,0,0,0,10〜20%,0,0,0,2,0,0,0,0,10〜20%,0,0,0,0,0,0,0,0,10〜20%,0,0,0,0,0,0,0,0,10〜20%,0,1,3,4,2,7,8,0
20〜30%,0,0,0,0,38,12,1,0,20〜30%,0,0,0,0,0,0,0,0,20〜30%,0,0,0,0,0,0,0,0,20〜30%,0,0,0,0,0,0,0,0,20〜30%,0,0,0,8,6,5,4,0,20〜30%,0,6,8,15,11,7,2,0,20〜30%,0,0,8,2,0,0,0,0,20〜30%,0,0,0,0,0,0,0,0,20〜30%,0,0,0,3,0,0,0,0,20〜30%,0,0,0,0,0,0,0,0,20〜30%,0,0,0,0,0,0,0,0,20〜30%,0,5,7,10,12,0,0,0
30〜40%,0,0,0,0,10,6,1,0,30〜40%,0,0,0,0,6,0,0,1,30〜40%,0,0,0,0,0,0,0,0,30〜40%,0,0,0,0,0,0,4,1,30〜40%,0,0,2,3,4,4,5,0,30〜40%,0,5,10,13,10,7,2,0,30〜40%,0,0,16,9,0,0,0,1,30〜40%,0,0,0,0,0,0,0,0,30〜40%,0,0,0,3,0,0,0,0,30〜40%,0,0,0,0,0,0,0,0,30〜40%,0,0,0,0,0,0,0,0,30〜40%,0,2,6,10,0,0,0,0
40〜50%,0,1,2,2,3,3,4,0,40〜50%,0,0,0,0,5,0,0,1,40〜50%,0,0,0,0,0,0,0,2,40〜50%,0,0,0,0,0,0,5,3,40〜50%,0,0,0,3,5,5,5,0,40〜50%,13,1,12,11,9,7,2,0,40〜50%,8,0,6,11,0,0,0,1,40〜50%,0,0,0,0,0,0,0,0,40〜50%,0,0,0,4,0,0,0,4,40〜50%,0,0,0,0,0,0,0,3,40〜50%,0,0,0,0,0,0,0,4,40〜50%,0,0,0,9,0,0,0,0
50〜60%,0,2,3,3,4,5,5,0,50〜60%,0,0,0,0,4,4,5,2,50〜60%,0,0,0,0,46,26,6,1,50〜60%,2,0,0,1,2,4,5,1,50〜60%,0,0,0,0,7,7,6,0,50〜60%,1,1,9,8,7,6,2,4,50〜60%,2,0,1,14,0,0,0,1,50〜60%,0,0,0,0,0,0,0,0,50〜60%,0,0,0,4,0,0,0,4,50〜60%,0,0,0,0,0,0,0,4,50〜60%,0,0,0,0,0,0,0,5,50〜60%,0,0,0,9,0,0,0,0
60〜70%,3,1,2,2,2,2,2,0,60〜70%,1,0,0,0,3,3,3,1,60〜70%,6,0,0,0,0,0,0,3,60〜70%,5,0,0,0,0,0,0,5,60〜70%,0,0,0,0,0,0,0,6,60〜70%,8,2,6,6,6,6,4,6,60〜70%,5,0,10,16,0,0,0,2,60〜70%,4,0,0,0,0,0,0,6,60〜70%,0,0,0,5,0,0,0,5,60〜70%,0,0,0,0,0,0,0,4,60〜70%,0,0,0,0,0,0,0,1,60〜70%,0,0,0,9,0,0,0,0
70〜80%,5,3,3,3,3,3,0,2,70〜80%,6,1,1,2,2,3,2,2,70〜80%,1,0,0,0,0,0,0,3,70〜80%,1,0,0,0,0,0,0,8,70〜80%,1,0,0,0,0,0,0,10,70〜80%,9,2,3,4,5,6,7,10,70〜80%,7,0,10,19,0,0,0,7,70〜80%,3,0,0,0,0,0,0,11,70〜80%,4,0,0,5,0,0,0,2,70〜80%,0,0,0,7,0,0,0,2,70〜80%,0,0,0,0,12,0,0,1,70〜80%,0,0,0,0,0,0,0,0
80〜90%,0,0,0,12,9,7,0,0,80〜90%,2,0,0,0,0,0,2,5,80〜90%,1,0,0,0,0,0,0,6,80〜90%,2,0,0,0,0,0,0,7,80〜90%,1,0,0,0,0,0,0,0,80〜90%,1,0,0,0,0,0,4,0,80〜90%,2,0,0,0,0,0,0,0,80〜90%,1,0,0,0,0,0,0,20,80〜90%,8,0,0,3,0,0,0,8,80〜90%,9,0,0,10,0,0,0,5,80〜90%,9,0,0,0,0,0,0,2,80〜90%,2,0,0,0,0,0,0,0
90〜100%,0,0,0,0,0,0,0,0,90〜100%,0,0,0,0,0,0,0,9,90〜100%,0,0,0,0,0,0,0,10,90〜100%,0,0,0,0,0,0,0,16,90〜100%,0,0,0,0,0,0,0,0,90〜100%,0,0,0,0,0,0,1,0,90〜100%,0,0,0,0,0,0,0,0,90〜100%,0,0,0,0,0,0,0,14,90〜100%,0,0,0,1,4,6,0,11,90〜100%,0,0,6,5,5,4,0,11,90〜100%,0,0,0,0,0,0,0,10,90〜100%,0,0,0,0,0,0,0,0
関西 2026/4,0〜3時,3〜6時,6〜9時,9〜12時,12〜15時,15〜18時,18〜21時,21〜24時,関西 2026/5,0〜3時,3〜6時,6〜9時,9〜12時,12〜15時,15〜18時,18〜21時,21〜24時,関西 2026/6,0〜3時,3〜6時,6〜9時,9〜12時,12〜15時,15〜18時,18〜21時,21〜24時,関西 2026/7,0〜3時,3〜6時,6〜9時,9〜12時,12〜15時,15〜18時,18〜21時,21〜24時,関西 2026/8,0〜3時,3〜6時,6〜9時,9〜12時,12〜15時,15〜18時,18〜21時,21〜24時,関西 2026/9,0〜3時,3〜6時,6〜9時,9〜12時,12〜15時,15〜18時,18〜21時,21〜24時,関西 2026/10,0〜3時,3〜6時,6〜9時,9〜12時,12〜15時,15〜18時,18〜21時,21〜24時,関西 2026/11,0〜3時,3〜6時,6〜9時,9〜12時,12〜15時,15〜18時,18〜21時,21〜24時,関西 2026/12,0〜3時,3〜6時,6〜9時,9〜12時,12〜15時,15〜18時,18〜21時,21〜24時,関西 2027/1,0〜3時,3〜6時,6〜9時,9〜12時,12〜15時,15〜18時,18〜21時,21〜24時,関西 2027/2,0〜3時,3〜6時,6〜9時,9〜12時,12〜15時,15〜18時,18〜21時,21〜24時,関西 2027/3,0〜3時,3〜6時,6〜9時,9〜12時,12〜15時,15〜18時,18〜21時,21〜24時
0〜10%,0,0,0,0,0,0,0,0,0〜10%,0,0,0,0,0,0,0,0,0〜10%,0,0,0,2,89,0,0,0,0〜10%,0,0,0,0,0,0,0,0,0〜10%,0,0,0,0,0,0,2,0,0〜10%,0,0,0,0,0,0,0,0,0〜10%,0,0,0,0,0,0,2,0,0〜10%,0,0,0,0,0,0,0,0,0〜10%,0,0,0,0,0,0,0,0,0〜10%,0,0,0,0,0,0,0,0,0〜10%,0,0,0,0,0,0,0,0,0〜10%,0,0,0,0,0,2,0,0
10〜20%,0,0,0,0,0,0,0,0,10〜20%,0,0,0,0,0,0,0,0,10〜20%,0,0,0,2,60,0,0,0,10〜20%,0,10,30,50,70,0,0,0,10〜20%,0,4,23,42,59,8,13,0,10〜20%,0,0,0,0,0,8,13,0,10〜20%,0,0,0,0,0,2,2,0,10〜20%,0,0,0,0,0,9,0,0,10〜20%,0,0,0,0,0,0,0,0,10〜20%,0,0,0,0,0,0,0,0,10〜20%,0,0,0,0,0,0,0,0,10〜20%,0,0,0,0,0,20,0,2
20〜30%,0,23,0,0,0,0,0,0,20〜30%,0,19,0,0,0,0,0,0,20〜30%,0,16,9,3,23,0,0,0,20〜30%,0,1,27,66,98,15,1,0,20〜30%,0,9,25,200,187,14,10,0,20〜30%,0,0,0,0,0,36,9,0,20〜30%,0,0,0,0,0,13,1,0,20〜30%,0,0,0,0,0,8,0,0,20〜30%,0,0,0,0,71,23,0,0,20〜30%,0,0,0,0,72,0,0,0,20〜30%,0,0,0,0,0,0,0,0,20〜30%,0,0,0,0,8,24,0,3
30〜40%,0,11,119,227,336,0,0,0,30〜40%,0,7,8,9,10,11,0,0,30〜40%,0,6,5,3,2,1,0,3,30〜40%,0,3,9,35,264,65,0,0,30〜40%,0,8,84,358,316,132,0,0,30〜40%,0,0,0,0,0,87,6,0,30〜40%,0,0,0,0,0,24,0,0,30〜40%,0,0,0,0,0,7,0,6,30〜40%,0,0,0,217,354,12,0,0,30〜40%,0,0,0,0,119,24,0,0,30〜40%,0,0,0,0,139,0,0,0,30〜40%,0,0,0,0,274,72,0,4
40〜50%,0,16,101,370,308,0,0,4,40〜50%,0,8,76,271,212,13,0,3,40〜50%,0,2,40,211,156,129,0,2,40〜50%,0,5,63,121,329,33,0,0,40〜50%,7,7,144,240,184,99,0,0,40〜50%,6,0,7,6,5,4,4,0,40〜50%,0,0,0,0,0,62,0,0,40〜50%,0,0,0,0,0,17,0,4,40〜50%,0,0,0,67,94,28,0,0,40〜50%,0,0,0,0,167,37,0,0,40〜50%,0,0,0,0,365,31,0,0,40〜50%,0,0,0,356,391,199,6,6
50〜60%,12,21,63,460,363,112,14,5,50〜60%,0,5,189,454,684,14,0,7,50〜60%,0,3,201,350,387,124,0,8,50〜60%,0,6,155,394,486,135,0,0,50〜60%,4,6,203,281,358,152,0,0,50〜60%,5,0,12,68,64,207,0,0,50〜60%,2,0,0,0,0,245,0,0,50〜60%,2,0,0,113,156,325,0,5,50〜60%,0,0,0,138,145,70,0,0,50〜60%,0,0,0,135,214,50,0,16,50〜60%,0,0,61,331,253,119,0,8,50〜60%,0,0,0,517,568,66,11,4
60〜70%,1,7,39,550,608,88,0,6,60〜70%,2,2,72,638,766,78,5,10,60〜70%,3,20,182,488,589,161,0,14,60〜70%,2,20,22,338,696,378,0,16,60〜70%,2,5,81,429,532,271,0,4,60〜70%,2,0,17,349,458,141,0,0,60〜70%,0,0,0,543,475,190,0,0,60〜70%,3,0,0,525,582,47,0,6,60〜70%,0,0,0,226,46,4,0,5,60〜70%,0,0,0,34,411,291,0,14,60〜70%,0,0,68,229,391,15,0,5,60〜70%,0,12,343,541,772,194,0,0
70〜80%,9,51,94,504,737,50,0,6,70〜80%,9,36,77,533,713,54,0,19,70〜80%,8,17,71,376,485,199,0,19,70〜80%,8,18,142,473,697,491,0,21,70〜80%,2,0,135,577,586,372,0,16,70〜80%,0,0,21,193,415,0,0,15,70〜80%,0,0,21,209,445,219,0,0,70〜80%,0,0,0,297,423,25,0,7,70〜80%,0,0,0,234,62,0,0,20,70〜80%,0,0,15,124,591,245,0,20,70〜80%,0,0,43,250,528,0,0,15,70〜80%,0,0,157,622,977,46,0,0
80〜90%,0,27,145,506,404,137,0,10,80〜90%,4,0,195,428,661,204,0,13,80〜90%,3,0,147,264,382,236,0,17,80〜90%,0,1,121,540,301,301,0,21,80〜90%,0,0,49,370,275,302,0,24,80〜90%,0,0,0,58,275,0,0,20,80〜90%,0,0,0,115,305,0,0,18,80〜90%,0,0,0,69,93,0,0,11,80〜90%,0,0,0,242,0,0,0,9,80〜90%,0,0,0,213,646,4,0,8,80〜90%,0,0,19,470,593,0,0,3,80〜90%,0,0,79,571,432,220,0,0
90〜100%,0,3,59,140,208,326,0,0,90〜100%,5,0,0,0,0,353,0,5,90〜100%,0,0,0,0,0,33,0,9,90〜100%,0,0,0,0,88,0,0,6,90〜100%,0,0,0,0,61,111,0,14,90〜100%,0,0,0,10,59,0,0,15,90〜100%,0,0,0,0,0,0,0,32,90〜100%,0,0,0,0,0,0,0,2,90〜100%,0,0,0,0,0,0,0,3,90〜100%,0,0,0,90,193,0,0,4,90〜100%,0,0,0,326,323,0,0,0,90〜100%,0,0,0,337,329,322,0,0
中国 2026/4,0〜3時,3〜6時,6〜9時,9〜12時,12〜15時,15〜18時,18〜21時,21〜24時,中国 2026/5,0〜3時,3〜6時,6〜9時,9〜12時,12〜15時,15〜18時,18〜21時,21〜24時,中国 2026/6,0〜3時,3〜6時,6〜9時,9〜12時,12〜15時,15〜18時,18〜21時,21〜24時,中国 2026/7,0〜3時,3〜6時,6〜9時,9〜12時,12〜15時,15〜18時,18〜21時,21〜24時,中国 2026/8,0〜3時,3〜6時,6〜9時,9〜12時,12〜15時,15〜18時,18〜21時,21〜24時,中国 2026/9,0〜3時,3〜6時,6〜9時,9〜12時,12〜15時,15〜18時,18〜21時,21〜24時,中国 2026/10,0〜3時,3〜6時,6〜9時,9〜12時,12〜15時,15〜18時,18〜21時,21〜24時,中国 2026/11,0〜3時,3〜6時,6〜9時,9〜12時,12〜15時,15〜18時,18〜21時,21〜24時,中国 2026/12,0〜3時,3〜6時,6〜9時,9〜12時,12〜15時,15〜18時,18〜21時,21〜24時,中国 2027/1,0〜3時,3〜6時,6〜9時,9〜12時,12〜15時,15〜18時,18〜21時,21〜24時,中国 2027/2,0〜3時,3〜6時,6〜9時,9〜12時,12〜15時,15〜18時,18〜21時,21〜24時,中国 2027/3,0〜3時,3〜6時,6〜9時,9〜12時,12〜15時,15〜18時,18〜21時,21〜24時
0〜10%,,,,,,,,,0〜10%,,,,,,,,,0〜10%,,,,,,,,,0〜10%,,,,,,,,,0〜10%,,,,,,,,,0〜10%,,,,,,,,,0〜10%,,,,,,,,,0〜10%,,,,,,,,,0〜10%,,,,,,,,,0〜10%,,,,,,,,,0〜10%,,,,,,,,,0〜10%,,,,,,,,
10〜20%,,,,,,,,,10〜20%,,,,,,,,,10〜20%,,,,,,,,,10〜20%,,,,,,,,,10〜20%,,,,,,,,,10〜20%,,,,,,,,,10〜20%,,,,,,,,,10〜20%,,,,,,,,,10〜20%,,,,,,,,,10〜20%,,,,,,,,,10〜20%,,,,,,,,,10〜20%,,,,,,,,
20〜30%,,,,,,,,,20〜30%,,,,,,,,,20〜30%,,,,,,,,,20〜30%,,,,,,,,,20〜30%,,,,,,,,,20〜30%,,,,,,,,,20〜30%,,,,,,,,,20〜30%,,,,,,,,,20〜30%,,,,,,,,,20〜30%,,,,,,,,,20〜30%,,,,,,,,,20〜30%,,,,,,,,
30〜40%,,,,,,,,,30〜40%,,,,,,,,,30〜40%,,,,,,,,,30〜40%,,,,,,,,,30〜40%,,,,,,,,,30〜40%,,,,,,,,,30〜40%,,,,,,,,,30〜40%,,,,,,,,,30〜40%,,,,,,,,,30〜40%,,,,,,,,,30〜40%,,,,,,,,,30〜40%,,,,,,,,
40〜50%,,,,,,,,,40〜50%,,,,,,,,,40〜50%,,,,,,,,,40〜50%,,,,,,,,,40〜50%,,,,,,,,,40〜50%,,,,,,,,,40〜50%,,,,,,,,,40〜50%,,,,,,,,,40〜50%,,,,,,,,,40〜50%,,,,,,,,,40〜50%,,,,,,,,,40〜50%,,,,,,,,
50〜60%,,,,,,,,,50〜60%,,,,,,,,,50〜60%,,,,,,,,,50〜60%,,,,,,,,,50〜60%,,,,,,,,,50〜60%,,,,,,,,,50〜60%,,,,,,,,,50〜60%,,,,,,,,,50〜60%,,,,,,,,,50〜60%,,,,,,,,,50〜60%,,,,,,,,,50〜60%,,,,,,,,
60〜70%,,,,,,,,,60〜70%,,,,,,,,,60〜70%,,,,,,,,,60〜70%,,,,,,,,,60〜70%,,,,,,,,,60〜70%,,,,,,,,,60〜70%,,,,,,,,,60〜70%,,,,,,,,,60〜70%,,,,,,,,,60〜70%,,,,,,,,,60〜70%,,,,,,,,,60〜70%,,,,,,,,
70〜80%,,,,,,,,,70〜80%,,,,,,,,,70〜80%,,,,,,,,,70〜80%,,,,,,,,,70〜80%,,,,,,,,,70〜80%,,,,,,,,,70〜80%,,,,,,,,,70〜80%,,,,,,,,,70〜80%,,,,,,,,,70〜80%,,,,,,,,,70〜80%,,,,,,,,,70〜80%,,,,,,,,
80〜90%,,,,,,,,,80〜90%,,,,,,,,,80〜90%,,,,,,,,,80〜90%,,,,,,,,,80〜90%,,,,,,,,,80〜90%,,,,,,,,,80〜90%,,,,,,,,,80〜90%,,,,,,,,,80〜90%,,,,,,,,,80〜90%,,,,,,,,,80〜90%,,,,,,,,,80〜90%,,,,,,,,
90〜100%,,,,,,,,,90〜100%,,,,,,,,,90〜100%,,,,,,,,,90〜100%,,,,,,,,,90〜100%,,,,,,,,,90〜100%,,,,,,,,,90〜100%,,,,,,,,,90〜100%,,,,,,,,,90〜100%,,,,,,,,,90〜100%,,,,,,,,,90〜100%,,,,,,,,,90〜100%,,,,,,,,
四国 2026/4,0〜3時,3〜6時,6〜9時,9〜12時,12〜15時,15〜18時,18〜21時,21〜24時,四国 2026/5,0〜3時,3〜6時,6〜9時,9〜12時,12〜15時,15〜18時,18〜21時,21〜24時,四国 2026/6,0〜3時,3〜6時,6〜9時,9〜12時,12〜15時,15〜18時,18〜21時,21〜24時,四国 2026/7,0〜3時,3〜6時,6〜9時,9〜12時,12〜15時,15〜18時,18〜21時,21〜24時,四国 2026/8,0〜3時,3〜6時,6〜9時,9〜12時,12〜15時,15〜18時,18〜21時,21〜24時,四国 2026/9,0〜3時,3〜6時,6〜9時,9〜12時,12〜15時,15〜18時,18〜21時,21〜24時,四国 2026/10,0〜3時,3〜6時,6〜9時,9〜12時,12〜15時,15〜18時,18〜21時,21〜24時,四国 2026/11,0〜3時,3〜6時,6〜9時,9〜12時,12〜15時,15〜18時,18〜21時,21〜24時,四国 2026/12,0〜3時,3〜6時,6〜9時,9〜12時,12〜15時,15〜18時,18〜21時,21〜24時,四国 2027/1,0〜3時,3〜6時,6〜9時,9〜12時,12〜15時,15〜18時,18〜21時,21〜24時,四国 2027/2,0〜3時,3〜6時,6〜9時,9〜12時,12〜15時,15〜18時,18〜21時,21〜24時,四国 2027/3,0〜3時,3〜6時,6〜9時,9〜12時,12〜15時,15〜18時,18〜21時,21〜24時
0〜10%,,,,,,,,,0〜10%,,,,,,,,,0〜10%,,,,,,,,,0〜10%,,,,,,,,,0〜10%,,,,,,,,,0〜10%,,,,,,,,,0〜10%,,,,,,,,,0〜10%,,,,,,,,,0〜10%,,,,,,,,,0〜10%,,,,,,,,,0〜10%,,,,,,,,,0〜10%,,,,,,,,
10〜20%,,,,,,,,,10〜20%,,,,,,,,,10〜20%,,,,,,,,,10〜20%,,,,,,,,,10〜20%,,,,,,,,,10〜20%,,,,,,,,,10〜20%,,,,,,,,,10〜20%,,,,,,,,,10〜20%,,,,,,,,,10〜20%,,,,,,,,,10〜20%,,,,,,,,,10〜20%,,,,,,,,
20〜30%,,,,,,,,,20〜30%,,,,,,,,,20〜30%,,,,,,,,,20〜30%,,,,,,,,,20〜30%,,,,,,,,,20〜30%,,,,,,,,,20〜30%,,,,,,,,,20〜30%,,,,,,,,,20〜30%,,,,,,,,,20〜30%,,,,,,,,,20〜30%,,,,,,,,,20〜30%,,,,,,,,
30〜40%,,,,,,,,,30〜40%,,,,,,,,,30〜40%,,,,,,,,,30〜40%,,,,,,,,,30〜40%,,,,,,,,,30〜40%,,,,,,,,,30〜40%,,,,,,,,,30〜40%,,,,,,,,,30〜40%,,,,,,,,,30〜40%,,,,,,,,,30〜40%,,,,,,,,,30〜40%,,,,,,,,
40〜50%,,,,,,,,,40〜50%,,,,,,,,,40〜50%,,,,,,,,,40〜50%,,,,,,,,,40〜50%,,,,,,,,,40〜50%,,,,,,,,,40〜50%,,,,,,,,,40〜50%,,,,,,,,,40〜50%,,,,,,,,,40〜50%,,,,,,,,,40〜50%,,,,,,,,,40〜50%,,,,,,,,
50〜60%,,,,,,,,,50〜60%,,,,,,,,,50〜60%,,,,,,,,,50〜60%,,,,,,,,,50〜60%,,,,,,,,,50〜60%,,,,,,,,,50〜60%,,,,,,,,,50〜60%,,,,,,,,,50〜60%,,,,,,,,,50〜60%,,,,,,,,,50〜60%,,,,,,,,,50〜60%,,,,,,,,
60〜70%,,,,,,,,,60〜70%,,,,,,,,,60〜70%,,,,,,,,,60〜70%,,,,,,,,,60〜70%,,,,,,,,,60〜70%,,,,,,,,,60〜70%,,,,,,,,,60〜70%,,,,,,,,,60〜70%,,,,,,,,,60〜70%,,,,,,,,,60〜70%,,,,,,,,,60〜70%,,,,,,,,
70〜80%,,,,,,,,,70〜80%,,,,,,,,,70〜80%,,,,,,,,,70〜80%,,,,,,,,,70〜80%,,,,,,,,,70〜80%,,,,,,,,,70〜80%,,,,,,,,,70〜80%,,,,,,,,,70〜80%,,,,,,,,,70〜80%,,,,,,,,,70〜80%,,,,,,,,,70〜80%,,,,,,,,
80〜90%,,,,,,,,,80〜90%,,,,,,,,,80〜90%,,,,,,,,,80〜90%,,,,,,,,,80〜90%,,,,,,,,,80〜90%,,,,,,,,,80〜90%,,,,,,,,,80〜90%,,,,,,,,,80〜90%,,,,,,,,,80〜90%,,,,,,,,,80〜90%,,,,,,,,,80〜90%,,,,,,,,
90〜100%,,,,,,,,,90〜100%,,,,,,,,,90〜100%,,,,,,,,,90〜100%,,,,,,,,,90〜100%,,,,,,,,,90〜100%,,,,,,,,,90〜100%,,,,,,,,,90〜100%,,,,,,,,,90〜100%,,,,,,,,,90〜100%,,,,,,,,,90〜100%,,,,,,,,,90〜100%,,,,,,,,
九州 2026/4,0〜3時,3〜6時,6〜9時,9〜12時,12〜15時,15〜18時,18〜21時,21〜24時,九州 2026/5,0〜3時,3〜6時,6〜9時,9〜12時,12〜15時,15〜18時,18〜21時,21〜24時,九州 2026/6,0〜3時,3〜6時,6〜9時,9〜12時,12〜15時,15〜18時,18〜21時,21〜24時,九州 2026/7,0〜3時,3〜6時,6〜9時,9〜12時,12〜15時,15〜18時,18〜21時,21〜24時,九州 2026/8,0〜3時,3〜6時,6〜9時,9〜12時,12〜15時,15〜18時,18〜21時,21〜24時,九州 2026/9,0〜3時,3〜6時,6〜9時,9〜12時,12〜15時,15〜18時,18〜21時,21〜24時,九州 2026/10,0〜3時,3〜6時,6〜9時,9〜12時,12〜15時,15〜18時,18〜21時,21〜24時,九州 2026/11,0〜3時,3〜6時,6〜9時,9〜12時,12〜15時,15〜18時,18〜21時,21〜24時,九州 2026/12,0〜3時,3〜6時,6〜9時,9〜12時,12〜15時,15〜18時,18〜21時,21〜24時,九州 2027/1,0〜3時,3〜6時,6〜9時,9〜12時,12〜15時,15〜18時,18〜21時,21〜24時,九州 2027/2,0〜3時,3〜6時,6〜9時,9〜12時,12〜15時,15〜18時,18〜21時,21〜24時,九州 2027/3,0〜3時,3〜6時,6〜9時,9〜12時,12〜15時,15〜18時,18〜21時,21〜24時
0〜10%,,,,,,,,,0〜10%,,,,,,,,,0〜10%,,,,,,,,,0〜10%,,,,,,,,,0〜10%,,,,,,,,,0〜10%,,,,,,,,,0〜10%,,,,,,,,,0〜10%,,,,,,,,,0〜10%,,,,,,,,,0〜10%,,,,,,,,,0〜10%,,,,,,,,,0〜10%,,,,,,,,
10〜20%,,,,,,,,,10〜20%,,,,,,,,,10〜20%,,,,,,,,,10〜20%,,,,,,,,,10〜20%,,,,,,,,,10〜20%,,,,,,,,,10〜20%,,,,,,,,,10〜20%,,,,,,,,,10〜20%,,,,,,,,,10〜20%,,,,,,,,,10〜20%,,,,,,,,,10〜20%,,,,,,,,
20〜30%,,,,,,,,,20〜30%,,,,,,,,,20〜30%,,,,,,,,,20〜30%,,,,,,,,,20〜30%,,,,,,,,,20〜30%,,,,,,,,,20〜30%,,,,,,,,,20〜30%,,,,,,,,,20〜30%,,,,,,,,,20〜30%,,,,,,,,,20〜30%,,,,,,,,,20〜30%,,,,,,,,
30〜40%,,,,,,,,,30〜40%,,,,,,,,,30〜40%,,,,,,,,,30〜40%,,,,,,,,,30〜40%,,,,,,,,,30〜40%,,,,,,,,,30〜40%,,,,,,,,,30〜40%,,,,,,,,,30〜40%,,,,,,,,,30〜40%,,,,,,,,,30〜40%,,,,,,,,,30〜40%,,,,,,,,
40〜50%,,,,,,,,,40〜50%,,,,,,,,,40〜50%,,,,,,,,,40〜50%,,,,,,,,,40〜50%,,,,,,,,,40〜50%,,,,,,,,,40〜50%,,,,,,,,,40〜50%,,,,,,,,,40〜50%,,,,,,,,,40〜50%,,,,,,,,,40〜50%,,,,,,,,,40〜50%,,,,,,,,
50〜60%,,,,,,,,,50〜60%,,,,,,,,,50〜60%,,,,,,,,,50〜60%,,,,,,,,,50〜60%,,,,,,,,,50〜60%,,,,,,,,,50〜60%,,,,,,,,,50〜60%,,,,,,,,,50〜60%,,,,,,,,,50〜60%,,,,,,,,,50〜60%,,,,,,,,,50〜60%,,,,,,,,
60〜70%,,,,,,,,,60〜70%,,,,,,,,,60〜70%,,,,,,,,,60〜70%,,,,,,,,,60〜70%,,,,,,,,,60〜70%,,,,,,,,,60〜70%,,,,,,,,,60〜70%,,,,,,,,,60〜70%,,,,,,,,,60〜70%,,,,,,,,,60〜70%,,,,,,,,,60〜70%,,,,,,,,
70〜80%,,,,,,,,,70〜80%,,,,,,,,,70〜80%,,,,,,,,,70〜80%,,,,,,,,,70〜80%,,,,,,,,,70〜80%,,,,,,,,,70〜80%,,,,,,,,,70〜80%,,,,,,,,,70〜80%,,,,,,,,,70〜80%,,,,,,,,,70〜80%,,,,,,,,,70〜80%,,,,,,,,
80〜90%,,,,,,,,,80〜90%,,,,,,,,,80〜90%,,,,,,,,,80〜90%,,,,,,,,,80〜90%,,,,,,,,,80〜90%,,,,,,,,,80〜90%,,,,,,,,,80〜90%,,,,,,,,,80〜90%,,,,,,,,,80〜90%,,,,,,,,,80〜90%,,,,,,,,,80〜90%,,,,,,,,
90〜100%,,,,,,,,,90〜100%,,,,,,,,,90〜100%,,,,,,,,,90〜100%,,,,,,,,,90〜100%,,,,,,,,,90〜100%,,,,,,,,,90〜100%,,,,,,,,,90〜100%,,,,,,,,,90〜100%,,,,,,,,,90〜100%,,,,,,,,,90〜100%,,,,,,,,,90〜100%,,,,,,,,
